EAL argv: monitoring_app -a 00:00.0 -l 1-5 
  inbound SAs per port: 8 (consecutive SPIs)
monitoring_app configuration:
  monitor_devices : 03:00.0,dv_flow_en=2, 03:00.1,dv_flow_en=2
  host_reps       : pf0hpf,dv_flow_en=2, pf1hpf,dv_flow_en=2
  tunnel_udp_port : 4789
  enable_host     : yes
  monitor_dest    : none
  enable_counters : yes
  enable_ipsec_encap : no
  ipsec_decap entries: 2
    [0] spi=0x00002001 salt=0x22334455 iv=0x1234567890abcdef
          src_mac=58:a2:e1:53:19:e6 dst_mac=58:a2:e1:53:19:d6
    [1] spi=0x00002002 salt=0x66778899 iv=0xfedcba0987654321
          src_mac=58:a2:e1:53:19:e7 dst_mac=58:a2:e1:53:19:d7
[07:18:42:431320][753747296][DOCA][INF][device_manager.cpp:100][add_device] Probing monitor DOCA device with PCI address: 03:00.0
[07:18:42:557024][753747296][DOCA][INF][device_manager.cpp:100][add_device] Probing monitor DOCA device with PCI address: 03:00.1
[07:18:42:739708][753747296][DOCA][INF][monitoring_dpdk.cpp:38][monitoring_dpdk_log_devices] DPDK detected 2 available Ethernet ports
[07:18:42:389507][753747296][DOCA][INF][doca_log.cpp:628] DOCA version 3.1.0105
EAL: Detected CPU lcores: 16
EAL: Detected NUMA nodes: 1
EAL: Detected shared linkage of DPDK
EAL: Multi-process socket /var/run/dpdk/rte/mp_socket
EAL: Selected IOVA mode 'VA'
TELEMETRY: No legacy callbacks, legacy socket not created
EAL: Probe PCI driver: mlx5_pci (15b3:a2dc) device: 0000:03:00.0 (socket -1)
EAL: Probe PCI driver: mlx5_pci (15b3:a2dc) device: 0000:03:00.1 (socket -1)
[07:18:42:739742][753747296][DOCA][INF][monitoring_dpdk.cpp:52][monitoring_dpdk_log_devices]   port 0 (0000:03:00.0): driver=mlx5_pci mac=58:A2:E1:53:19:E6
[07:18:42:739748][753747296][DOCA][INF][monitoring_dpdk.cpp:52][monitoring_dpdk_log_devices]   port 1 (0000:03:00.1): driver=mlx5_pci mac=58:A2:E1:53:19:E7
[07:18:42:739756][753747296][DOCA][INF][monitoring_dpdk.cpp:251][MonitoringDpdk] DPDK initialized (ports=2, queues=4)
[07:18:42:739783][753747296][DOCA][INF][monitoring_doca.cpp:191][MonitoringDoca] DOCA init: monitor_port=0,1 host_port=2,3

[07:18:42:741556][753747296][DOCA][INF][monitoring_doca.cpp:494][initialize_flow] DOCA flow initialized (queues=4)
[07:18:43:161640][753747296][DOCA][INF][monitoring_doca.cpp:520][start_port] DOCA port started (port=0)
[07:18:43:590802][753747296][DOCA][INF][monitoring_doca.cpp:520][start_port] DOCA port started (port=1)
[07:18:43:591463][753747296][DOCA][INF][monitoring_doca.cpp:544][start_port_rep] DOCA port started (port=2)
[07:18:43:592040][753747296][DOCA][INF][monitoring_doca.cpp:544][start_port_rep] DOCA port started (port=3)
[07:18:43:594031][753747296][DOCA][INF][monitoring_doca.cpp:834][setup_ipsec_sa_decap] IPsec decap SA configured (id=5, port_pair=0)
[07:18:43:594143][753747296][DOCA][INF][monitoring_doca.cpp:834][setup_ipsec_sa_decap] IPsec decap SA configured (id=6, port_pair=0)
[07:18:43:594249][753747296][DOCA][INF][monitoring_doca.cpp:834][setup_ipsec_sa_decap] IPsec decap SA configured (id=7, port_pair=0)
[07:18:42:739814][753747296][DOCA][WRN][engine_model.c:88] adapting queue depth to 128.
[07:18:43:594352][753747296][DOCA][INF][monitoring_doca.cpp:834][setup_ipsec_sa_decap] IPsec decap SA configured (id=8, port_pair=0)
[07:18:43:594457][753747296][DOCA][INF][monitoring_doca.cpp:834][setup_ipsec_sa_decap] IPsec decap SA configured (id=9, port_pair=0)
[07:18:43:594562][753747296][DOCA][INF][monitoring_doca.cpp:834][setup_ipsec_sa_decap] IPsec decap SA configured (id=10, port_pair=0)
[07:18:43:594669][753747296][DOCA][INF][monitoring_doca.cpp:834][setup_ipsec_sa_decap] IPsec decap SA configured (id=11, port_pair=0)
[07:18:43:594775][753747296][DOCA][INF][monitoring_doca.cpp:834][setup_ipsec_sa_decap] IPsec decap SA configured (id=12, port_pair=0)
[07:18:43:602224][753747296][DOCA][INF][monitoring_doca.cpp:887][create_drop_pipe] pipeline drop pipe created
[07:18:43:609459][753747296][DOCA][INF][monitoring_doca.cpp:944][create_to_host_pipe] pipeline to_host pipe created
[07:18:43:647650][753747296][DOCA][INF][monitoring_doca.cpp:1135][create_host_decap_pipe] authenticated ESP to DPDK: port=1 worker pipes=4
[07:18:43:651414][753747296][DOCA][INF][monitoring_doca.cpp:1043][create_host_decrypt_pipe] decrypt SPI base=0x00002001 flows=8 RSS queues=4
[07:18:43:674226][753747296][DOCA][INF][monitoring_doca.cpp:570][create_control_pipe] pipeline control pipe created
[07:18:43:675879][753747296][DOCA][INF][monitoring_doca.cpp:1202][install_default_drop] pipeline default drop entry installed
[07:18:43:679068][753747296][DOCA][INF][monitoring_doca.cpp:1240][add_arp_rules] ARP passthrough uplink=0 host=2
[07:18:43:680646][753747296][DOCA][INF][monitoring_doca.cpp:1286][add_monitor_rule] pipeline monitor rule installed (ESP protocol)
[07:18:43:682684][753747296][DOCA][INF][monitoring_doca.cpp:834][setup_ipsec_sa_decap] IPsec decap SA configured (id=13, port_pair=1)
[07:18:43:682796][753747296][DOCA][INF][monitoring_doca.cpp:834][setup_ipsec_sa_decap] IPsec decap SA configured (id=14, port_pair=1)
[07:18:43:682903][753747296][DOCA][INF][monitoring_doca.cpp:834][setup_ipsec_sa_decap] IPsec decap SA configured (id=15, port_pair=1)
[07:18:43:683008][753747296][DOCA][INF][monitoring_doca.cpp:834][setup_ipsec_sa_decap] IPsec decap SA configured (id=16, port_pair=1)
[07:18:43:683116][753747296][DOCA][INF][monitoring_doca.cpp:834][setup_ipsec_sa_decap] IPsec decap SA configured (id=17, port_pair=1)
[07:18:43:683219][753747296][DOCA][INF][monitoring_doca.cpp:834][setup_ipsec_sa_decap] IPsec decap SA configured (id=18, port_pair=1)
[07:18:43:683323][753747296][DOCA][INF][monitoring_doca.cpp:834][setup_ipsec_sa_decap] IPsec decap SA configured (id=19, port_pair=1)
[07:18:43:683428][753747296][DOCA][INF][monitoring_doca.cpp:834][setup_ipsec_sa_decap] IPsec decap SA configured (id=20, port_pair=1)
[07:18:43:690828][753747296][DOCA][INF][monitoring_doca.cpp:887][create_drop_pipe] pipeline drop pipe created
[07:18:43:698044][753747296][DOCA][INF][monitoring_doca.cpp:944][create_to_host_pipe] pipeline to_host pipe created
[07:18:43:736415][753747296][DOCA][INF][monitoring_doca.cpp:1135][create_host_decap_pipe] authenticated ESP to DPDK: port=2 worker pipes=4
[07:18:43:740114][753747296][DOCA][INF][monitoring_doca.cpp:1043][create_host_decrypt_pipe] decrypt SPI base=0x00002002 flows=8 RSS queues=4
[07:18:43:763767][753747296][DOCA][INF][monitoring_doca.cpp:570][create_control_pipe] pipeline control pipe created
[07:18:43:765434][753747296][DOCA][INF][monitoring_doca.cpp:1202][install_default_drop] pipeline default drop entry installed
[07:18:43:768734][753747296][DOCA][INF][monitoring_doca.cpp:1240][add_arp_rules] ARP passthrough uplink=1 host=3
[07:18:43:770300][753747296][DOCA][INF][monitoring_doca.cpp:1286][add_monitor_rule] pipeline monitor rule installed (ESP protocol)
[07:18:43:779943][753747296][DOCA][INF][monitoring_doca.cpp:1175][create_software_egress_pipe] software egress root monitor=0 host=2 switch=0xc9fa546bc400
[07:18:43:789591][753747296][DOCA][INF][monitoring_doca.cpp:1175][create_software_egress_pipe] software egress root monitor=1 host=3 switch=0xc9fa5526df70
[07:18:43:789620][753747296][DOCA][INF][monitoring_doca.cpp:1494][build_pipeline] pipeline build complete (ports=2, queues=4, host_branch=on, monitor_dest_type=1)
[07:18:43:789890][753747296][DOCA][INF][monitoring_dpdk.cpp:321][start_workers] launched 4 DPDK workers
[07:18:43:789906][753747296][DOCA][INF][monitoring_main.cpp:156][main] monitoring_app initialized

=== monitoring snapshot ===
Worker statistics:
  lcore=2 queue=0 rate=0.00 pkt/s 0.00 MB/s
  lcore=3 queue=1 rate=0.00 pkt/s 0.00 MB/s
  lcore=4 queue=2 rate=0.00 pkt/s 0.00 MB/s
  lcore=5 queue=3 rate=0.00 pkt/s 0.00 MB/s

Port 0 statistics:
  RX rate: 0.00 pkt/s 0.00 MB/s (missed=0 errors=0 no_mbuf=0)
  RX queue  0: rate=0.00 pkt/s 0.00 MB/s (errors=0)
  RX queue  1: rate=0.00 pkt/s 0.00 MB/s (errors=0)
  RX queue  2: rate=0.00 pkt/s 0.00 MB/s (errors=0)
  RX queue  3: rate=0.00 pkt/s 0.00 MB/s (errors=0)

Port 1 statistics:
  RX rate: 0.00 pkt/s 0.00 MB/s (missed=0 errors=0 no_mbuf=0)
  RX queue  0: rate=0.00 pkt/s 0.00 MB/s (errors=0)
  RX queue  1: rate=0.00 pkt/s 0.00 MB/s (errors=0)
  RX queue  2: rate=0.00 pkt/s 0.00 MB/s (errors=0)
  RX queue  3: rate=0.00 pkt/s 0.00 MB/s (errors=0)
DOCA software EGRESS host=2 packets=0 bytes=0
DOCA software EGRESS host=3 packets=0 bytes=0
DOCA ARP port=0 to_host=0 to_uplink=0
DOCA ARP port=1 to_host=0 to_uplink=0
DOCA To-Host pipe: 0.00 pkt/s 0.00 MB/s
DOCA To-Host pipe: 0.00 pkt/s 0.00 MB/s
DOCA Host decrypt pipe: 0.00 pkt/s 0.00 MB/s
DOCA Host decrypt pipe: 0.00 pkt/s 0.00 MB/s
DOCA Host decrypt pipe: 0.00 pkt/s 0.00 MB/s
DOCA Host decrypt pipe: 0.00 pkt/s 0.00 MB/s
DOCA Host decrypt pipe: 0.00 pkt/s 0.00 MB/s
DOCA Host decrypt pipe: 0.00 pkt/s 0.00 MB/s
DOCA Host decrypt pipe: 0.00 pkt/s 0.00 MB/s
DOCA Host decrypt pipe: 0.00 pkt/s 0.00 MB/s
DOCA Host decrypt pipe: 0.00 pkt/s 0.00 MB/s
DOCA Host decrypt pipe: 0.00 pkt/s 0.00 MB/s
DOCA Host decrypt pipe: 0.00 pkt/s 0.00 MB/s
DOCA Host decrypt pipe: 0.00 pkt/s 0.00 MB/s
DOCA Host decrypt pipe: 0.00 pkt/s 0.00 MB/s
DOCA Host decrypt pipe: 0.00 pkt/s 0.00 MB/s
DOCA Host decrypt pipe: 0.00 pkt/s 0.00 MB/s
DOCA Host decrypt pipe: 0.00 pkt/s 0.00 MB/s
DOCA Authenticated ESP RSS pipe: 0.00 pkt/s 0.00 MB/s
DOCA Authenticated ESP RSS pipe: 0.00 pkt/s 0.00 MB/s
DOCA Authenticated ESP RSS pipe: 0.00 pkt/s 0.00 MB/s
DOCA Authenticated ESP RSS pipe: 0.00 pkt/s 0.00 MB/s
DOCA Authenticated ESP RSS pipe: 0.00 pkt/s 0.00 MB/s
DOCA Authenticated ESP RSS pipe: 0.00 pkt/s 0.00 MB/s
DOCA Authenticated ESP RSS pipe: 0.00 pkt/s 0.00 MB/s
DOCA Authenticated ESP RSS pipe: 0.00 pkt/s 0.00 MB/s
DOCA Drop pipe: 0.00 pkt/s 0.00 MB/s
DOCA Drop pipe: 0.00 pkt/s 0.00 MB/s

=== monitoring snapshot ===
Worker statistics:
  lcore=2 queue=0 rate=0.00 pkt/s 0.00 MB/s
  lcore=3 queue=1 rate=0.00 pkt/s 0.00 MB/s
  lcore=4 queue=2 rate=0.00 pkt/s 0.00 MB/s
  lcore=5 queue=3 rate=0.00 pkt/s 0.00 MB/s

Port 0 statistics:
  RX rate: 0.00 pkt/s 0.00 MB/s (missed=0 errors=0 no_mbuf=0)
  RX queue  0: rate=0.00 pkt/s 0.00 MB/s (errors=0)
  RX queue  1: rate=0.00 pkt/s 0.00 MB/s (errors=0)
  RX queue  2: rate=0.00 pkt/s 0.00 MB/s (errors=0)
  RX queue  3: rate=0.00 pkt/s 0.00 MB/s (errors=0)

Port 1 statistics:
  RX rate: 0.00 pkt/s 0.00 MB/s (missed=0 errors=0 no_mbuf=0)
  RX queue  0: rate=0.00 pkt/s 0.00 MB/s (errors=0)
  RX queue  1: rate=0.00 pkt/s 0.00 MB/s (errors=0)
  RX queue  2: rate=0.00 pkt/s 0.00 MB/s (errors=0)
  RX queue  3: rate=0.00 pkt/s 0.00 MB/s (errors=0)
DOCA software EGRESS host=2 packets=0 bytes=0
DOCA software EGRESS host=3 packets=0 bytes=0
DOCA ARP port=0 to_host=0 to_uplink=0
DOCA ARP port=1 to_host=0 to_uplink=0
DOCA To-Host pipe: 0.00 pkt/s 0.00 MB/s
DOCA To-Host pipe: 0.00 pkt/s 0.00 MB/s
DOCA Host decrypt pipe: 0.00 pkt/s 0.00 MB/s
DOCA Host decrypt pipe: 0.00 pkt/s 0.00 MB/s
DOCA Host decrypt pipe: 0.00 pkt/s 0.00 MB/s
DOCA Host decrypt pipe: 0.00 pkt/s 0.00 MB/s
DOCA Host decrypt pipe: 0.00 pkt/s 0.00 MB/s
DOCA Host decrypt pipe: 0.00 pkt/s 0.00 MB/s
DOCA Host decrypt pipe: 0.00 pkt/s 0.00 MB/s
DOCA Host decrypt pipe: 0.00 pkt/s 0.00 MB/s
DOCA Host decrypt pipe: 0.00 pkt/s 0.00 MB/s
DOCA Host decrypt pipe: 0.00 pkt/s 0.00 MB/s
DOCA Host decrypt pipe: 0.00 pkt/s 0.00 MB/s
DOCA Host decrypt pipe: 0.00 pkt/s 0.00 MB/s
DOCA Host decrypt pipe: 0.00 pkt/s 0.00 MB/s
DOCA Host decrypt pipe: 0.00 pkt/s 0.00 MB/s
DOCA Host decrypt pipe: 0.00 pkt/s 0.00 MB/s
DOCA Host decrypt pipe: 0.00 pkt/s 0.00 MB/s
DOCA Authenticated ESP RSS pipe: 0.00 pkt/s 0.00 MB/s
DOCA Authenticated ESP RSS pipe: 0.00 pkt/s 0.00 MB/s
DOCA Authenticated ESP RSS pipe: 0.00 pkt/s 0.00 MB/s
DOCA Authenticated ESP RSS pipe: 0.00 pkt/s 0.00 MB/s
DOCA Authenticated ESP RSS pipe: 0.00 pkt/s 0.00 MB/s
DOCA Authenticated ESP RSS pipe: 0.00 pkt/s 0.00 MB/s
DOCA Authenticated ESP RSS pipe: 0.00 pkt/s 0.00 MB/s
DOCA Authenticated ESP RSS pipe: 0.00 pkt/s 0.00 MB/s
DOCA Drop pipe: 0.00 pkt/s 0.00 MB/s
DOCA Drop pipe: 0.00 pkt/s 0.00 MB/s

=== monitoring snapshot ===
Worker statistics:
  lcore=2 queue=0 rate=0.00 pkt/s 0.00 MB/s
  lcore=3 queue=1 rate=0.00 pkt/s 0.00 MB/s
  lcore=4 queue=2 rate=0.00 pkt/s 0.00 MB/s
  lcore=5 queue=3 rate=0.00 pkt/s 0.00 MB/s

Port 0 statistics:
  RX rate: 0.00 pkt/s 0.00 MB/s (missed=0 errors=0 no_mbuf=0)
  RX queue  0: rate=0.00 pkt/s 0.00 MB/s (errors=0)
  RX queue  1: rate=0.00 pkt/s 0.00 MB/s (errors=0)
  RX queue  2: rate=0.00 pkt/s 0.00 MB/s (errors=0)
  RX queue  3: rate=0.00 pkt/s 0.00 MB/s (errors=0)

Port 1 statistics:
  RX rate: 0.00 pkt/s 0.00 MB/s (missed=0 errors=0 no_mbuf=0)
  RX queue  0: rate=0.00 pkt/s 0.00 MB/s (errors=0)
  RX queue  1: rate=0.00 pkt/s 0.00 MB/s (errors=0)
  RX queue  2: rate=0.00 pkt/s 0.00 MB/s (errors=0)
  RX queue  3: rate=0.00 pkt/s 0.00 MB/s (errors=0)
DOCA software EGRESS host=2 packets=0 bytes=0
DOCA software EGRESS host=3 packets=0 bytes=0
DOCA ARP port=0 to_host=0 to_uplink=0
DOCA ARP port=1 to_host=0 to_uplink=0
DOCA To-Host pipe: 0.00 pkt/s 0.00 MB/s
DOCA To-Host pipe: 0.00 pkt/s 0.00 MB/s
DOCA Host decrypt pipe: 0.00 pkt/s 0.00 MB/s
DOCA Host decrypt pipe: 0.00 pkt/s 0.00 MB/s
DOCA Host decrypt pipe: 0.00 pkt/s 0.00 MB/s
DOCA Host decrypt pipe: 0.00 pkt/s 0.00 MB/s
DOCA Host decrypt pipe: 0.00 pkt/s 0.00 MB/s
DOCA Host decrypt pipe: 0.00 pkt/s 0.00 MB/s
DOCA Host decrypt pipe: 0.00 pkt/s 0.00 MB/s
DOCA Host decrypt pipe: 0.00 pkt/s 0.00 MB/s
DOCA Host decrypt pipe: 0.00 pkt/s 0.00 MB/s
DOCA Host decrypt pipe: 0.00 pkt/s 0.00 MB/s
DOCA Host decrypt pipe: 0.00 pkt/s 0.00 MB/s
DOCA Host decrypt pipe: 0.00 pkt/s 0.00 MB/s
DOCA Host decrypt pipe: 0.00 pkt/s 0.00 MB/s
DOCA Host decrypt pipe: 0.00 pkt/s 0.00 MB/s
DOCA Host decrypt pipe: 0.00 pkt/s 0.00 MB/s
DOCA Host decrypt pipe: 0.00 pkt/s 0.00 MB/s
DOCA Authenticated ESP RSS pipe: 0.00 pkt/s 0.00 MB/s
DOCA Authenticated ESP RSS pipe: 0.00 pkt/s 0.00 MB/s
DOCA Authenticated ESP RSS pipe: 0.00 pkt/s 0.00 MB/s
DOCA Authenticated ESP RSS pipe: 0.00 pkt/s 0.00 MB/s
DOCA Authenticated ESP RSS pipe: 0.00 pkt/s 0.00 MB/s
DOCA Authenticated ESP RSS pipe: 0.00 pkt/s 0.00 MB/s
DOCA Authenticated ESP RSS pipe: 0.00 pkt/s 0.00 MB/s
DOCA Authenticated ESP RSS pipe: 0.00 pkt/s 0.00 MB/s
DOCA Drop pipe: 0.00 pkt/s 0.00 MB/s
DOCA Drop pipe: 0.00 pkt/s 0.00 MB/s

=== monitoring snapshot ===
Worker statistics:
  lcore=2 queue=0 rate=0.00 pkt/s 0.00 MB/s
  lcore=3 queue=1 rate=0.00 pkt/s 0.00 MB/s
  lcore=4 queue=2 rate=0.00 pkt/s 0.00 MB/s
  lcore=5 queue=3 rate=0.00 pkt/s 0.00 MB/s

Port 0 statistics:
  RX rate: 0.00 pkt/s 0.00 MB/s (missed=0 errors=0 no_mbuf=0)
  RX queue  0: rate=0.00 pkt/s 0.00 MB/s (errors=0)
  RX queue  1: rate=0.00 pkt/s 0.00 MB/s (errors=0)
  RX queue  2: rate=0.00 pkt/s 0.00 MB/s (errors=0)
  RX queue  3: rate=0.00 pkt/s 0.00 MB/s (errors=0)

Port 1 statistics:
  RX rate: 0.00 pkt/s 0.00 MB/s (missed=0 errors=0 no_mbuf=0)
  RX queue  0: rate=0.00 pkt/s 0.00 MB/s (errors=0)
  RX queue  1: rate=0.00 pkt/s 0.00 MB/s (errors=0)
  RX queue  2: rate=0.00 pkt/s 0.00 MB/s (errors=0)
  RX queue  3: rate=0.00 pkt/s 0.00 MB/s (errors=0)
DOCA software EGRESS host=2 packets=0 bytes=0
DOCA software EGRESS host=3 packets=0 bytes=0
DOCA ARP port=0 to_host=0 to_uplink=0
DOCA ARP port=1 to_host=0 to_uplink=0
DOCA To-Host pipe: 0.00 pkt/s 0.00 MB/s
DOCA To-Host pipe: 0.00 pkt/s 0.00 MB/s
DOCA Host decrypt pipe: 0.00 pkt/s 0.00 MB/s
DOCA Host decrypt pipe: 0.00 pkt/s 0.00 MB/s
DOCA Host decrypt pipe: 0.00 pkt/s 0.00 MB/s
DOCA Host decrypt pipe: 0.00 pkt/s 0.00 MB/s
DOCA Host decrypt pipe: 0.00 pkt/s 0.00 MB/s
DOCA Host decrypt pipe: 0.00 pkt/s 0.00 MB/s
DOCA Host decrypt pipe: 0.00 pkt/s 0.00 MB/s
DOCA Host decrypt pipe: 0.00 pkt/s 0.00 MB/s
DOCA Host decrypt pipe: 0.00 pkt/s 0.00 MB/s
DOCA Host decrypt pipe: 0.00 pkt/s 0.00 MB/s
DOCA Host decrypt pipe: 0.00 pkt/s 0.00 MB/s
DOCA Host decrypt pipe: 0.00 pkt/s 0.00 MB/s
DOCA Host decrypt pipe: 0.00 pkt/s 0.00 MB/s
DOCA Host decrypt pipe: 0.00 pkt/s 0.00 MB/s
DOCA Host decrypt pipe: 0.00 pkt/s 0.00 MB/s
DOCA Host decrypt pipe: 0.00 pkt/s 0.00 MB/s
DOCA Authenticated ESP RSS pipe: 0.00 pkt/s 0.00 MB/s
DOCA Authenticated ESP RSS pipe: 0.00 pkt/s 0.00 MB/s
DOCA Authenticated ESP RSS pipe: 0.00 pkt/s 0.00 MB/s
DOCA Authenticated ESP RSS pipe: 0.00 pkt/s 0.00 MB/s
DOCA Authenticated ESP RSS pipe: 0.00 pkt/s 0.00 MB/s
DOCA Authenticated ESP RSS pipe: 0.00 pkt/s 0.00 MB/s
DOCA Authenticated ESP RSS pipe: 0.00 pkt/s 0.00 MB/s
DOCA Authenticated ESP RSS pipe: 0.00 pkt/s 0.00 MB/s
DOCA Drop pipe: 0.00 pkt/s 0.00 MB/s
DOCA Drop pipe: 0.00 pkt/s 0.00 MB/s

=== monitoring snapshot ===
Worker statistics:
  lcore=2 queue=0 rate=1403877.93 pkt/s 2021.65 MB/s
  lcore=3 queue=1 rate=1349979.73 pkt/s 1944.04 MB/s
  lcore=4 queue=2 rate=1398916.40 pkt/s 2014.51 MB/s
  lcore=5 queue=3 rate=1381451.09 pkt/s 1989.36 MB/s

Port 0 statistics:
  RX rate: 2769861.53 pkt/s 3988.06 MB/s (missed=2279 errors=0 no_mbuf=0)
  RX queue  0: rate=699800.11 pkt/s 1007.44 MB/s (errors=0)
  RX queue  1: rate=674363.19 pkt/s 970.75 MB/s (errors=0)
  RX queue  2: rate=709715.01 pkt/s 1022.02 MB/s (errors=0)
  RX queue  3: rate=685983.22 pkt/s 987.85 MB/s (errors=0)

Port 1 statistics:
  RX rate: 2766347.68 pkt/s 3981.92 MB/s (missed=2368 errors=0 no_mbuf=0)
  RX queue  0: rate=704635.73 pkt/s 1014.40 MB/s (errors=0)
  RX queue  1: rate=676107.45 pkt/s 972.86 MB/s (errors=0)
  RX queue  2: rate=689667.98 pkt/s 992.83 MB/s (errors=0)
  RX queue  3: rate=695936.52 pkt/s 1001.83 MB/s (errors=0)
DOCA software EGRESS host=2 packets=0 bytes=0
DOCA software EGRESS host=3 packets=0 bytes=0
DOCA ARP port=0 to_host=0 to_uplink=0
DOCA ARP port=1 to_host=0 to_uplink=0
DOCA To-Host pipe: 0.00 pkt/s 0.00 MB/s
DOCA To-Host pipe: 0.00 pkt/s 0.00 MB/s
DOCA Host decrypt pipe: 0.00 pkt/s 0.00 MB/s
DOCA Host decrypt pipe: 0.00 pkt/s 0.00 MB/s
DOCA Host decrypt pipe: 0.00 pkt/s 0.00 MB/s
DOCA Host decrypt pipe: 0.00 pkt/s 0.00 MB/s
DOCA Host decrypt pipe: 0.00 pkt/s 0.00 MB/s
DOCA Host decrypt pipe: 0.00 pkt/s 0.00 MB/s
DOCA Host decrypt pipe: 0.00 pkt/s 0.00 MB/s
DOCA Host decrypt pipe: 0.00 pkt/s 0.00 MB/s
DOCA Host decrypt pipe: 0.00 pkt/s 0.00 MB/s
DOCA Host decrypt pipe: 0.00 pkt/s 0.00 MB/s
DOCA Host decrypt pipe: 0.00 pkt/s 0.00 MB/s
DOCA Host decrypt pipe: 0.00 pkt/s 0.00 MB/s
DOCA Host decrypt pipe: 0.00 pkt/s 0.00 MB/s
DOCA Host decrypt pipe: 0.00 pkt/s 0.00 MB/s
DOCA Host decrypt pipe: 0.00 pkt/s 0.00 MB/s
DOCA Host decrypt pipe: 0.00 pkt/s 0.00 MB/s
DOCA Authenticated ESP RSS pipe: 0.00 pkt/s 0.00 MB/s
DOCA Authenticated ESP RSS pipe: 0.00 pkt/s 0.00 MB/s
DOCA Authenticated ESP RSS pipe: 0.00 pkt/s 0.00 MB/s
DOCA Authenticated ESP RSS pipe: 0.00 pkt/s 0.00 MB/s
DOCA Authenticated ESP RSS pipe: 0.00 pkt/s 0.00 MB/s
DOCA Authenticated ESP RSS pipe: 0.00 pkt/s 0.00 MB/s
DOCA Authenticated ESP RSS pipe: 0.00 pkt/s 0.00 MB/s
DOCA Authenticated ESP RSS pipe: 0.00 pkt/s 0.00 MB/s
DOCA Drop pipe: 0.00 pkt/s 0.00 MB/s
DOCA Drop pipe: 0.00 pkt/s 0.00 MB/s

=== monitoring snapshot ===
Worker statistics:
  lcore=2 queue=0 rate=4396898.61 pkt/s 6331.75 MB/s
  lcore=3 queue=1 rate=4362050.63 pkt/s 6281.56 MB/s
  lcore=4 queue=2 rate=4417137.99 pkt/s 6360.89 MB/s
  lcore=5 queue=3 rate=4418847.01 pkt/s 6363.35 MB/s

Port 0 statistics:
  RX rate: 8789355.10 pkt/s 12647.08 MB/s (missed=36883 errors=0 no_mbuf=0)
  RX queue  0: rate=2191960.11 pkt/s 3155.89 MB/s (errors=0)
  RX queue  1: rate=2180552.64 pkt/s 3131.69 MB/s (errors=0)
  RX queue  2: rate=2207484.21 pkt/s 3177.92 MB/s (errors=0)
  RX queue  3: rate=2209358.14 pkt/s 3181.58 MB/s (errors=0)

Port 1 statistics:
  RX rate: 8805690.27 pkt/s 12667.11 MB/s (missed=37096 errors=0 no_mbuf=0)
  RX queue  0: rate=2204970.08 pkt/s 3174.50 MB/s (errors=0)
  RX queue  1: rate=2181503.24 pkt/s 3131.48 MB/s (errors=0)
  RX queue  2: rate=2209704.42 pkt/s 3180.09 MB/s (errors=0)
  RX queue  3: rate=2209512.53 pkt/s 3181.03 MB/s (errors=0)
DOCA software EGRESS host=2 packets=3368559 bytes=4904621904
DOCA software EGRESS host=3 packets=7082414 bytes=10311994784
DOCA ARP port=0 to_host=0 to_uplink=0
DOCA ARP port=1 to_host=0 to_uplink=0
DOCA To-Host pipe: 0.00 pkt/s 0.00 MB/s
DOCA To-Host pipe: 0.00 pkt/s 0.00 MB/s
DOCA Host decrypt pipe: 440134.17 pkt/s 633.81 MB/s
DOCA Host decrypt pipe: 420497.32 pkt/s 605.54 MB/s
DOCA Host decrypt pipe: 411798.26 pkt/s 593.01 MB/s
DOCA Host decrypt pipe: 423183.79 pkt/s 609.41 MB/s
DOCA Host decrypt pipe: 407960.43 pkt/s 587.48 MB/s
DOCA Host decrypt pipe: 405785.67 pkt/s 584.35 MB/s
DOCA Host decrypt pipe: 447609.93 pkt/s 644.58 MB/s
DOCA Host decrypt pipe: 412373.93 pkt/s 593.84 MB/s
DOCA Host decrypt pipe: 910011.46 pkt/s 1310.46 MB/s
DOCA Host decrypt pipe: 883338.60 pkt/s 1272.05 MB/s
DOCA Host decrypt pipe: 893601.77 pkt/s 1286.83 MB/s
DOCA Host decrypt pipe: 892805.23 pkt/s 1285.68 MB/s
DOCA Host decrypt pipe: 878221.50 pkt/s 1264.68 MB/s
DOCA Host decrypt pipe: 882379.14 pkt/s 1270.67 MB/s
DOCA Host decrypt pipe: 883722.38 pkt/s 1272.60 MB/s
DOCA Host decrypt pipe: 888775.51 pkt/s 1279.88 MB/s
DOCA Authenticated ESP RSS pipe: 848094.61 pkt/s 1221.30 MB/s
DOCA Authenticated ESP RSS pipe: 826282.99 pkt/s 1189.89 MB/s
DOCA Authenticated ESP RSS pipe: 859405.19 pkt/s 1237.58 MB/s
DOCA Authenticated ESP RSS pipe: 835557.72 pkt/s 1203.24 MB/s
DOCA Authenticated ESP RSS pipe: 1788232.96 pkt/s 2575.14 MB/s
DOCA Authenticated ESP RSS pipe: 1765717.75 pkt/s 2542.72 MB/s
DOCA Authenticated ESP RSS pipe: 1777322.16 pkt/s 2559.43 MB/s
DOCA Authenticated ESP RSS pipe: 1781580.74 pkt/s 2565.56 MB/s
DOCA Drop pipe: 0.00 pkt/s 0.00 MB/s
DOCA Drop pipe: 0.00 pkt/s 0.00 MB/s

=== monitoring snapshot ===
Worker statistics:
  lcore=2 queue=0 rate=4397122.48 pkt/s 6332.07 MB/s
  lcore=3 queue=1 rate=4423001.45 pkt/s 6369.34 MB/s
  lcore=4 queue=2 rate=4409122.51 pkt/s 6349.35 MB/s
  lcore=5 queue=3 rate=4414085.63 pkt/s 6356.50 MB/s

Port 0 statistics:
  RX rate: 8813848.68 pkt/s 12689.76 MB/s (missed=46339 errors=0 no_mbuf=0)
  RX queue  0: rate=2192103.05 pkt/s 3156.00 MB/s (errors=0)
  RX queue  1: rate=2210993.02 pkt/s 3183.94 MB/s (errors=0)
  RX queue  2: rate=2203605.34 pkt/s 3171.78 MB/s (errors=0)
  RX queue  3: rate=2207147.27 pkt/s 3178.05 MB/s (errors=0)

Port 1 statistics:
  RX rate: 8829526.02 pkt/s 12706.93 MB/s (missed=46719 errors=0 no_mbuf=0)
  RX queue  0: rate=2205027.97 pkt/s 3174.44 MB/s (errors=0)
  RX queue  1: rate=2212108.30 pkt/s 3184.18 MB/s (errors=0)
  RX queue  2: rate=2205452.57 pkt/s 3171.75 MB/s (errors=0)
  RX queue  3: rate=2206937.17 pkt/s 3176.57 MB/s (errors=0)
DOCA software EGRESS host=2 packets=12158879 bytes=17703327824
DOCA software EGRESS host=3 packets=15911190 bytes=23166692640
DOCA ARP port=0 to_host=0 to_uplink=0
DOCA ARP port=1 to_host=0 to_uplink=0
DOCA To-Host pipe: 0.00 pkt/s 0.00 MB/s
DOCA To-Host pipe: 0.00 pkt/s 0.00 MB/s
DOCA Host decrypt pipe: 1086752.77 pkt/s 1564.98 MB/s
DOCA Host decrypt pipe: 1105032.56 pkt/s 1591.30 MB/s
DOCA Host decrypt pipe: 1103882.09 pkt/s 1589.64 MB/s
DOCA Host decrypt pipe: 1103306.85 pkt/s 1588.82 MB/s
DOCA Host decrypt pipe: 1102603.78 pkt/s 1587.80 MB/s
DOCA Host decrypt pipe: 1103818.17 pkt/s 1589.55 MB/s
DOCA Host decrypt pipe: 1104465.32 pkt/s 1590.48 MB/s
DOCA Host decrypt pipe: 1103306.85 pkt/s 1588.82 MB/s
DOCA Host decrypt pipe: 1096084.41 pkt/s 1578.41 MB/s
DOCA Host decrypt pipe: 1105032.56 pkt/s 1591.30 MB/s
DOCA Host decrypt pipe: 1104939.69 pkt/s 1591.17 MB/s
DOCA Host decrypt pipe: 1103882.09 pkt/s 1589.64 MB/s
DOCA Host decrypt pipe: 1105416.06 pkt/s 1591.85 MB/s
DOCA Host decrypt pipe: 1103754.26 pkt/s 1589.46 MB/s
DOCA Host decrypt pipe: 1104868.78 pkt/s 1591.06 MB/s
DOCA Host decrypt pipe: 1102061.50 pkt/s 1587.02 MB/s
DOCA Authenticated ESP RSS pipe: 2189356.55 pkt/s 3152.78 MB/s
DOCA Authenticated ESP RSS pipe: 2208850.74 pkt/s 3180.85 MB/s
DOCA Authenticated ESP RSS pipe: 2208350.40 pkt/s 3180.13 MB/s
DOCA Authenticated ESP RSS pipe: 2206613.70 pkt/s 3177.63 MB/s
DOCA Authenticated ESP RSS pipe: 2201500.47 pkt/s 3170.27 MB/s
DOCA Authenticated ESP RSS pipe: 2208786.82 pkt/s 3180.76 MB/s
DOCA Authenticated ESP RSS pipe: 2209810.47 pkt/s 3182.23 MB/s
DOCA Authenticated ESP RSS pipe: 2205942.59 pkt/s 3176.66 MB/s
DOCA Drop pipe: 0.00 pkt/s 0.00 MB/s
DOCA Drop pipe: 0.00 pkt/s 0.00 MB/s

=== monitoring snapshot ===
Worker statistics:
  lcore=2 queue=0 rate=4398566.10 pkt/s 6334.15 MB/s
  lcore=3 queue=1 rate=4362263.71 pkt/s 6281.87 MB/s
  lcore=4 queue=2 rate=4407006.80 pkt/s 6346.30 MB/s
  lcore=5 queue=3 rate=4419024.71 pkt/s 6363.61 MB/s

Port 0 statistics:
  RX rate: 8785962.97 pkt/s 12639.18 MB/s (missed=87226 errors=0 no_mbuf=0)
  RX queue  0: rate=2192733.78 pkt/s 3156.87 MB/s (errors=0)
  RX queue  1: rate=2180820.75 pkt/s 3131.80 MB/s (errors=0)
  RX queue  2: rate=2202779.31 pkt/s 3168.54 MB/s (errors=0)
  RX queue  3: rate=2209629.13 pkt/s 3181.97 MB/s (errors=0)

Port 1 statistics:
  RX rate: 8800740.55 pkt/s 12657.47 MB/s (missed=88298 errors=0 no_mbuf=0)
  RX queue  0: rate=2205756.55 pkt/s 3175.73 MB/s (errors=0)
  RX queue  1: rate=2181279.19 pkt/s 3130.87 MB/s (errors=0)
  RX queue  2: rate=2204255.12 pkt/s 3170.13 MB/s (errors=0)
  RX queue  3: rate=2209449.68 pkt/s 3180.75 MB/s (errors=0)
DOCA software EGRESS host=2 packets=20972053 bytes=30535309168
DOCA software EGRESS host=3 packets=24715185 bytes=35985309360
DOCA ARP port=0 to_host=0 to_uplink=0
DOCA ARP port=1 to_host=0 to_uplink=0
DOCA To-Host pipe: 0.00 pkt/s 0.00 MB/s
DOCA To-Host pipe: 0.00 pkt/s 0.00 MB/s
DOCA Host decrypt pipe: 1087441.93 pkt/s 1565.97 MB/s
DOCA Host decrypt pipe: 1105476.43 pkt/s 1591.94 MB/s
DOCA Host decrypt pipe: 1104645.05 pkt/s 1590.74 MB/s
DOCA Host decrypt pipe: 1104005.53 pkt/s 1589.82 MB/s
DOCA Host decrypt pipe: 1103238.10 pkt/s 1588.72 MB/s
DOCA Host decrypt pipe: 1104325.29 pkt/s 1590.28 MB/s
DOCA Host decrypt pipe: 1105028.76 pkt/s 1591.29 MB/s
DOCA Host decrypt pipe: 1103749.72 pkt/s 1589.45 MB/s
DOCA Host decrypt pipe: 1097482.41 pkt/s 1580.43 MB/s
DOCA Host decrypt pipe: 1106371.76 pkt/s 1593.23 MB/s
DOCA Host decrypt pipe: 1106307.80 pkt/s 1593.14 MB/s
DOCA Host decrypt pipe: 1104709.00 pkt/s 1590.83 MB/s
DOCA Host decrypt pipe: 1107011.28 pkt/s 1594.15 MB/s
DOCA Host decrypt pipe: 1105265.58 pkt/s 1591.64 MB/s
DOCA Host decrypt pipe: 1106279.82 pkt/s 1593.10 MB/s
DOCA Host decrypt pipe: 1103524.89 pkt/s 1589.13 MB/s
DOCA Authenticated ESP RSS pipe: 2190680.03 pkt/s 3154.68 MB/s
DOCA Authenticated ESP RSS pipe: 2209801.71 pkt/s 3182.22 MB/s
DOCA Authenticated ESP RSS pipe: 2209673.81 pkt/s 3182.04 MB/s
DOCA Authenticated ESP RSS pipe: 2207755.25 pkt/s 3179.27 MB/s
DOCA Authenticated ESP RSS pipe: 2204493.69 pkt/s 3174.58 MB/s
DOCA Authenticated ESP RSS pipe: 2211634.34 pkt/s 3184.86 MB/s
DOCA Authenticated ESP RSS pipe: 2212587.63 pkt/s 3186.23 MB/s
DOCA Authenticated ESP RSS pipe: 2208234.89 pkt/s 3179.96 MB/s
DOCA Drop pipe: 0.00 pkt/s 0.00 MB/s
DOCA Drop pipe: 0.00 pkt/s 0.00 MB/s

=== monitoring snapshot ===
Worker statistics:
  lcore=2 queue=0 rate=4395825.84 pkt/s 6330.20 MB/s
  lcore=3 queue=1 rate=4413494.71 pkt/s 6355.65 MB/s
  lcore=4 queue=2 rate=4385287.67 pkt/s 6315.03 MB/s
  lcore=5 queue=3 rate=4412823.20 pkt/s 6354.68 MB/s

Port 0 statistics:
  RX rate: 8796099.37 pkt/s 12658.66 MB/s (missed=111410 errors=0 no_mbuf=0)
  RX queue  0: rate=2191531.63 pkt/s 3155.19 MB/s (errors=0)
  RX queue  1: rate=2206328.69 pkt/s 3176.36 MB/s (errors=0)
  RX queue  2: rate=2191977.30 pkt/s 3150.41 MB/s (errors=0)
  RX queue  3: rate=2206261.74 pkt/s 3176.70 MB/s (errors=0)

Port 1 statistics:
  RX rate: 8811430.18 pkt/s 12677.88 MB/s (missed=112927 errors=0 no_mbuf=0)
  RX queue  0: rate=2204349.26 pkt/s 3173.57 MB/s (errors=0)
  RX queue  1: rate=2207223.25 pkt/s 3176.27 MB/s (errors=0)
  RX queue  2: rate=2193310.95 pkt/s 3152.08 MB/s (errors=0)
  RX queue  3: rate=2206546.73 pkt/s 3175.96 MB/s (errors=0)
DOCA software EGRESS host=2 packets=29757950 bytes=43327575200
DOCA software EGRESS host=3 packets=33534690 bytes=48826508640
DOCA ARP port=0 to_host=0 to_uplink=0
DOCA ARP port=1 to_host=0 to_uplink=0
DOCA To-Host pipe: 0.00 pkt/s 0.00 MB/s
DOCA To-Host pipe: 0.00 pkt/s 0.00 MB/s
DOCA Host decrypt pipe: 1087846.17 pkt/s 1566.55 MB/s
DOCA Host decrypt pipe: 1106075.02 pkt/s 1592.80 MB/s
DOCA Host decrypt pipe: 1105307.49 pkt/s 1591.70 MB/s
DOCA Host decrypt pipe: 1104412.03 pkt/s 1590.41 MB/s
DOCA Host decrypt pipe: 1103772.43 pkt/s 1589.49 MB/s
DOCA Host decrypt pipe: 1104859.76 pkt/s 1591.05 MB/s
DOCA Host decrypt pipe: 1105435.41 pkt/s 1591.88 MB/s
DOCA Host decrypt pipe: 1104284.11 pkt/s 1590.22 MB/s
DOCA Host decrypt pipe: 1097504.26 pkt/s 1580.46 MB/s
DOCA Host decrypt pipe: 1106266.90 pkt/s 1593.08 MB/s
DOCA Host decrypt pipe: 1106202.94 pkt/s 1592.99 MB/s
DOCA Host decrypt pipe: 1104923.72 pkt/s 1591.14 MB/s
DOCA Host decrypt pipe: 1107162.35 pkt/s 1594.37 MB/s
DOCA Host decrypt pipe: 1105518.36 pkt/s 1592.00 MB/s
DOCA Host decrypt pipe: 1106417.81 pkt/s 1593.29 MB/s
DOCA Host decrypt pipe: 1103708.47 pkt/s 1589.39 MB/s
DOCA Authenticated ESP RSS pipe: 2191618.60 pkt/s 3156.04 MB/s
DOCA Authenticated ESP RSS pipe: 2210934.78 pkt/s 3183.85 MB/s
DOCA Authenticated ESP RSS pipe: 2210742.89 pkt/s 3183.58 MB/s
DOCA Authenticated ESP RSS pipe: 2208696.15 pkt/s 3180.63 MB/s
DOCA Authenticated ESP RSS pipe: 2204666.61 pkt/s 3174.83 MB/s
DOCA Authenticated ESP RSS pipe: 2211788.26 pkt/s 3185.08 MB/s
DOCA Authenticated ESP RSS pipe: 2212617.75 pkt/s 3186.28 MB/s
DOCA Authenticated ESP RSS pipe: 2208632.19 pkt/s 3180.54 MB/s
DOCA Drop pipe: 0.00 pkt/s 0.00 MB/s
DOCA Drop pipe: 0.00 pkt/s 0.00 MB/s

=== monitoring snapshot ===
Worker statistics:
  lcore=2 queue=0 rate=4399412.21 pkt/s 6335.37 MB/s
  lcore=3 queue=1 rate=4262288.51 pkt/s 6137.90 MB/s
  lcore=4 queue=2 rate=4422175.38 pkt/s 6368.15 MB/s
  lcore=5 queue=3 rate=4389459.25 pkt/s 6321.03 MB/s

Port 0 statistics:
  RX rate: 8729651.31 pkt/s 12543.43 MB/s (missed=210488 errors=0 no_mbuf=0)
  RX queue  0: rate=2193138.57 pkt/s 3157.39 MB/s (errors=0)
  RX queue  1: rate=2130988.27 pkt/s 3046.26 MB/s (errors=0)
  RX queue  2: rate=2210552.01 pkt/s 3182.92 MB/s (errors=0)
  RX queue  3: rate=2194972.46 pkt/s 3156.87 MB/s (errors=0)

Port 1 statistics:
  RX rate: 8743586.07 pkt/s 12554.12 MB/s (missed=212499 errors=0 no_mbuf=0)
  RX queue  0: rate=2206279.17 pkt/s 3176.33 MB/s (errors=0)
  RX queue  1: rate=2131284.61 pkt/s 3040.59 MB/s (errors=0)
  RX queue  2: rate=2211617.93 pkt/s 3182.34 MB/s (errors=0)
  RX queue  3: rate=2194404.36 pkt/s 3154.87 MB/s (errors=0)
DOCA software EGRESS host=2 packets=38555957 bytes=56137473392
DOCA software EGRESS host=3 packets=42342708 bytes=61650982848
DOCA ARP port=0 to_host=0 to_uplink=0
DOCA ARP port=1 to_host=0 to_uplink=0
DOCA To-Host pipe: 0.00 pkt/s 0.00 MB/s
DOCA To-Host pipe: 0.00 pkt/s 0.00 MB/s
DOCA Host decrypt pipe: 1087286.81 pkt/s 1565.75 MB/s
DOCA Host decrypt pipe: 1105515.93 pkt/s 1592.00 MB/s
DOCA Host decrypt pipe: 1104639.45 pkt/s 1590.73 MB/s
DOCA Host decrypt pipe: 1103788.96 pkt/s 1589.51 MB/s
DOCA Host decrypt pipe: 1103021.42 pkt/s 1588.40 MB/s
DOCA Host decrypt pipe: 1104172.73 pkt/s 1590.06 MB/s
DOCA Host decrypt pipe: 1104812.35 pkt/s 1590.98 MB/s
DOCA Host decrypt pipe: 1103149.34 pkt/s 1588.59 MB/s
DOCA Host decrypt pipe: 1096753.16 pkt/s 1579.38 MB/s
DOCA Host decrypt pipe: 1105646.85 pkt/s 1592.18 MB/s
DOCA Host decrypt pipe: 1105324.04 pkt/s 1591.72 MB/s
DOCA Host decrypt pipe: 1104172.73 pkt/s 1590.06 MB/s
DOCA Host decrypt pipe: 1106603.28 pkt/s 1593.56 MB/s
DOCA Host decrypt pipe: 1105004.23 pkt/s 1591.26 MB/s
DOCA Host decrypt pipe: 1105940.67 pkt/s 1592.61 MB/s
DOCA Host decrypt pipe: 1103149.34 pkt/s 1588.59 MB/s
DOCA Authenticated ESP RSS pipe: 2190308.23 pkt/s 3154.15 MB/s
DOCA Authenticated ESP RSS pipe: 2209688.65 pkt/s 3182.06 MB/s
DOCA Authenticated ESP RSS pipe: 2209449.80 pkt/s 3181.71 MB/s
DOCA Authenticated ESP RSS pipe: 2206938.30 pkt/s 3178.10 MB/s
DOCA Authenticated ESP RSS pipe: 2203356.44 pkt/s 3172.94 MB/s
DOCA Authenticated ESP RSS pipe: 2210648.08 pkt/s 3183.44 MB/s
DOCA Authenticated ESP RSS pipe: 2211267.71 pkt/s 3184.33 MB/s
DOCA Authenticated ESP RSS pipe: 2207322.07 pkt/s 3178.65 MB/s
DOCA Drop pipe: 0.00 pkt/s 0.00 MB/s
DOCA Drop pipe: 0.00 pkt/s 0.00 MB/s

=== monitoring snapshot ===
Worker statistics:
  lcore=2 queue=0 rate=4398595.52 pkt/s 6334.19 MB/s
  lcore=3 queue=1 rate=4183984.79 pkt/s 6025.14 MB/s
  lcore=4 queue=2 rate=4425961.78 pkt/s 6373.60 MB/s
  lcore=5 queue=3 rate=4418638.26 pkt/s 6363.05 MB/s

Port 0 statistics:
  RX rate: 8706525.81 pkt/s 12503.90 MB/s (missed=331769 errors=0 no_mbuf=0)
  RX queue  0: rate=2192722.28 pkt/s 3157.10 MB/s (errors=0)
  RX queue  1: rate=2091650.63 pkt/s 2978.69 MB/s (errors=0)
  RX queue  2: rate=2212380.15 pkt/s 3185.93 MB/s (errors=0)
  RX queue  3: rate=2209772.76 pkt/s 3182.18 MB/s (errors=0)

Port 1 statistics:
  RX rate: 8720598.51 pkt/s 12518.19 MB/s (missed=333744 errors=0 no_mbuf=0)
  RX queue  0: rate=2205792.13 pkt/s 3175.96 MB/s (errors=0)
  RX queue  1: rate=2092332.90 pkt/s 2977.27 MB/s (errors=0)
  RX queue  2: rate=2213568.28 pkt/s 3184.62 MB/s (errors=0)
  RX queue  3: rate=2208905.19 pkt/s 3180.34 MB/s (errors=0)
DOCA software EGRESS host=2 packets=47277561 bytes=68836128816
DOCA software EGRESS host=3 packets=51024845 bytes=74292174320
DOCA ARP port=0 to_host=0 to_uplink=0
DOCA ARP port=1 to_host=0 to_uplink=0
DOCA To-Host pipe: 0.00 pkt/s 0.00 MB/s
DOCA To-Host pipe: 0.00 pkt/s 0.00 MB/s
DOCA Host decrypt pipe: 1087960.20 pkt/s 1566.72 MB/s
DOCA Host decrypt pipe: 1106380.69 pkt/s 1593.24 MB/s
DOCA Host decrypt pipe: 1106041.90 pkt/s 1592.75 MB/s
DOCA Host decrypt pipe: 1104589.80 pkt/s 1590.66 MB/s
DOCA Host decrypt pipe: 1103950.20 pkt/s 1589.74 MB/s
DOCA Host decrypt pipe: 1105101.49 pkt/s 1591.40 MB/s
DOCA Host decrypt pipe: 1105293.37 pkt/s 1591.68 MB/s
DOCA Host decrypt pipe: 1104653.76 pkt/s 1590.75 MB/s
DOCA Host decrypt pipe: 1097362.32 pkt/s 1580.25 MB/s
DOCA Host decrypt pipe: 1106377.69 pkt/s 1593.24 MB/s
DOCA Host decrypt pipe: 1105996.93 pkt/s 1592.69 MB/s
DOCA Host decrypt pipe: 1104845.64 pkt/s 1591.03 MB/s
DOCA Host decrypt pipe: 1107595.93 pkt/s 1594.99 MB/s
DOCA Host decrypt pipe: 1105613.17 pkt/s 1592.14 MB/s
DOCA Host decrypt pipe: 1106508.61 pkt/s 1593.43 MB/s
DOCA Host decrypt pipe: 1103502.48 pkt/s 1589.10 MB/s
DOCA Authenticated ESP RSS pipe: 2191910.40 pkt/s 3156.46 MB/s
DOCA Authenticated ESP RSS pipe: 2211482.17 pkt/s 3184.64 MB/s
DOCA Authenticated ESP RSS pipe: 2211337.26 pkt/s 3184.43 MB/s
DOCA Authenticated ESP RSS pipe: 2209243.57 pkt/s 3181.42 MB/s
DOCA Authenticated ESP RSS pipe: 2204958.25 pkt/s 3175.25 MB/s
DOCA Authenticated ESP RSS pipe: 2211993.85 pkt/s 3185.38 MB/s
DOCA Authenticated ESP RSS pipe: 2212505.53 pkt/s 3186.11 MB/s
DOCA Authenticated ESP RSS pipe: 2208348.13 pkt/s 3180.13 MB/s
DOCA Drop pipe: 0.00 pkt/s 0.00 MB/s
DOCA Drop pipe: 0.00 pkt/s 0.00 MB/s

=== monitoring snapshot ===
Worker statistics:
  lcore=2 queue=0 rate=4398419.69 pkt/s 6333.94 MB/s
  lcore=3 queue=1 rate=4214592.21 pkt/s 6069.22 MB/s
  lcore=4 queue=2 rate=4422367.16 pkt/s 6368.42 MB/s
  lcore=5 queue=3 rate=4419178.10 pkt/s 6363.83 MB/s

Port 0 statistics:
  RX rate: 8720574.15 pkt/s 12531.23 MB/s (missed=438106 errors=0 no_mbuf=0)
  RX queue  0: rate=2192641.89 pkt/s 3156.78 MB/s (errors=0)
  RX queue  1: rate=2107235.16 pkt/s 3008.68 MB/s (errors=0)
  RX queue  2: rate=2210657.86 pkt/s 3183.20 MB/s (errors=0)
  RX queue  3: rate=2210039.24 pkt/s 3182.56 MB/s (errors=0)

Port 1 statistics:
  RX rate: 8734016.18 pkt/s 12542.58 MB/s (missed=440494 errors=0 no_mbuf=0)
  RX queue  0: rate=2205857.11 pkt/s 3175.80 MB/s (errors=0)
  RX queue  1: rate=2107362.50 pkt/s 3005.49 MB/s (errors=0)
  RX queue  2: rate=2211677.49 pkt/s 3180.75 MB/s (errors=0)
  RX queue  3: rate=2209119.08 pkt/s 3180.53 MB/s (errors=0)
DOCA software EGRESS host=2 packets=55994787 bytes=81528409872
DOCA software EGRESS host=3 packets=59753242 bytes=87000720352
DOCA ARP port=0 to_host=0 to_uplink=0
DOCA ARP port=1 to_host=0 to_uplink=0
DOCA To-Host pipe: 0.00 pkt/s 0.00 MB/s
DOCA To-Host pipe: 0.00 pkt/s 0.00 MB/s
DOCA Host decrypt pipe: 1087943.08 pkt/s 1566.69 MB/s
DOCA Host decrypt pipe: 1106006.50 pkt/s 1592.70 MB/s
DOCA Host decrypt pipe: 1106043.48 pkt/s 1592.76 MB/s
DOCA Host decrypt pipe: 1104252.63 pkt/s 1590.18 MB/s
DOCA Host decrypt pipe: 1103740.96 pkt/s 1589.44 MB/s
DOCA Host decrypt pipe: 1104764.30 pkt/s 1590.91 MB/s
DOCA Host decrypt pipe: 1105212.01 pkt/s 1591.56 MB/s
DOCA Host decrypt pipe: 1104316.59 pkt/s 1590.27 MB/s
DOCA Host decrypt pipe: 1097281.09 pkt/s 1580.14 MB/s
DOCA Host decrypt pipe: 1106043.48 pkt/s 1592.76 MB/s
DOCA Host decrypt pipe: 1105979.52 pkt/s 1592.66 MB/s
DOCA Host decrypt pipe: 1104380.55 pkt/s 1590.36 MB/s
DOCA Host decrypt pipe: 1107322.66 pkt/s 1594.60 MB/s
DOCA Host decrypt pipe: 1105148.05 pkt/s 1591.47 MB/s
DOCA Host decrypt pipe: 1106299.32 pkt/s 1593.12 MB/s
DOCA Host decrypt pipe: 1103229.28 pkt/s 1588.70 MB/s
DOCA Authenticated ESP RSS pipe: 2191684.03 pkt/s 3156.13 MB/s
DOCA Authenticated ESP RSS pipe: 2210767.81 pkt/s 3183.61 MB/s
DOCA Authenticated ESP RSS pipe: 2211255.49 pkt/s 3184.31 MB/s
DOCA Authenticated ESP RSS pipe: 2208569.21 pkt/s 3180.45 MB/s
DOCA Authenticated ESP RSS pipe: 2204603.76 pkt/s 3174.74 MB/s
DOCA Authenticated ESP RSS pipe: 2211191.54 pkt/s 3184.22 MB/s
DOCA Authenticated ESP RSS pipe: 2212278.84 pkt/s 3185.79 MB/s
DOCA Authenticated ESP RSS pipe: 2207609.83 pkt/s 3179.06 MB/s
DOCA Drop pipe: 0.00 pkt/s 0.00 MB/s
DOCA Drop pipe: 0.00 pkt/s 0.00 MB/s

=== monitoring snapshot ===
Worker statistics:
  lcore=2 queue=0 rate=4398784.55 pkt/s 6334.46 MB/s
  lcore=3 queue=1 rate=4110722.20 pkt/s 5919.64 MB/s
  lcore=4 queue=2 rate=4426341.60 pkt/s 6374.15 MB/s
  lcore=5 queue=3 rate=4419457.09 pkt/s 6364.23 MB/s

Port 0 statistics:
  RX rate: 8670974.85 pkt/s 12443.40 MB/s (missed=594599 errors=0 no_mbuf=0)
  RX queue  0: rate=2192830.08 pkt/s 3157.33 MB/s (errors=0)
  RX queue  1: rate=2055353.48 pkt/s 2917.04 MB/s (errors=0)
  RX queue  2: rate=2212657.33 pkt/s 3186.33 MB/s (errors=0)
  RX queue  3: rate=2210133.96 pkt/s 3182.70 MB/s (errors=0)

Port 1 statistics:
  RX rate: 8684321.12 pkt/s 12451.83 MB/s (missed=597670 errors=0 no_mbuf=0)
  RX queue  0: rate=2205940.35 pkt/s 3176.21 MB/s (errors=0)
  RX queue  1: rate=2055294.29 pkt/s 2912.19 MB/s (errors=0)
  RX queue  2: rate=2213754.32 pkt/s 3182.28 MB/s (errors=0)
  RX queue  3: rate=2209332.16 pkt/s 3181.15 MB/s (errors=0)
DOCA software EGRESS host=2 packets=64707007 bytes=94213402192
DOCA software EGRESS host=3 packets=68483212 bytes=99711556672
DOCA ARP port=0 to_host=0 to_uplink=0
DOCA ARP port=1 to_host=0 to_uplink=0
DOCA To-Host pipe: 0.00 pkt/s 0.00 MB/s
DOCA To-Host pipe: 0.00 pkt/s 0.00 MB/s
DOCA Host decrypt pipe: 1087829.59 pkt/s 1566.53 MB/s
DOCA Host decrypt pipe: 1106095.13 pkt/s 1592.83 MB/s
DOCA Host decrypt pipe: 1105994.20 pkt/s 1592.68 MB/s
DOCA Host decrypt pipe: 1104496.14 pkt/s 1590.53 MB/s
DOCA Host decrypt pipe: 1103627.68 pkt/s 1589.28 MB/s
DOCA Host decrypt pipe: 1104842.92 pkt/s 1591.03 MB/s
DOCA Host decrypt pipe: 1105162.72 pkt/s 1591.49 MB/s
DOCA Host decrypt pipe: 1104395.20 pkt/s 1590.38 MB/s
DOCA Host decrypt pipe: 1097295.65 pkt/s 1580.16 MB/s
DOCA Host decrypt pipe: 1106250.04 pkt/s 1593.05 MB/s
DOCA Host decrypt pipe: 1106122.12 pkt/s 1592.87 MB/s
DOCA Host decrypt pipe: 1104664.03 pkt/s 1590.77 MB/s
DOCA Host decrypt pipe: 1107273.40 pkt/s 1594.53 MB/s
DOCA Host decrypt pipe: 1105290.64 pkt/s 1591.67 MB/s
DOCA Host decrypt pipe: 1106314.00 pkt/s 1593.15 MB/s
DOCA Host decrypt pipe: 1103371.84 pkt/s 1588.91 MB/s
DOCA Authenticated ESP RSS pipe: 2191457.27 pkt/s 3155.80 MB/s
DOCA Authenticated ESP RSS pipe: 2210941.05 pkt/s 3183.86 MB/s
DOCA Authenticated ESP RSS pipe: 2211156.92 pkt/s 3184.17 MB/s
DOCA Authenticated ESP RSS pipe: 2208888.34 pkt/s 3180.91 MB/s
DOCA Authenticated ESP RSS pipe: 2204569.05 pkt/s 3174.69 MB/s
DOCA Authenticated ESP RSS pipe: 2211540.68 pkt/s 3184.73 MB/s
DOCA Authenticated ESP RSS pipe: 2212436.11 pkt/s 3186.01 MB/s
DOCA Authenticated ESP RSS pipe: 2208033.88 pkt/s 3179.68 MB/s
DOCA Drop pipe: 0.00 pkt/s 0.00 MB/s
DOCA Drop pipe: 0.00 pkt/s 0.00 MB/s

=== monitoring snapshot ===
Worker statistics:
  lcore=2 queue=0 rate=4399007.29 pkt/s 6334.78 MB/s
  lcore=3 queue=1 rate=4243941.45 pkt/s 6111.48 MB/s
  lcore=4 queue=2 rate=4416979.26 pkt/s 6360.66 MB/s
  lcore=5 queue=3 rate=4419879.48 pkt/s 6364.84 MB/s

Port 0 statistics:
  RX rate: 8733002.30 pkt/s 12550.32 MB/s (missed=689704 errors=0 no_mbuf=0)
  RX queue  0: rate=2192893.66 pkt/s 3157.29 MB/s (errors=0)
  RX queue  1: rate=2121724.35 pkt/s 3031.40 MB/s (errors=0)
  RX queue  2: rate=2207936.42 pkt/s 3178.48 MB/s (errors=0)
  RX queue  3: rate=2210447.88 pkt/s 3183.15 MB/s (errors=0)

Port 1 statistics:
  RX rate: 8746844.78 pkt/s 12558.49 MB/s (missed=693019 errors=0 no_mbuf=0)
  RX queue  0: rate=2206114.68 pkt/s 3176.21 MB/s (errors=0)
  RX queue  1: rate=2122225.47 pkt/s 3026.03 MB/s (errors=0)
  RX queue  2: rate=2209066.93 pkt/s 3175.38 MB/s (errors=0)
  RX queue  3: rate=2209437.71 pkt/s 3180.87 MB/s (errors=0)
DOCA software EGRESS host=2 packets=73375798 bytes=106835161888
DOCA software EGRESS host=3 packets=77165169 bytes=112352486064
DOCA ARP port=0 to_host=0 to_uplink=0
DOCA ARP port=1 to_host=0 to_uplink=0
DOCA To-Host pipe: 0.00 pkt/s 0.00 MB/s
DOCA To-Host pipe: 0.00 pkt/s 0.00 MB/s
DOCA Host decrypt pipe: 1087993.34 pkt/s 1566.76 MB/s
DOCA Host decrypt pipe: 1106350.43 pkt/s 1593.20 MB/s
DOCA Host decrypt pipe: 1106094.58 pkt/s 1592.83 MB/s
DOCA Host decrypt pipe: 1104650.44 pkt/s 1590.75 MB/s
DOCA Host decrypt pipe: 1103825.93 pkt/s 1589.56 MB/s
DOCA Host decrypt pipe: 1104943.26 pkt/s 1591.17 MB/s
DOCA Host decrypt pipe: 1105391.00 pkt/s 1591.82 MB/s
DOCA Host decrypt pipe: 1104431.57 pkt/s 1590.43 MB/s
DOCA Host decrypt pipe: 1097595.63 pkt/s 1580.59 MB/s
DOCA Host decrypt pipe: 1106350.43 pkt/s 1593.20 MB/s
DOCA Host decrypt pipe: 1106158.54 pkt/s 1592.92 MB/s
DOCA Host decrypt pipe: 1104800.35 pkt/s 1590.97 MB/s
DOCA Host decrypt pipe: 1107373.82 pkt/s 1594.67 MB/s
DOCA Host decrypt pipe: 1105518.92 pkt/s 1592.00 MB/s
DOCA Host decrypt pipe: 1106350.43 pkt/s 1593.20 MB/s
DOCA Host decrypt pipe: 1103600.06 pkt/s 1589.24 MB/s
DOCA Authenticated ESP RSS pipe: 2191817.27 pkt/s 3156.32 MB/s
DOCA Authenticated ESP RSS pipe: 2211293.69 pkt/s 3184.37 MB/s
DOCA Authenticated ESP RSS pipe: 2211485.58 pkt/s 3184.65 MB/s
DOCA Authenticated ESP RSS pipe: 2209085.00 pkt/s 3181.19 MB/s
DOCA Authenticated ESP RSS pipe: 2204968.45 pkt/s 3175.26 MB/s
DOCA Authenticated ESP RSS pipe: 2211869.35 pkt/s 3185.20 MB/s
DOCA Authenticated ESP RSS pipe: 2212508.97 pkt/s 3186.12 MB/s
DOCA Authenticated ESP RSS pipe: 2208401.41 pkt/s 3180.20 MB/s
DOCA Drop pipe: 0.00 pkt/s 0.00 MB/s
DOCA Drop pipe: 0.00 pkt/s 0.00 MB/s

=== monitoring snapshot ===
Worker statistics:
  lcore=2 queue=0 rate=4398861.48 pkt/s 6334.57 MB/s
  lcore=3 queue=1 rate=4070257.27 pkt/s 5861.37 MB/s
  lcore=4 queue=2 rate=4426994.37 pkt/s 6375.09 MB/s
  lcore=5 queue=3 rate=4419675.82 pkt/s 6364.55 MB/s

Port 0 statistics:
  RX rate: 8651169.89 pkt/s 12411.22 MB/s (missed=867368 errors=0 no_mbuf=0)
  RX queue  0: rate=2192774.69 pkt/s 3157.18 MB/s (errors=0)
  RX queue  1: rate=2035106.85 pkt/s 2884.29 MB/s (errors=0)
  RX queue  2: rate=2212988.36 pkt/s 3186.81 MB/s (errors=0)
  RX queue  3: rate=2210300.00 pkt/s 3182.94 MB/s (errors=0)

Port 1 statistics:
  RX rate: 8664741.60 pkt/s 12425.85 MB/s (missed=871181 errors=0 no_mbuf=0)
  RX queue  0: rate=2206120.39 pkt/s 3176.46 MB/s (errors=0)
  RX queue  1: rate=2035286.46 pkt/s 2880.59 MB/s (errors=0)
  RX queue  2: rate=2213917.45 pkt/s 3187.55 MB/s (errors=0)
  RX queue  3: rate=2209417.30 pkt/s 3181.25 MB/s (errors=0)
DOCA software EGRESS host=2 packets=82109239 bytes=119551051984
DOCA software EGRESS host=3 packets=85899393 bytes=125069516208
DOCA ARP port=0 to_host=0 to_uplink=0
DOCA ARP port=1 to_host=0 to_uplink=0
DOCA To-Host pipe: 0.00 pkt/s 0.00 MB/s
DOCA To-Host pipe: 0.00 pkt/s 0.00 MB/s
DOCA Host decrypt pipe: 1087815.78 pkt/s 1566.51 MB/s
DOCA Host decrypt pipe: 1106172.03 pkt/s 1592.94 MB/s
DOCA Host decrypt pipe: 1105980.15 pkt/s 1592.66 MB/s
DOCA Host decrypt pipe: 1104892.85 pkt/s 1591.10 MB/s
DOCA Host decrypt pipe: 1103771.57 pkt/s 1589.48 MB/s
DOCA Host decrypt pipe: 1104764.93 pkt/s 1590.91 MB/s
DOCA Host decrypt pipe: 1105317.58 pkt/s 1591.71 MB/s
DOCA Host decrypt pipe: 1104381.18 pkt/s 1590.36 MB/s
DOCA Host decrypt pipe: 1097529.56 pkt/s 1580.50 MB/s
DOCA Host decrypt pipe: 1106172.03 pkt/s 1592.94 MB/s
DOCA Host decrypt pipe: 1106044.11 pkt/s 1592.76 MB/s
DOCA Host decrypt pipe: 1104639.01 pkt/s 1590.73 MB/s
DOCA Host decrypt pipe: 1107387.25 pkt/s 1594.69 MB/s
DOCA Host decrypt pipe: 1105404.52 pkt/s 1591.84 MB/s
DOCA Host decrypt pipe: 1106363.91 pkt/s 1593.22 MB/s
DOCA Host decrypt pipe: 1103452.77 pkt/s 1589.03 MB/s
DOCA Authenticated ESP RSS pipe: 2191589.35 pkt/s 3155.99 MB/s
DOCA Authenticated ESP RSS pipe: 2210936.96 pkt/s 3183.86 MB/s
DOCA Authenticated ESP RSS pipe: 2211293.73 pkt/s 3184.37 MB/s
DOCA Authenticated ESP RSS pipe: 2209274.03 pkt/s 3181.46 MB/s
DOCA Authenticated ESP RSS pipe: 2204917.82 pkt/s 3175.19 MB/s
DOCA Authenticated ESP RSS pipe: 2211576.55 pkt/s 3184.78 MB/s
DOCA Authenticated ESP RSS pipe: 2212408.02 pkt/s 3185.97 MB/s
DOCA Authenticated ESP RSS pipe: 2208091.78 pkt/s 3179.76 MB/s
DOCA Drop pipe: 0.00 pkt/s 0.00 MB/s
DOCA Drop pipe: 0.00 pkt/s 0.00 MB/s

=== monitoring snapshot ===
Worker statistics:
  lcore=2 queue=0 rate=4397945.96 pkt/s 6333.25 MB/s
  lcore=3 queue=1 rate=4340551.37 pkt/s 6250.60 MB/s
  lcore=4 queue=2 rate=4420722.51 pkt/s 6366.05 MB/s
  lcore=5 queue=3 rate=4419124.52 pkt/s 6363.75 MB/s

Port 0 statistics:
  RX rate: 8781493.34 pkt/s 12633.92 MB/s (missed=910597 errors=0 no_mbuf=0)
  RX queue  0: rate=2192398.98 pkt/s 3156.44 MB/s (errors=0)
  RX queue  1: rate=2169060.80 pkt/s 3112.93 MB/s (errors=0)
  RX queue  2: rate=2209868.88 pkt/s 3181.81 MB/s (errors=0)
  RX queue  3: rate=2210164.69 pkt/s 3182.74 MB/s (errors=0)

Port 1 statistics:
  RX rate: 8796603.54 pkt/s 12650.94 MB/s (missed=914769 errors=0 no_mbuf=0)
  RX queue  0: rate=2205486.37 pkt/s 3175.33 MB/s (errors=0)
  RX queue  1: rate=2171420.96 pkt/s 3114.66 MB/s (errors=0)
  RX queue  2: rate=2210847.97 pkt/s 3180.97 MB/s (errors=0)
  RX queue  3: rate=2208848.24 pkt/s 3179.97 MB/s (errors=0)
DOCA software EGRESS host=2 packets=90773974 bytes=132166906144
DOCA software EGRESS host=3 packets=94620907 bytes=137768040592
DOCA ARP port=0 to_host=0 to_uplink=0
DOCA ARP port=1 to_host=0 to_uplink=0
DOCA To-Host pipe: 0.00 pkt/s 0.00 MB/s
DOCA To-Host pipe: 0.00 pkt/s 0.00 MB/s
DOCA Host decrypt pipe: 1087954.13 pkt/s 1566.71 MB/s
DOCA Host decrypt pipe: 1106182.63 pkt/s 1592.96 MB/s
DOCA Host decrypt pipe: 1106118.68 pkt/s 1592.86 MB/s
DOCA Host decrypt pipe: 1104732.55 pkt/s 1590.87 MB/s
DOCA Host decrypt pipe: 1103752.17 pkt/s 1589.46 MB/s
DOCA Host decrypt pipe: 1104839.48 pkt/s 1591.02 MB/s
DOCA Host decrypt pipe: 1105438.10 pkt/s 1591.88 MB/s
DOCA Host decrypt pipe: 1104327.80 pkt/s 1590.29 MB/s
DOCA Host decrypt pipe: 1097292.24 pkt/s 1580.15 MB/s
DOCA Host decrypt pipe: 1106054.72 pkt/s 1592.77 MB/s
DOCA Host decrypt pipe: 1106118.68 pkt/s 1592.86 MB/s
DOCA Host decrypt pipe: 1104617.62 pkt/s 1590.70 MB/s
DOCA Host decrypt pipe: 1107269.95 pkt/s 1594.52 MB/s
DOCA Host decrypt pipe: 1105223.24 pkt/s 1591.57 MB/s
DOCA Host decrypt pipe: 1106246.59 pkt/s 1593.05 MB/s
DOCA Host decrypt pipe: 1103337.43 pkt/s 1588.86 MB/s
DOCA Authenticated ESP RSS pipe: 2191706.29 pkt/s 3156.16 MB/s
DOCA Authenticated ESP RSS pipe: 2211022.12 pkt/s 3183.98 MB/s
DOCA Authenticated ESP RSS pipe: 2211560.78 pkt/s 3184.75 MB/s
DOCA Authenticated ESP RSS pipe: 2209058.35 pkt/s 3181.15 MB/s
DOCA Authenticated ESP RSS pipe: 2204562.19 pkt/s 3174.68 MB/s
DOCA Authenticated ESP RSS pipe: 2211277.96 pkt/s 3184.35 MB/s
DOCA Authenticated ESP RSS pipe: 2212365.27 pkt/s 3185.91 MB/s
DOCA Authenticated ESP RSS pipe: 2207954.05 pkt/s 3179.56 MB/s
DOCA Drop pipe: 0.00 pkt/s 0.00 MB/s
DOCA Drop pipe: 0.00 pkt/s 0.00 MB/s

=== monitoring snapshot ===
Worker statistics:
  lcore=2 queue=0 rate=4398677.49 pkt/s 6334.31 MB/s
  lcore=3 queue=1 rate=4419993.95 pkt/s 6365.00 MB/s
  lcore=4 queue=2 rate=4407806.69 pkt/s 6347.45 MB/s
  lcore=5 queue=3 rate=4419202.45 pkt/s 6363.86 MB/s

Port 0 statistics:
  RX rate: 8816095.99 pkt/s 12686.44 MB/s (missed=921970 errors=0 no_mbuf=0)
  RX queue  0: rate=2192658.70 pkt/s 3156.81 MB/s (errors=0)
  RX queue  1: rate=2209937.75 pkt/s 3176.94 MB/s (errors=0)
  RX queue  2: rate=2203508.82 pkt/s 3170.19 MB/s (errors=0)
  RX queue  3: rate=2209990.72 pkt/s 3182.49 MB/s (errors=0)

Port 1 statistics:
  RX rate: 8829739.69 pkt/s 12706.82 MB/s (missed=926250 errors=0 no_mbuf=0)
  RX queue  0: rate=2206023.32 pkt/s 3175.92 MB/s (errors=0)
  RX queue  1: rate=2210102.73 pkt/s 3180.61 MB/s (errors=0)
  RX queue  2: rate=2204324.39 pkt/s 3169.67 MB/s (errors=0)
  RX queue  3: rate=2209289.25 pkt/s 3180.63 MB/s (errors=0)
DOCA software EGRESS host=2 packets=99556211 bytes=144953843216
DOCA software EGRESS host=3 packets=103452528 bytes=150626880768
DOCA ARP port=0 to_host=0 to_uplink=0
DOCA ARP port=1 to_host=0 to_uplink=0
DOCA To-Host pipe: 0.00 pkt/s 0.00 MB/s
DOCA To-Host pipe: 0.00 pkt/s 0.00 MB/s
DOCA Host decrypt pipe: 1087619.12 pkt/s 1566.22 MB/s
DOCA Host decrypt pipe: 1104184.45 pkt/s 1590.08 MB/s
DOCA Host decrypt pipe: 1105911.33 pkt/s 1592.57 MB/s
DOCA Host decrypt pipe: 1104739.09 pkt/s 1590.88 MB/s
DOCA Host decrypt pipe: 1103544.86 pkt/s 1589.16 MB/s
DOCA Host decrypt pipe: 1104632.16 pkt/s 1590.72 MB/s
DOCA Host decrypt pipe: 1105079.87 pkt/s 1591.37 MB/s
DOCA Host decrypt pipe: 1104312.36 pkt/s 1590.26 MB/s
DOCA Host decrypt pipe: 1097404.82 pkt/s 1580.32 MB/s
DOCA Host decrypt pipe: 1106231.13 pkt/s 1593.03 MB/s
DOCA Host decrypt pipe: 1106103.21 pkt/s 1592.84 MB/s
DOCA Host decrypt pipe: 1104662.14 pkt/s 1590.77 MB/s
DOCA Host decrypt pipe: 1107318.43 pkt/s 1594.59 MB/s
DOCA Host decrypt pipe: 1105463.62 pkt/s 1591.92 MB/s
DOCA Host decrypt pipe: 1106238.12 pkt/s 1593.04 MB/s
DOCA Host decrypt pipe: 1103416.94 pkt/s 1588.97 MB/s
DOCA Authenticated ESP RSS pipe: 2191163.98 pkt/s 3155.38 MB/s
DOCA Authenticated ESP RSS pipe: 2208816.61 pkt/s 3180.80 MB/s
DOCA Authenticated ESP RSS pipe: 2210991.20 pkt/s 3183.93 MB/s
DOCA Authenticated ESP RSS pipe: 2209050.45 pkt/s 3181.14 MB/s
DOCA Authenticated ESP RSS pipe: 2204723.24 pkt/s 3174.91 MB/s
DOCA Authenticated ESP RSS pipe: 2211694.75 pkt/s 3184.95 MB/s
DOCA Authenticated ESP RSS pipe: 2212335.34 pkt/s 3185.87 MB/s
DOCA Authenticated ESP RSS pipe: 2208081.08 pkt/s 3179.74 MB/s
DOCA Drop pipe: 0.00 pkt/s 0.00 MB/s
DOCA Drop pipe: 0.00 pkt/s 0.00 MB/s

=== monitoring snapshot ===
Worker statistics:
  lcore=2 queue=0 rate=4397715.60 pkt/s 6332.92 MB/s
  lcore=3 queue=1 rate=4400733.68 pkt/s 6337.27 MB/s
  lcore=4 queue=2 rate=4408803.55 pkt/s 6348.89 MB/s
  lcore=5 queue=3 rate=4418476.40 pkt/s 6362.82 MB/s

Port 0 statistics:
  RX rate: 8806618.95 pkt/s 12675.51 MB/s (missed=941816 errors=0 no_mbuf=0)
  RX queue  0: rate=2192394.89 pkt/s 3156.23 MB/s (errors=0)
  RX queue  1: rate=2200312.84 pkt/s 3165.24 MB/s (errors=0)
  RX queue  2: rate=2204039.47 pkt/s 3171.72 MB/s (errors=0)
  RX queue  3: rate=2209871.75 pkt/s 3182.32 MB/s (errors=0)

Port 1 statistics:
  RX rate: 8819166.76 pkt/s 12689.93 MB/s (missed=946133 errors=0 no_mbuf=0)
  RX queue  0: rate=2205406.31 pkt/s 3175.04 MB/s (errors=0)
  RX queue  1: rate=2200435.40 pkt/s 3163.85 MB/s (errors=0)
  RX queue  2: rate=2204762.71 pkt/s 3171.42 MB/s (errors=0)
  RX queue  3: rate=2208562.34 pkt/s 3179.62 MB/s (errors=0)
DOCA software EGRESS host=2 packets=108367176 bytes=157782608256
DOCA software EGRESS host=3 packets=112275568 bytes=163473227008
DOCA ARP port=0 to_host=0 to_uplink=0
DOCA ARP port=1 to_host=0 to_uplink=0
DOCA To-Host pipe: 0.00 pkt/s 0.00 MB/s
DOCA To-Host pipe: 0.00 pkt/s 0.00 MB/s
DOCA Host decrypt pipe: 1087910.00 pkt/s 1566.64 MB/s
DOCA Host decrypt pipe: 1106458.65 pkt/s 1593.35 MB/s
DOCA Host decrypt pipe: 1106138.84 pkt/s 1592.89 MB/s
DOCA Host decrypt pipe: 1104539.82 pkt/s 1590.59 MB/s
DOCA Host decrypt pipe: 1103708.33 pkt/s 1589.39 MB/s
DOCA Host decrypt pipe: 1104821.65 pkt/s 1591.00 MB/s
DOCA Host decrypt pipe: 1105243.39 pkt/s 1591.60 MB/s
DOCA Host decrypt pipe: 1104283.98 pkt/s 1590.22 MB/s
DOCA Host decrypt pipe: 1097504.13 pkt/s 1580.46 MB/s
DOCA Host decrypt pipe: 1106010.92 pkt/s 1592.71 MB/s
DOCA Host decrypt pipe: 1105946.96 pkt/s 1592.62 MB/s
DOCA Host decrypt pipe: 1104731.71 pkt/s 1590.87 MB/s
DOCA Host decrypt pipe: 1107609.94 pkt/s 1595.01 MB/s
DOCA Host decrypt pipe: 1105435.27 pkt/s 1591.88 MB/s
DOCA Host decrypt pipe: 1106387.69 pkt/s 1593.25 MB/s
DOCA Host decrypt pipe: 1103388.53 pkt/s 1588.93 MB/s
DOCA Authenticated ESP RSS pipe: 2191618.34 pkt/s 3156.04 MB/s
DOCA Authenticated ESP RSS pipe: 2211277.30 pkt/s 3184.35 MB/s
DOCA Authenticated ESP RSS pipe: 2211382.24 pkt/s 3184.50 MB/s
DOCA Authenticated ESP RSS pipe: 2208826.80 pkt/s 3180.82 MB/s
DOCA Authenticated ESP RSS pipe: 2205114.07 pkt/s 3175.47 MB/s
DOCA Authenticated ESP RSS pipe: 2211446.20 pkt/s 3184.59 MB/s
DOCA Authenticated ESP RSS pipe: 2212340.65 pkt/s 3185.88 MB/s
DOCA Authenticated ESP RSS pipe: 2208120.23 pkt/s 3179.80 MB/s
DOCA Drop pipe: 0.00 pkt/s 0.00 MB/s
DOCA Drop pipe: 0.00 pkt/s 0.00 MB/s

=== monitoring snapshot ===
Worker statistics:
  lcore=2 queue=0 rate=4398398.91 pkt/s 6333.91 MB/s
  lcore=3 queue=1 rate=4328084.02 pkt/s 6232.65 MB/s
  lcore=4 queue=2 rate=4420975.75 pkt/s 6366.42 MB/s
  lcore=5 queue=3 rate=4418505.30 pkt/s 6362.86 MB/s

Port 0 statistics:
  RX rate: 8776530.56 pkt/s 12624.80 MB/s (missed=991447 errors=0 no_mbuf=0)
  RX queue  0: rate=2192552.88 pkt/s 3156.89 MB/s (errors=0)
  RX queue  1: rate=2163937.72 pkt/s 3103.14 MB/s (errors=0)
  RX queue  2: rate=2210025.98 pkt/s 3182.25 MB/s (errors=0)
  RX queue  3: rate=2210013.99 pkt/s 3182.53 MB/s (errors=0)

Port 1 statistics:
  RX rate: 8789293.25 pkt/s 12639.15 MB/s (missed=995848 errors=0 no_mbuf=0)
  RX queue  0: rate=2205815.33 pkt/s 3175.79 MB/s (errors=0)
  RX queue  1: rate=2164036.08 pkt/s 3101.61 MB/s (errors=0)
  RX queue  2: rate=2210944.17 pkt/s 3182.16 MB/s (errors=0)
  RX queue  3: rate=2208497.68 pkt/s 3179.59 MB/s (errors=0)
DOCA software EGRESS host=2 packets=117181089 bytes=170615665584
DOCA software EGRESS host=3 packets=121095966 bytes=176315726496
DOCA ARP port=0 to_host=0 to_uplink=0
DOCA ARP port=1 to_host=0 to_uplink=0
DOCA To-Host pipe: 0.00 pkt/s 0.00 MB/s
DOCA To-Host pipe: 0.00 pkt/s 0.00 MB/s
DOCA Host decrypt pipe: 1087779.12 pkt/s 1566.45 MB/s
DOCA Host decrypt pipe: 1106327.71 pkt/s 1593.17 MB/s
DOCA Host decrypt pipe: 1105879.99 pkt/s 1592.52 MB/s
DOCA Host decrypt pipe: 1104664.74 pkt/s 1590.77 MB/s
DOCA Host decrypt pipe: 1103513.45 pkt/s 1589.11 MB/s
DOCA Host decrypt pipe: 1104574.79 pkt/s 1590.64 MB/s
DOCA Host decrypt pipe: 1105112.46 pkt/s 1591.42 MB/s
DOCA Host decrypt pipe: 1104153.05 pkt/s 1590.03 MB/s
DOCA Host decrypt pipe: 1097181.34 pkt/s 1579.99 MB/s
DOCA Host decrypt pipe: 1105943.95 pkt/s 1592.61 MB/s
DOCA Host decrypt pipe: 1105816.03 pkt/s 1592.43 MB/s
DOCA Host decrypt pipe: 1104472.86 pkt/s 1590.49 MB/s
DOCA Host decrypt pipe: 1107092.24 pkt/s 1594.27 MB/s
DOCA Host decrypt pipe: 1105112.46 pkt/s 1591.42 MB/s
DOCA Host decrypt pipe: 1106071.87 pkt/s 1592.80 MB/s
DOCA Host decrypt pipe: 1103065.72 pkt/s 1588.47 MB/s
DOCA Authenticated ESP RSS pipe: 2191292.57 pkt/s 3155.57 MB/s
DOCA Authenticated ESP RSS pipe: 2210905.51 pkt/s 3183.81 MB/s
DOCA Authenticated ESP RSS pipe: 2210992.45 pkt/s 3183.94 MB/s
DOCA Authenticated ESP RSS pipe: 2208817.79 pkt/s 3180.80 MB/s
DOCA Authenticated ESP RSS pipe: 2204271.58 pkt/s 3174.26 MB/s
DOCA Authenticated ESP RSS pipe: 2211056.41 pkt/s 3184.03 MB/s
DOCA Authenticated ESP RSS pipe: 2211887.90 pkt/s 3185.23 MB/s
DOCA Authenticated ESP RSS pipe: 2207538.58 pkt/s 3178.96 MB/s
DOCA Drop pipe: 0.00 pkt/s 0.00 MB/s
DOCA Drop pipe: 0.00 pkt/s 0.00 MB/s

=== monitoring snapshot ===
Worker statistics:
  lcore=2 queue=0 rate=4397405.32 pkt/s 6332.48 MB/s
  lcore=3 queue=1 rate=4332969.72 pkt/s 6239.69 MB/s
  lcore=4 queue=2 rate=4421737.82 pkt/s 6367.52 MB/s
  lcore=5 queue=3 rate=4418681.64 pkt/s 6363.11 MB/s

Port 0 statistics:
  RX rate: 8778561.86 pkt/s 12627.79 MB/s (missed=1038771 errors=0 no_mbuf=0)
  RX queue  0: rate=2192043.51 pkt/s 3155.86 MB/s (errors=0)
  RX queue  1: rate=2166314.81 pkt/s 3106.89 MB/s (errors=0)
  RX queue  2: rate=2210445.57 pkt/s 3182.88 MB/s (errors=0)
  RX queue  3: rate=2209757.98 pkt/s 3182.16 MB/s (errors=0)

Port 1 statistics:
  RX rate: 8792186.78 pkt/s 12643.35 MB/s (missed=1042953 errors=0 no_mbuf=0)
  RX queue  0: rate=2205286.90 pkt/s 3174.82 MB/s (errors=0)
  RX queue  1: rate=2166651.83 pkt/s 3105.28 MB/s (errors=0)
  RX queue  2: rate=2211339.30 pkt/s 3183.11 MB/s (errors=0)
  RX queue  3: rate=2208908.75 pkt/s 3180.15 MB/s (errors=0)
DOCA software EGRESS host=2 packets=125951613 bytes=183385548528
DOCA software EGRESS host=3 packets=129883317 bytes=189110109552
DOCA ARP port=0 to_host=0 to_uplink=0
DOCA ARP port=1 to_host=0 to_uplink=0
DOCA To-Host pipe: 0.00 pkt/s 0.00 MB/s
DOCA To-Host pipe: 0.00 pkt/s 0.00 MB/s
DOCA Host decrypt pipe: 1087750.08 pkt/s 1566.41 MB/s
DOCA Host decrypt pipe: 1106491.16 pkt/s 1593.40 MB/s
DOCA Host decrypt pipe: 1105915.49 pkt/s 1592.57 MB/s
DOCA Host decrypt pipe: 1104700.20 pkt/s 1590.82 MB/s
DOCA Host decrypt pipe: 1103692.79 pkt/s 1589.37 MB/s
DOCA Host decrypt pipe: 1104700.20 pkt/s 1590.82 MB/s
DOCA Host decrypt pipe: 1105147.94 pkt/s 1591.47 MB/s
DOCA Host decrypt pipe: 1104188.50 pkt/s 1590.08 MB/s
DOCA Host decrypt pipe: 1097344.49 pkt/s 1580.23 MB/s
DOCA Host decrypt pipe: 1105979.46 pkt/s 1592.66 MB/s
DOCA Host decrypt pipe: 1105851.53 pkt/s 1592.48 MB/s
DOCA Host decrypt pipe: 1104316.43 pkt/s 1590.27 MB/s
DOCA Host decrypt pipe: 1107325.67 pkt/s 1594.60 MB/s
DOCA Host decrypt pipe: 1105339.83 pkt/s 1591.74 MB/s
DOCA Host decrypt pipe: 1106179.34 pkt/s 1592.95 MB/s
DOCA Host decrypt pipe: 1103229.06 pkt/s 1588.70 MB/s
DOCA Authenticated ESP RSS pipe: 2191440.87 pkt/s 3155.78 MB/s
DOCA Authenticated ESP RSS pipe: 2211191.36 pkt/s 3184.22 MB/s
DOCA Authenticated ESP RSS pipe: 2211063.43 pkt/s 3184.04 MB/s
DOCA Authenticated ESP RSS pipe: 2208888.70 pkt/s 3180.91 MB/s
DOCA Authenticated ESP RSS pipe: 2204672.16 pkt/s 3174.83 MB/s
DOCA Authenticated ESP RSS pipe: 2211319.29 pkt/s 3184.41 MB/s
DOCA Authenticated ESP RSS pipe: 2212028.87 pkt/s 3185.43 MB/s
DOCA Authenticated ESP RSS pipe: 2207545.48 pkt/s 3178.97 MB/s
DOCA Drop pipe: 0.00 pkt/s 0.00 MB/s
DOCA Drop pipe: 0.00 pkt/s 0.00 MB/s

=== monitoring snapshot ===
Worker statistics:
  lcore=2 queue=0 rate=4397867.92 pkt/s 6333.14 MB/s
  lcore=3 queue=1 rate=4045845.84 pkt/s 5826.21 MB/s
  lcore=4 queue=2 rate=4425474.38 pkt/s 6372.90 MB/s
  lcore=5 queue=3 rate=4418888.32 pkt/s 6363.41 MB/s

Port 0 statistics:
  RX rate: 8637704.16 pkt/s 12388.28 MB/s (missed=1228340 errors=0 no_mbuf=0)
  RX queue  0: rate=2192400.76 pkt/s 3156.76 MB/s (errors=0)
  RX queue  1: rate=2022804.50 pkt/s 2862.90 MB/s (errors=0)
  RX queue  2: rate=2212304.82 pkt/s 3185.83 MB/s (errors=0)
  RX queue  3: rate=2210194.08 pkt/s 3182.79 MB/s (errors=0)

Port 1 statistics:
  RX rate: 8650400.19 pkt/s 12401.98 MB/s (missed=1232405 errors=0 no_mbuf=0)
  RX queue  0: rate=2205473.06 pkt/s 3175.52 MB/s (errors=0)
  RX queue  1: rate=2023131.45 pkt/s 2859.70 MB/s (errors=0)
  RX queue  2: rate=2213107.53 pkt/s 3186.60 MB/s (errors=0)
  RX queue  3: rate=2208688.15 pkt/s 3180.16 MB/s (errors=0)
DOCA software EGRESS host=2 packets=134726717 bytes=196162099952
DOCA software EGRESS host=3 packets=138602263 bytes=201804894928
DOCA ARP port=0 to_host=0 to_uplink=0
DOCA ARP port=1 to_host=0 to_uplink=0
DOCA To-Host pipe: 0.00 pkt/s 0.00 MB/s
DOCA To-Host pipe: 0.00 pkt/s 0.00 MB/s
DOCA Host decrypt pipe: 1087418.78 pkt/s 1565.94 MB/s
DOCA Host decrypt pipe: 1106277.42 pkt/s 1593.09 MB/s
DOCA Host decrypt pipe: 1105853.67 pkt/s 1592.48 MB/s
DOCA Host decrypt pipe: 1104614.42 pkt/s 1590.70 MB/s
DOCA Host decrypt pipe: 1103575.05 pkt/s 1589.20 MB/s
DOCA Host decrypt pipe: 1104550.46 pkt/s 1590.61 MB/s
DOCA Host decrypt pipe: 1105126.11 pkt/s 1591.43 MB/s
DOCA Host decrypt pipe: 1104038.77 pkt/s 1589.87 MB/s
DOCA Host decrypt pipe: 1097258.85 pkt/s 1580.11 MB/s
DOCA Host decrypt pipe: 1105957.61 pkt/s 1592.63 MB/s
DOCA Host decrypt pipe: 1105893.65 pkt/s 1592.54 MB/s
DOCA Host decrypt pipe: 1104486.50 pkt/s 1590.51 MB/s
DOCA Host decrypt pipe: 1107236.84 pkt/s 1594.47 MB/s
DOCA Host decrypt pipe: 1105254.04 pkt/s 1591.62 MB/s
DOCA Host decrypt pipe: 1106205.46 pkt/s 1592.99 MB/s
DOCA Host decrypt pipe: 1103273.23 pkt/s 1588.77 MB/s
DOCA Authenticated ESP RSS pipe: 2190994.83 pkt/s 3155.14 MB/s
DOCA Authenticated ESP RSS pipe: 2210827.88 pkt/s 3183.70 MB/s
DOCA Authenticated ESP RSS pipe: 2210976.79 pkt/s 3183.91 MB/s
DOCA Authenticated ESP RSS pipe: 2208653.19 pkt/s 3180.57 MB/s
DOCA Authenticated ESP RSS pipe: 2204495.69 pkt/s 3174.58 MB/s
DOCA Authenticated ESP RSS pipe: 2211211.65 pkt/s 3184.25 MB/s
DOCA Authenticated ESP RSS pipe: 2212101.11 pkt/s 3185.53 MB/s
DOCA Authenticated ESP RSS pipe: 2207757.73 pkt/s 3179.28 MB/s
DOCA Drop pipe: 0.00 pkt/s 0.00 MB/s
DOCA Drop pipe: 0.00 pkt/s 0.00 MB/s

=== monitoring snapshot ===
Worker statistics:
  lcore=2 queue=0 rate=4397776.42 pkt/s 6333.01 MB/s
  lcore=3 queue=1 rate=4332372.93 pkt/s 6238.83 MB/s
  lcore=4 queue=2 rate=4422070.11 pkt/s 6367.99 MB/s
  lcore=5 queue=3 rate=4418358.30 pkt/s 6362.65 MB/s

Port 0 statistics:
  RX rate: 8778571.34 pkt/s 12628.37 MB/s (missed=1276080 errors=0 no_mbuf=0)
  RX queue  0: rate=2192192.28 pkt/s 3156.18 MB/s (errors=0)
  RX queue  1: rate=2165921.72 pkt/s 3106.76 MB/s (errors=0)
  RX queue  2: rate=2210662.42 pkt/s 3183.22 MB/s (errors=0)
  RX queue  3: rate=2209794.93 pkt/s 3182.21 MB/s (errors=0)

Port 1 statistics:
  RX rate: 8792020.66 pkt/s 12644.26 MB/s (missed=1280034 errors=0 no_mbuf=0)
  RX queue  0: rate=2205597.81 pkt/s 3175.41 MB/s (errors=0)
  RX queue  1: rate=2166399.59 pkt/s 3105.48 MB/s (errors=0)
  RX queue  2: rate=2211443.26 pkt/s 3183.50 MB/s (errors=0)
  RX queue  3: rate=2208580.00 pkt/s 3179.87 MB/s (errors=0)
DOCA software EGRESS host=2 packets=143365932 bytes=208740796992
DOCA software EGRESS host=3 packets=147307018 bytes=214479018208
DOCA ARP port=0 to_host=0 to_uplink=0
DOCA ARP port=1 to_host=0 to_uplink=0
DOCA To-Host pipe: 0.00 pkt/s 0.00 MB/s
DOCA To-Host pipe: 0.00 pkt/s 0.00 MB/s
DOCA Host decrypt pipe: 1087592.16 pkt/s 1566.19 MB/s
DOCA Host decrypt pipe: 1106470.81 pkt/s 1593.37 MB/s
DOCA Host decrypt pipe: 1105871.17 pkt/s 1592.51 MB/s
DOCA Host decrypt pipe: 1104871.77 pkt/s 1591.07 MB/s
DOCA Host decrypt pipe: 1103720.46 pkt/s 1589.41 MB/s
DOCA Host decrypt pipe: 1104679.88 pkt/s 1590.79 MB/s
DOCA Host decrypt pipe: 1105319.50 pkt/s 1591.71 MB/s
DOCA Host decrypt pipe: 1104168.19 pkt/s 1590.06 MB/s
DOCA Host decrypt pipe: 1097260.34 pkt/s 1580.11 MB/s
DOCA Host decrypt pipe: 1106023.08 pkt/s 1592.73 MB/s
DOCA Host decrypt pipe: 1105895.15 pkt/s 1592.54 MB/s
DOCA Host decrypt pipe: 1104296.11 pkt/s 1590.24 MB/s
DOCA Host decrypt pipe: 1106854.58 pkt/s 1593.92 MB/s
DOCA Host decrypt pipe: 1105191.58 pkt/s 1591.53 MB/s
DOCA Host decrypt pipe: 1106023.08 pkt/s 1592.73 MB/s
DOCA Host decrypt pipe: 1103270.73 pkt/s 1588.76 MB/s
DOCA Authenticated ESP RSS pipe: 2191313.62 pkt/s 3155.60 MB/s
DOCA Authenticated ESP RSS pipe: 2211150.69 pkt/s 3184.16 MB/s
DOCA Authenticated ESP RSS pipe: 2211193.67 pkt/s 3184.23 MB/s
DOCA Authenticated ESP RSS pipe: 2209039.96 pkt/s 3181.12 MB/s
DOCA Authenticated ESP RSS pipe: 2204114.92 pkt/s 3174.03 MB/s
DOCA Authenticated ESP RSS pipe: 2211214.65 pkt/s 3184.26 MB/s
DOCA Authenticated ESP RSS pipe: 2211918.23 pkt/s 3185.27 MB/s
DOCA Authenticated ESP RSS pipe: 2207568.84 pkt/s 3179.01 MB/s
DOCA Drop pipe: 0.00 pkt/s 0.00 MB/s
DOCA Drop pipe: 0.00 pkt/s 0.00 MB/s

=== monitoring snapshot ===
Worker statistics:
  lcore=2 queue=0 rate=4384417.95 pkt/s 6313.77 MB/s
  lcore=3 queue=1 rate=4330486.96 pkt/s 6236.11 MB/s
  lcore=4 queue=2 rate=4419479.48 pkt/s 6364.26 MB/s
  lcore=5 queue=3 rate=4420394.92 pkt/s 6365.58 MB/s

Port 0 statistics:
  RX rate: 8777892.88 pkt/s 12626.12 MB/s (missed=1328129 errors=0 no_mbuf=0)
  RX queue  0: rate=2193018.87 pkt/s 3157.25 MB/s (errors=0)
  RX queue  1: rate=2165063.06 pkt/s 3104.90 MB/s (errors=0)
  RX queue  2: rate=2209288.86 pkt/s 3180.72 MB/s (errors=0)
  RX queue  3: rate=2210522.10 pkt/s 3183.26 MB/s (errors=0)

Port 1 statistics:
  RX rate: 8776933.83 pkt/s 12621.44 MB/s (missed=1332453 errors=0 no_mbuf=0)
  RX queue  0: rate=2191433.15 pkt/s 3155.01 MB/s (errors=0)
  RX queue  1: rate=2165457.83 pkt/s 3104.04 MB/s (errors=0)
  RX queue  2: rate=2210185.83 pkt/s 3180.90 MB/s (errors=0)
  RX queue  3: rate=2209857.03 pkt/s 3181.50 MB/s (errors=0)
DOCA software EGRESS host=2 packets=152149523 bytes=221529705488
DOCA software EGRESS host=3 packets=156128205 bytes=227322666480
DOCA ARP port=0 to_host=0 to_uplink=0
DOCA ARP port=1 to_host=0 to_uplink=0
DOCA To-Host pipe: 0.00 pkt/s 0.00 MB/s
DOCA To-Host pipe: 0.00 pkt/s 0.00 MB/s
DOCA Host decrypt pipe: 1087527.34 pkt/s 1566.09 MB/s
DOCA Host decrypt pipe: 1106459.77 pkt/s 1593.36 MB/s
DOCA Host decrypt pipe: 1105884.12 pkt/s 1592.53 MB/s
DOCA Host decrypt pipe: 1104604.90 pkt/s 1590.68 MB/s
DOCA Host decrypt pipe: 1103517.57 pkt/s 1589.12 MB/s
DOCA Host decrypt pipe: 1104668.86 pkt/s 1590.78 MB/s
DOCA Host decrypt pipe: 1105052.63 pkt/s 1591.33 MB/s
DOCA Host decrypt pipe: 1104093.21 pkt/s 1589.95 MB/s
DOCA Host decrypt pipe: 1097185.44 pkt/s 1580.00 MB/s
DOCA Host decrypt pipe: 1106203.92 pkt/s 1592.99 MB/s
DOCA Host decrypt pipe: 1105692.24 pkt/s 1592.25 MB/s
DOCA Host decrypt pipe: 1104285.10 pkt/s 1590.22 MB/s
DOCA Host decrypt pipe: 1107035.42 pkt/s 1594.18 MB/s
DOCA Host decrypt pipe: 1105244.51 pkt/s 1591.61 MB/s
DOCA Host decrypt pipe: 1105884.12 pkt/s 1592.53 MB/s
DOCA Host decrypt pipe: 1103069.84 pkt/s 1588.47 MB/s
DOCA Authenticated ESP RSS pipe: 2191044.90 pkt/s 3155.21 MB/s
DOCA Authenticated ESP RSS pipe: 2211128.63 pkt/s 3184.13 MB/s
DOCA Authenticated ESP RSS pipe: 2210936.75 pkt/s 3183.86 MB/s
DOCA Authenticated ESP RSS pipe: 2208698.11 pkt/s 3180.63 MB/s
DOCA Authenticated ESP RSS pipe: 2204220.85 pkt/s 3174.18 MB/s
DOCA Authenticated ESP RSS pipe: 2211448.43 pkt/s 3184.59 MB/s
DOCA Authenticated ESP RSS pipe: 2211576.36 pkt/s 3184.78 MB/s
DOCA Authenticated ESP RSS pipe: 2207354.94 pkt/s 3178.70 MB/s
DOCA Drop pipe: 0.00 pkt/s 0.00 MB/s
DOCA Drop pipe: 0.00 pkt/s 0.00 MB/s

=== monitoring snapshot ===
Worker statistics:
  lcore=2 queue=0 rate=4412134.33 pkt/s 6353.69 MB/s
  lcore=3 queue=1 rate=4113997.17 pkt/s 5924.35 MB/s
  lcore=4 queue=2 rate=4439193.10 pkt/s 6392.65 MB/s
  lcore=5 queue=3 rate=4432637.03 pkt/s 6383.21 MB/s

Port 0 statistics:
  RX rate: 8692332.49 pkt/s 12472.57 MB/s (missed=1490455 errors=0 no_mbuf=0)
  RX queue  0: rate=2199327.46 pkt/s 3166.71 MB/s (errors=0)
  RX queue  1: rate=2057034.38 pkt/s 2917.85 MB/s (errors=0)
  RX queue  2: rate=2219181.61 pkt/s 3195.73 MB/s (errors=0)
  RX queue  3: rate=2216789.04 pkt/s 3192.28 MB/s (errors=0)

Port 1 statistics:
  RX rate: 8705669.18 pkt/s 12487.30 MB/s (missed=1495262 errors=0 no_mbuf=0)
  RX queue  0: rate=2212794.32 pkt/s 3186.05 MB/s (errors=0)
  RX queue  1: rate=2056938.41 pkt/s 2914.19 MB/s (errors=0)
  RX queue  2: rate=2220049.98 pkt/s 3196.48 MB/s (errors=0)
  RX queue  3: rate=2215886.47 pkt/s 3190.57 MB/s (errors=0)
DOCA software EGRESS host=2 packets=160927805 bytes=234310884080
DOCA software EGRESS host=3 packets=164853610 bytes=240026856160
DOCA ARP port=0 to_host=0 to_uplink=0
DOCA ARP port=1 to_host=0 to_uplink=0
DOCA To-Host pipe: 0.00 pkt/s 0.00 MB/s
DOCA To-Host pipe: 0.00 pkt/s 0.00 MB/s
DOCA Host decrypt pipe: 1088053.33 pkt/s 1566.85 MB/s
DOCA Host decrypt pipe: 1106986.00 pkt/s 1594.11 MB/s
DOCA Host decrypt pipe: 1106410.35 pkt/s 1593.28 MB/s
DOCA Host decrypt pipe: 1104875.27 pkt/s 1591.07 MB/s
DOCA Host decrypt pipe: 1104192.68 pkt/s 1590.09 MB/s
DOCA Host decrypt pipe: 1105514.88 pkt/s 1591.99 MB/s
DOCA Host decrypt pipe: 1105898.65 pkt/s 1592.55 MB/s
DOCA Host decrypt pipe: 1104875.27 pkt/s 1591.07 MB/s
DOCA Host decrypt pipe: 1084343.55 pkt/s 1561.51 MB/s
DOCA Host decrypt pipe: 1108393.16 pkt/s 1596.14 MB/s
DOCA Host decrypt pipe: 1108201.28 pkt/s 1595.86 MB/s
DOCA Host decrypt pipe: 1106666.20 pkt/s 1593.65 MB/s
DOCA Host decrypt pipe: 1109544.47 pkt/s 1597.80 MB/s
DOCA Host decrypt pipe: 1107689.58 pkt/s 1595.13 MB/s
DOCA Host decrypt pipe: 1108329.20 pkt/s 1596.05 MB/s
DOCA Host decrypt pipe: 1105514.88 pkt/s 1591.99 MB/s
DOCA Authenticated ESP RSS pipe: 2192226.01 pkt/s 3156.91 MB/s
DOCA Authenticated ESP RSS pipe: 2212500.89 pkt/s 3186.11 MB/s
DOCA Authenticated ESP RSS pipe: 2212309.00 pkt/s 3185.83 MB/s
DOCA Authenticated ESP RSS pipe: 2209750.53 pkt/s 3182.15 MB/s
DOCA Authenticated ESP RSS pipe: 2193888.02 pkt/s 3159.30 MB/s
DOCA Authenticated ESP RSS pipe: 2216082.75 pkt/s 3191.27 MB/s
DOCA Authenticated ESP RSS pipe: 2216530.48 pkt/s 3191.91 MB/s
DOCA Authenticated ESP RSS pipe: 2212181.08 pkt/s 3185.65 MB/s
DOCA Drop pipe: 0.00 pkt/s 0.00 MB/s
DOCA Drop pipe: 0.00 pkt/s 0.00 MB/s

=== monitoring snapshot ===
Worker statistics:
  lcore=2 queue=0 rate=4411996.02 pkt/s 6353.49 MB/s
  lcore=3 queue=1 rate=4041238.18 pkt/s 5819.58 MB/s
  lcore=4 queue=2 rate=4439429.06 pkt/s 6392.99 MB/s
  lcore=5 queue=3 rate=4432876.11 pkt/s 6383.56 MB/s

Port 0 statistics:
  RX rate: 8655821.38 pkt/s 12414.41 MB/s (missed=1689418 errors=0 no_mbuf=0)
  RX queue  0: rate=2199214.01 pkt/s 3166.50 MB/s (errors=0)
  RX queue  1: rate=2020315.80 pkt/s 2859.44 MB/s (errors=0)
  RX queue  2: rate=2219180.64 pkt/s 3195.73 MB/s (errors=0)
  RX queue  3: rate=2217110.93 pkt/s 3192.75 MB/s (errors=0)

Port 1 statistics:
  RX rate: 8669695.18 pkt/s 12429.72 MB/s (missed=1694184 errors=0 no_mbuf=0)
  RX queue  0: rate=2212790.15 pkt/s 3186.04 MB/s (errors=0)
  RX queue  1: rate=2020954.46 pkt/s 2856.68 MB/s (errors=0)
  RX queue  2: rate=2220169.37 pkt/s 3196.61 MB/s (errors=0)
  RX queue  3: rate=2215781.21 pkt/s 3190.39 MB/s (errors=0)
DOCA software EGRESS host=2 packets=169618997 bytes=246965259632
DOCA software EGRESS host=3 packets=173538228 bytes=252671659968
DOCA ARP port=0 to_host=0 to_uplink=0
DOCA ARP port=1 to_host=0 to_uplink=0
DOCA To-Host pipe: 0.00 pkt/s 0.00 MB/s
DOCA To-Host pipe: 0.00 pkt/s 0.00 MB/s
DOCA Host decrypt pipe: 1090876.20 pkt/s 1570.91 MB/s
DOCA Host decrypt pipe: 1109776.94 pkt/s 1598.13 MB/s
DOCA Host decrypt pipe: 1109488.13 pkt/s 1597.72 MB/s
DOCA Host decrypt pipe: 1108145.00 pkt/s 1595.78 MB/s
DOCA Host decrypt pipe: 1107164.63 pkt/s 1594.37 MB/s
DOCA Host decrypt pipe: 1108166.98 pkt/s 1595.81 MB/s
DOCA Host decrypt pipe: 1108528.75 pkt/s 1596.33 MB/s
DOCA Host decrypt pipe: 1107441.45 pkt/s 1594.77 MB/s
DOCA Host decrypt pipe: 1100853.73 pkt/s 1585.28 MB/s
DOCA Host decrypt pipe: 1109871.88 pkt/s 1598.27 MB/s
DOCA Host decrypt pipe: 1109360.21 pkt/s 1597.53 MB/s
DOCA Host decrypt pipe: 1107889.16 pkt/s 1595.41 MB/s
DOCA Host decrypt pipe: 1110831.25 pkt/s 1599.65 MB/s
DOCA Host decrypt pipe: 1108819.56 pkt/s 1596.75 MB/s
DOCA Host decrypt pipe: 1109552.08 pkt/s 1597.81 MB/s
DOCA Host decrypt pipe: 1106801.87 pkt/s 1593.85 MB/s
DOCA Authenticated ESP RSS pipe: 2198060.82 pkt/s 3165.31 MB/s
DOCA Authenticated ESP RSS pipe: 2217941.92 pkt/s 3193.94 MB/s
DOCA Authenticated ESP RSS pipe: 2218016.88 pkt/s 3194.05 MB/s
DOCA Authenticated ESP RSS pipe: 2215586.45 pkt/s 3190.55 MB/s
DOCA Authenticated ESP RSS pipe: 2211684.98 pkt/s 3184.93 MB/s
DOCA Authenticated ESP RSS pipe: 2218688.44 pkt/s 3195.02 MB/s
DOCA Authenticated ESP RSS pipe: 2218912.29 pkt/s 3195.34 MB/s
DOCA Authenticated ESP RSS pipe: 2214691.03 pkt/s 3189.26 MB/s
DOCA Drop pipe: 0.00 pkt/s 0.00 MB/s
DOCA Drop pipe: 0.00 pkt/s 0.00 MB/s

=== monitoring snapshot ===
Worker statistics:
  lcore=2 queue=0 rate=4412349.36 pkt/s 6354.00 MB/s
  lcore=3 queue=1 rate=4063831.73 pkt/s 5852.11 MB/s
  lcore=4 queue=2 rate=4439346.74 pkt/s 6392.87 MB/s
  lcore=5 queue=3 rate=4432854.98 pkt/s 6383.52 MB/s

Port 0 statistics:
  RX rate: 8667390.64 pkt/s 12432.84 MB/s (missed=1876941 errors=0 no_mbuf=0)
  RX queue  0: rate=2199267.48 pkt/s 3166.63 MB/s (errors=0)
  RX queue  1: rate=2031931.78 pkt/s 2877.88 MB/s (errors=0)
  RX queue  2: rate=2219259.43 pkt/s 3195.84 MB/s (errors=0)
  RX queue  3: rate=2216931.95 pkt/s 3192.49 MB/s (errors=0)

Port 1 statistics:
  RX rate: 8681065.43 pkt/s 12446.70 MB/s (missed=1882847 errors=0 no_mbuf=0)
  RX queue  0: rate=2213051.45 pkt/s 3186.38 MB/s (errors=0)
  RX queue  1: rate=2031912.67 pkt/s 2873.23 MB/s (errors=0)
  RX queue  2: rate=2220168.76 pkt/s 3196.47 MB/s (errors=0)
  RX queue  3: rate=2215932.55 pkt/s 3190.62 MB/s (errors=0)
DOCA software EGRESS host=2 packets=178276127 bytes=259570040912
DOCA software EGRESS host=3 packets=182217032 bytes=265307998592
DOCA ARP port=0 to_host=0 to_uplink=0
DOCA ARP port=1 to_host=0 to_uplink=0
DOCA To-Host pipe: 0.00 pkt/s 0.00 MB/s
DOCA To-Host pipe: 0.00 pkt/s 0.00 MB/s
DOCA Host decrypt pipe: 1090862.22 pkt/s 1570.89 MB/s
DOCA Host decrypt pipe: 1109696.76 pkt/s 1598.02 MB/s
DOCA Host decrypt pipe: 1109409.95 pkt/s 1597.60 MB/s
DOCA Host decrypt pipe: 1108194.75 pkt/s 1595.85 MB/s
DOCA Host decrypt pipe: 1107043.51 pkt/s 1594.20 MB/s
DOCA Host decrypt pipe: 1108236.72 pkt/s 1595.91 MB/s
DOCA Host decrypt pipe: 1108514.54 pkt/s 1596.31 MB/s
DOCA Host decrypt pipe: 1107619.13 pkt/s 1595.02 MB/s
DOCA Host decrypt pipe: 1100967.53 pkt/s 1585.45 MB/s
DOCA Host decrypt pipe: 1109921.61 pkt/s 1598.34 MB/s
DOCA Host decrypt pipe: 1109409.95 pkt/s 1597.60 MB/s
DOCA Host decrypt pipe: 1107811.00 pkt/s 1595.30 MB/s
DOCA Host decrypt pipe: 1110753.06 pkt/s 1599.54 MB/s
DOCA Host decrypt pipe: 1108735.39 pkt/s 1596.63 MB/s
DOCA Host decrypt pipe: 1109473.90 pkt/s 1597.70 MB/s
DOCA Host decrypt pipe: 1106723.72 pkt/s 1593.74 MB/s
DOCA Authenticated ESP RSS pipe: 2197905.73 pkt/s 3165.09 MB/s
DOCA Authenticated ESP RSS pipe: 2217935.48 pkt/s 3193.93 MB/s
DOCA Authenticated ESP RSS pipe: 2217924.49 pkt/s 3193.92 MB/s
DOCA Authenticated ESP RSS pipe: 2215813.88 pkt/s 3190.88 MB/s
DOCA Authenticated ESP RSS pipe: 2211720.59 pkt/s 3184.98 MB/s
DOCA Authenticated ESP RSS pipe: 2218660.00 pkt/s 3194.98 MB/s
DOCA Authenticated ESP RSS pipe: 2218883.85 pkt/s 3195.30 MB/s
DOCA Authenticated ESP RSS pipe: 2214534.73 pkt/s 3189.04 MB/s
DOCA Drop pipe: 0.00 pkt/s 0.00 MB/s
DOCA Drop pipe: 0.00 pkt/s 0.00 MB/s

=== monitoring snapshot ===
Worker statistics:
  lcore=2 queue=0 rate=4407146.26 pkt/s 6346.50 MB/s
  lcore=3 queue=1 rate=4044516.72 pkt/s 5824.30 MB/s
  lcore=4 queue=2 rate=4437423.52 pkt/s 6390.10 MB/s
  lcore=5 queue=3 rate=4430135.27 pkt/s 6379.61 MB/s

Port 0 statistics:
  RX rate: 8651525.94 pkt/s 12410.81 MB/s (missed=2073037 errors=0 no_mbuf=0)
  RX queue  0: rate=2195661.72 pkt/s 3161.37 MB/s (errors=0)
  RX queue  1: rate=2022267.54 pkt/s 2864.85 MB/s (errors=0)
  RX queue  2: rate=2218282.87 pkt/s 3194.43 MB/s (errors=0)
  RX queue  3: rate=2215313.82 pkt/s 3190.16 MB/s (errors=0)

Port 1 statistics:
  RX rate: 8667593.05 pkt/s 12427.91 MB/s (missed=2080426 errors=0 no_mbuf=0)
  RX queue  0: rate=2211517.91 pkt/s 3184.19 MB/s (errors=0)
  RX queue  1: rate=2022213.32 pkt/s 2859.68 MB/s (errors=0)
  RX queue  2: rate=2219071.02 pkt/s 3195.07 MB/s (errors=0)
  RX queue  3: rate=2214790.79 pkt/s 3188.98 MB/s (errors=0)
DOCA software EGRESS host=2 packets=186944238 bytes=272190810528
DOCA software EGRESS host=3 packets=190899441 bytes=277949586096
DOCA ARP port=0 to_host=0 to_uplink=0
DOCA ARP port=1 to_host=0 to_uplink=0
DOCA To-Host pipe: 0.00 pkt/s 0.00 MB/s
DOCA To-Host pipe: 0.00 pkt/s 0.00 MB/s
DOCA Host decrypt pipe: 1090931.96 pkt/s 1570.99 MB/s
DOCA Host decrypt pipe: 1109799.57 pkt/s 1598.16 MB/s
DOCA Host decrypt pipe: 1109479.78 pkt/s 1597.70 MB/s
DOCA Host decrypt pipe: 1108076.70 pkt/s 1595.68 MB/s
DOCA Host decrypt pipe: 1107177.29 pkt/s 1594.39 MB/s
DOCA Host decrypt pipe: 1108264.58 pkt/s 1595.95 MB/s
DOCA Host decrypt pipe: 1108456.45 pkt/s 1596.23 MB/s
DOCA Host decrypt pipe: 1107561.04 pkt/s 1594.94 MB/s
DOCA Host decrypt pipe: 1100845.45 pkt/s 1585.27 MB/s
DOCA Host decrypt pipe: 1110567.07 pkt/s 1599.27 MB/s
DOCA Host decrypt pipe: 1109223.95 pkt/s 1597.34 MB/s
DOCA Host decrypt pipe: 1107816.87 pkt/s 1595.31 MB/s
DOCA Host decrypt pipe: 1110758.94 pkt/s 1599.55 MB/s
DOCA Host decrypt pipe: 1108584.37 pkt/s 1596.41 MB/s
DOCA Host decrypt pipe: 1109415.82 pkt/s 1597.61 MB/s
DOCA Host decrypt pipe: 1106665.63 pkt/s 1593.65 MB/s
DOCA Authenticated ESP RSS pipe: 2198109.25 pkt/s 3165.38 MB/s
DOCA Authenticated ESP RSS pipe: 2218064.15 pkt/s 3194.12 MB/s
DOCA Authenticated ESP RSS pipe: 2217936.24 pkt/s 3193.94 MB/s
DOCA Authenticated ESP RSS pipe: 2215633.75 pkt/s 3190.62 MB/s
DOCA Authenticated ESP RSS pipe: 2211604.39 pkt/s 3184.82 MB/s
DOCA Authenticated ESP RSS pipe: 2219151.44 pkt/s 3195.69 MB/s
DOCA Authenticated ESP RSS pipe: 2218639.78 pkt/s 3194.95 MB/s
DOCA Authenticated ESP RSS pipe: 2214482.50 pkt/s 3188.96 MB/s
DOCA Drop pipe: 0.00 pkt/s 0.00 MB/s
DOCA Drop pipe: 0.00 pkt/s 0.00 MB/s

=== monitoring snapshot ===
Worker statistics:
  lcore=2 queue=0 rate=4412265.84 pkt/s 6353.88 MB/s
  lcore=3 queue=1 rate=3948940.87 pkt/s 5686.67 MB/s
  lcore=4 queue=2 rate=4439062.73 pkt/s 6392.46 MB/s
  lcore=5 queue=3 rate=4432952.55 pkt/s 6383.67 MB/s

Port 0 statistics:
  RX rate: 8609422.98 pkt/s 12342.94 MB/s (missed=2317765 errors=0 no_mbuf=0)
  RX queue  0: rate=2199254.00 pkt/s 3166.59 MB/s (errors=0)
  RX queue  1: rate=1974100.40 pkt/s 2788.20 MB/s (errors=0)
  RX queue  2: rate=2218997.54 pkt/s 3195.46 MB/s (errors=0)
  RX queue  3: rate=2217071.04 pkt/s 3192.69 MB/s (errors=0)

Port 1 statistics:
  RX rate: 8623683.28 pkt/s 12358.81 MB/s (missed=2326378 errors=0 no_mbuf=0)
  RX queue  0: rate=2212978.06 pkt/s 3186.20 MB/s (errors=0)
  RX queue  1: rate=1974769.67 pkt/s 2785.47 MB/s (errors=0)
  RX queue  2: rate=2220076.68 pkt/s 3196.48 MB/s (errors=0)
  RX queue  3: rate=2215858.87 pkt/s 3190.66 MB/s (errors=0)
DOCA software EGRESS host=2 packets=195594135 bytes=284785060560
DOCA software EGRESS host=3 packets=199559085 bytes=290558027760
DOCA ARP port=0 to_host=0 to_uplink=0
DOCA ARP port=1 to_host=0 to_uplink=0
DOCA To-Host pipe: 0.00 pkt/s 0.00 MB/s
DOCA To-Host pipe: 0.00 pkt/s 0.00 MB/s
DOCA Host decrypt pipe: 1087770.63 pkt/s 1566.44 MB/s
DOCA Host decrypt pipe: 1109066.86 pkt/s 1597.11 MB/s
DOCA Host decrypt pipe: 1108875.00 pkt/s 1596.83 MB/s
DOCA Host decrypt pipe: 1106921.45 pkt/s 1594.02 MB/s
DOCA Host decrypt pipe: 1106444.80 pkt/s 1593.33 MB/s
DOCA Host decrypt pipe: 1107659.90 pkt/s 1595.08 MB/s
DOCA Host decrypt pipe: 1107915.71 pkt/s 1595.45 MB/s
DOCA Host decrypt pipe: 1106892.47 pkt/s 1593.98 MB/s
DOCA Host decrypt pipe: 1099985.58 pkt/s 1584.03 MB/s
DOCA Host decrypt pipe: 1110090.10 pkt/s 1598.58 MB/s
DOCA Host decrypt pipe: 1108614.20 pkt/s 1596.46 MB/s
DOCA Host decrypt pipe: 1107276.19 pkt/s 1594.53 MB/s
DOCA Host decrypt pipe: 1110345.91 pkt/s 1598.95 MB/s
DOCA Host decrypt pipe: 1108363.38 pkt/s 1596.10 MB/s
DOCA Host decrypt pipe: 1109002.91 pkt/s 1597.02 MB/s
DOCA Host decrypt pipe: 1106380.85 pkt/s 1593.24 MB/s
DOCA Authenticated ESP RSS pipe: 2194215.43 pkt/s 3159.78 MB/s
DOCA Authenticated ESP RSS pipe: 2216726.76 pkt/s 3192.19 MB/s
DOCA Authenticated ESP RSS pipe: 2216790.71 pkt/s 3192.29 MB/s
DOCA Authenticated ESP RSS pipe: 2213814.92 pkt/s 3188.00 MB/s
DOCA Authenticated ESP RSS pipe: 2210331.50 pkt/s 3182.98 MB/s
DOCA Authenticated ESP RSS pipe: 2218453.48 pkt/s 3194.68 MB/s
DOCA Authenticated ESP RSS pipe: 2217614.11 pkt/s 3193.47 MB/s
DOCA Authenticated ESP RSS pipe: 2213657.03 pkt/s 3187.77 MB/s
DOCA Drop pipe: 0.00 pkt/s 0.00 MB/s
DOCA Drop pipe: 0.00 pkt/s 0.00 MB/s

=== monitoring snapshot ===
Worker statistics:
  lcore=2 queue=0 rate=4412566.52 pkt/s 6354.31 MB/s
  lcore=3 queue=1 rate=4063832.10 pkt/s 5852.11 MB/s
  lcore=4 queue=2 rate=4439649.16 pkt/s 6393.31 MB/s
  lcore=5 queue=3 rate=4432750.33 pkt/s 6383.37 MB/s

Port 0 statistics:
  RX rate: 8667685.00 pkt/s 12432.33 MB/s (missed=2505087 errors=0 no_mbuf=0)
  RX queue  0: rate=2199508.42 pkt/s 3167.03 MB/s (errors=0)
  RX queue  1: rate=2031967.67 pkt/s 2876.95 MB/s (errors=0)
  RX queue  2: rate=2219167.30 pkt/s 3195.71 MB/s (errors=0)
  RX queue  3: rate=2217041.61 pkt/s 3192.65 MB/s (errors=0)

Port 1 statistics:
  RX rate: 8681208.25 pkt/s 12447.36 MB/s (missed=2515226 errors=0 no_mbuf=0)
  RX queue  0: rate=2213010.77 pkt/s 3186.36 MB/s (errors=0)
  RX queue  1: rate=2031920.31 pkt/s 2873.57 MB/s (errors=0)
  RX queue  2: rate=2220508.11 pkt/s 3197.11 MB/s (errors=0)
  RX queue  3: rate=2215769.06 pkt/s 3190.31 MB/s (errors=0)
DOCA software EGRESS host=2 packets=204195781 bytes=297309057136
DOCA software EGRESS host=3 packets=208187427 bytes=303120893712
DOCA ARP port=0 to_host=0 to_uplink=0
DOCA ARP port=1 to_host=0 to_uplink=0
DOCA To-Host pipe: 0.00 pkt/s 0.00 MB/s
DOCA To-Host pipe: 0.00 pkt/s 0.00 MB/s
DOCA Host decrypt pipe: 1091032.01 pkt/s 1571.14 MB/s
DOCA Host decrypt pipe: 1109745.34 pkt/s 1598.09 MB/s
DOCA Host decrypt pipe: 1109516.49 pkt/s 1597.76 MB/s
DOCA Host decrypt pipe: 1108396.19 pkt/s 1596.14 MB/s
DOCA Host decrypt pipe: 1107086.00 pkt/s 1594.26 MB/s
DOCA Host decrypt pipe: 1107725.60 pkt/s 1595.18 MB/s
DOCA Host decrypt pipe: 1108365.20 pkt/s 1596.10 MB/s
DOCA Host decrypt pipe: 1107597.68 pkt/s 1594.99 MB/s
DOCA Host decrypt pipe: 1101201.67 pkt/s 1585.78 MB/s
DOCA Host decrypt pipe: 1110859.65 pkt/s 1599.69 MB/s
DOCA Host decrypt pipe: 1110225.05 pkt/s 1598.78 MB/s
DOCA Host decrypt pipe: 1108045.40 pkt/s 1595.64 MB/s
DOCA Host decrypt pipe: 1110731.73 pkt/s 1599.51 MB/s
DOCA Host decrypt pipe: 1108876.89 pkt/s 1596.84 MB/s
DOCA Host decrypt pipe: 1109644.41 pkt/s 1597.94 MB/s
DOCA Host decrypt pipe: 1106830.16 pkt/s 1593.89 MB/s
DOCA Authenticated ESP RSS pipe: 2198118.01 pkt/s 3165.40 MB/s
DOCA Authenticated ESP RSS pipe: 2217468.95 pkt/s 3193.26 MB/s
DOCA Authenticated ESP RSS pipe: 2217881.69 pkt/s 3193.86 MB/s
DOCA Authenticated ESP RSS pipe: 2215996.87 pkt/s 3191.14 MB/s
DOCA Authenticated ESP RSS pipe: 2211933.40 pkt/s 3185.29 MB/s
DOCA Authenticated ESP RSS pipe: 2219736.54 pkt/s 3196.53 MB/s
DOCA Authenticated ESP RSS pipe: 2219872.45 pkt/s 3196.72 MB/s
DOCA Authenticated ESP RSS pipe: 2214875.57 pkt/s 3189.53 MB/s
DOCA Drop pipe: 0.00 pkt/s 0.00 MB/s
DOCA Drop pipe: 0.00 pkt/s 0.00 MB/s

=== monitoring snapshot ===
Worker statistics:
  lcore=2 queue=0 rate=4404234.37 pkt/s 6342.31 MB/s
  lcore=3 queue=1 rate=4123659.45 pkt/s 5938.27 MB/s
  lcore=4 queue=2 rate=4431417.22 pkt/s 6381.45 MB/s
  lcore=5 queue=3 rate=4422936.57 pkt/s 6369.24 MB/s

Port 0 statistics:
  RX rate: 8681929.56 pkt/s 12462.89 MB/s (missed=2656773 errors=0 no_mbuf=0)
  RX queue  0: rate=2195156.15 pkt/s 3160.73 MB/s (errors=0)
  RX queue  1: rate=2060793.14 pkt/s 2928.53 MB/s (errors=0)
  RX queue  2: rate=2215473.60 pkt/s 3190.39 MB/s (errors=0)
  RX queue  3: rate=2210506.67 pkt/s 3183.24 MB/s (errors=0)

Port 1 statistics:
  RX rate: 8700450.31 pkt/s 12483.67 MB/s (missed=2668462 errors=0 no_mbuf=0)
  RX queue  0: rate=2209182.47 pkt/s 3180.79 MB/s (errors=0)
  RX queue  1: rate=2062872.04 pkt/s 2926.94 MB/s (errors=0)
  RX queue  2: rate=2215987.30 pkt/s 3190.58 MB/s (errors=0)
  RX queue  3: rate=2212408.49 pkt/s 3185.36 MB/s (errors=0)
DOCA software EGRESS host=2 packets=212873180 bytes=309943350080
DOCA software EGRESS host=3 packets=216872864 bytes=315766889984
DOCA ARP port=0 to_host=0 to_uplink=0
DOCA ARP port=1 to_host=0 to_uplink=0
DOCA To-Host pipe: 0.00 pkt/s 0.00 MB/s
DOCA To-Host pipe: 0.00 pkt/s 0.00 MB/s
DOCA Host decrypt pipe: 1091157.77 pkt/s 1571.32 MB/s
DOCA Host decrypt pipe: 1109733.15 pkt/s 1598.07 MB/s
DOCA Host decrypt pipe: 1109514.29 pkt/s 1597.75 MB/s
DOCA Host decrypt pipe: 1108235.09 pkt/s 1595.91 MB/s
DOCA Host decrypt pipe: 1107147.77 pkt/s 1594.35 MB/s
DOCA Host decrypt pipe: 1108235.09 pkt/s 1595.91 MB/s
DOCA Host decrypt pipe: 1108426.97 pkt/s 1596.19 MB/s
DOCA Host decrypt pipe: 1107595.49 pkt/s 1594.99 MB/s
DOCA Host decrypt pipe: 1101135.53 pkt/s 1585.69 MB/s
DOCA Host decrypt pipe: 1110601.61 pkt/s 1599.32 MB/s
DOCA Host decrypt pipe: 1109130.53 pkt/s 1597.20 MB/s
DOCA Host decrypt pipe: 1107787.37 pkt/s 1595.27 MB/s
DOCA Host decrypt pipe: 1110708.55 pkt/s 1599.47 MB/s
DOCA Host decrypt pipe: 1108654.83 pkt/s 1596.52 MB/s
DOCA Host decrypt pipe: 1109450.33 pkt/s 1597.66 MB/s
DOCA Host decrypt pipe: 1106827.97 pkt/s 1593.89 MB/s
DOCA Authenticated ESP RSS pipe: 2198305.54 pkt/s 3165.67 MB/s
DOCA Authenticated ESP RSS pipe: 2217970.25 pkt/s 3193.98 MB/s
DOCA Authenticated ESP RSS pipe: 2217941.26 pkt/s 3193.94 MB/s
DOCA Authenticated ESP RSS pipe: 2215830.58 pkt/s 3190.90 MB/s
DOCA Authenticated ESP RSS pipe: 2211843.08 pkt/s 3185.16 MB/s
DOCA Authenticated ESP RSS pipe: 2219254.44 pkt/s 3195.83 MB/s
DOCA Authenticated ESP RSS pipe: 2218580.86 pkt/s 3194.86 MB/s
DOCA Authenticated ESP RSS pipe: 2214615.34 pkt/s 3189.15 MB/s
DOCA Drop pipe: 0.00 pkt/s 0.00 MB/s
DOCA Drop pipe: 0.00 pkt/s 0.00 MB/s

=== monitoring snapshot ===
Worker statistics:
  lcore=2 queue=0 rate=4412366.05 pkt/s 6354.02 MB/s
  lcore=3 queue=1 rate=4123264.15 pkt/s 5937.70 MB/s
  lcore=4 queue=2 rate=4439360.51 pkt/s 6392.89 MB/s
  lcore=5 queue=3 rate=4433025.39 pkt/s 6383.77 MB/s

Port 0 statistics:
  RX rate: 8696806.98 pkt/s 12480.62 MB/s (missed=2814302 errors=0 no_mbuf=0)
  RX queue  0: rate=2199348.50 pkt/s 3166.71 MB/s (errors=0)
  RX queue  1: rate=2061601.39 pkt/s 2926.06 MB/s (errors=0)
  RX queue  2: rate=2218983.39 pkt/s 3195.44 MB/s (errors=0)
  RX queue  3: rate=2216873.69 pkt/s 3192.41 MB/s (errors=0)

Port 1 statistics:
  RX rate: 8710973.08 pkt/s 12496.91 MB/s (missed=2827652 errors=0 no_mbuf=0)
  RX queue  0: rate=2212934.63 pkt/s 3186.12 MB/s (errors=0)
  RX queue  1: rate=2061626.74 pkt/s 2923.12 MB/s (errors=0)
  RX queue  2: rate=2220315.04 pkt/s 3196.85 MB/s (errors=0)
  RX queue  3: rate=2216096.67 pkt/s 3190.83 MB/s (errors=0)
DOCA software EGRESS host=2 packets=221558296 bytes=322588878976
DOCA software EGRESS host=3 packets=225592524 bytes=328462714944
DOCA ARP port=0 to_host=0 to_uplink=0
DOCA ARP port=1 to_host=0 to_uplink=0
DOCA To-Host pipe: 0.00 pkt/s 0.00 MB/s
DOCA To-Host pipe: 0.00 pkt/s 0.00 MB/s
DOCA Host decrypt pipe: 1088751.42 pkt/s 1567.85 MB/s
DOCA Host decrypt pipe: 1107492.11 pkt/s 1594.84 MB/s
DOCA Host decrypt pipe: 1107811.92 pkt/s 1595.30 MB/s
DOCA Host decrypt pipe: 1103590.47 pkt/s 1589.22 MB/s
DOCA Host decrypt pipe: 1105317.43 pkt/s 1591.71 MB/s
DOCA Host decrypt pipe: 1103846.31 pkt/s 1589.59 MB/s
DOCA Host decrypt pipe: 1106468.73 pkt/s 1593.37 MB/s
DOCA Host decrypt pipe: 1105723.18 pkt/s 1592.29 MB/s
DOCA Host decrypt pipe: 1099177.13 pkt/s 1582.87 MB/s
DOCA Host decrypt pipe: 1107819.92 pkt/s 1595.31 MB/s
DOCA Host decrypt pipe: 1107492.11 pkt/s 1594.84 MB/s
DOCA Host decrypt pipe: 1106276.85 pkt/s 1593.09 MB/s
DOCA Host decrypt pipe: 1109112.14 pkt/s 1597.17 MB/s
DOCA Host decrypt pipe: 1107354.20 pkt/s 1594.64 MB/s
DOCA Host decrypt pipe: 1107811.92 pkt/s 1595.30 MB/s
DOCA Host decrypt pipe: 1105381.39 pkt/s 1591.80 MB/s
DOCA Authenticated ESP RSS pipe: 2194068.84 pkt/s 3159.56 MB/s
DOCA Authenticated ESP RSS pipe: 2211338.43 pkt/s 3184.43 MB/s
DOCA Authenticated ESP RSS pipe: 2214280.65 pkt/s 3188.67 MB/s
DOCA Authenticated ESP RSS pipe: 2209309.65 pkt/s 3181.51 MB/s
DOCA Authenticated ESP RSS pipe: 2208290.26 pkt/s 3180.04 MB/s
DOCA Authenticated ESP RSS pipe: 2215173.11 pkt/s 3189.96 MB/s
DOCA Authenticated ESP RSS pipe: 2215304.03 pkt/s 3190.14 MB/s
DOCA Authenticated ESP RSS pipe: 2211658.23 pkt/s 3184.89 MB/s
DOCA Drop pipe: 0.00 pkt/s 0.00 MB/s
DOCA Drop pipe: 0.00 pkt/s 0.00 MB/s

=== monitoring snapshot ===
Worker statistics:
  lcore=2 queue=0 rate=4412214.65 pkt/s 6353.80 MB/s
  lcore=3 queue=1 rate=4054090.75 pkt/s 5838.09 MB/s
  lcore=4 queue=2 rate=4438732.65 pkt/s 6391.99 MB/s
  lcore=5 queue=3 rate=4431885.78 pkt/s 6382.13 MB/s

Port 0 statistics:
  RX rate: 8661192.86 pkt/s 12421.92 MB/s (missed=3006377 errors=0 no_mbuf=0)
  RX queue  0: rate=2199423.46 pkt/s 3166.90 MB/s (errors=0)
  RX queue  1: rate=2027002.06 pkt/s 2868.74 MB/s (errors=0)
  RX queue  2: rate=2218698.88 pkt/s 3195.03 MB/s (errors=0)
  RX queue  3: rate=2216068.46 pkt/s 3191.25 MB/s (errors=0)

Port 1 statistics:
  RX rate: 8675853.81 pkt/s 12438.22 MB/s (missed=3021090 errors=0 no_mbuf=0)
  RX queue  0: rate=2212815.88 pkt/s 3186.10 MB/s (errors=0)
  RX queue  1: rate=2027111.34 pkt/s 2865.02 MB/s (errors=0)
  RX queue  2: rate=2220043.55 pkt/s 3196.51 MB/s (errors=0)
  RX queue  3: rate=2215883.04 pkt/s 3190.59 MB/s (errors=0)
DOCA software EGRESS host=2 packets=230253359 bytes=335248890704
DOCA software EGRESS host=3 packets=234288818 bytes=341124519008
DOCA ARP port=0 to_host=0 to_uplink=0
DOCA ARP port=1 to_host=0 to_uplink=0
DOCA To-Host pipe: 0.00 pkt/s 0.00 MB/s
DOCA To-Host pipe: 0.00 pkt/s 0.00 MB/s
DOCA Host decrypt pipe: 1090983.39 pkt/s 1571.07 MB/s
DOCA Host decrypt pipe: 1109468.13 pkt/s 1597.69 MB/s
DOCA Host decrypt pipe: 1109532.09 pkt/s 1597.78 MB/s
DOCA Host decrypt pipe: 1108316.83 pkt/s 1596.03 MB/s
DOCA Host decrypt pipe: 1107195.52 pkt/s 1594.41 MB/s
DOCA Host decrypt pipe: 1108316.83 pkt/s 1596.03 MB/s
DOCA Host decrypt pipe: 1108380.79 pkt/s 1596.12 MB/s
DOCA Host decrypt pipe: 1107399.39 pkt/s 1594.71 MB/s
DOCA Host decrypt pipe: 1101025.28 pkt/s 1585.53 MB/s
DOCA Host decrypt pipe: 1110803.32 pkt/s 1599.61 MB/s
DOCA Host decrypt pipe: 1110107.74 pkt/s 1598.61 MB/s
DOCA Host decrypt pipe: 1108060.99 pkt/s 1595.66 MB/s
DOCA Host decrypt pipe: 1110747.35 pkt/s 1599.53 MB/s
DOCA Host decrypt pipe: 1108866.50 pkt/s 1596.82 MB/s
DOCA Host decrypt pipe: 1109532.09 pkt/s 1597.78 MB/s
DOCA Host decrypt pipe: 1106781.77 pkt/s 1593.82 MB/s
DOCA Authenticated ESP RSS pipe: 2198176.91 pkt/s 3165.48 MB/s
DOCA Authenticated ESP RSS pipe: 2217784.97 pkt/s 3193.72 MB/s
DOCA Authenticated ESP RSS pipe: 2217912.89 pkt/s 3193.90 MB/s
DOCA Authenticated ESP RSS pipe: 2215720.22 pkt/s 3190.74 MB/s
DOCA Authenticated ESP RSS pipe: 2211772.63 pkt/s 3185.06 MB/s
DOCA Authenticated ESP RSS pipe: 2219672.82 pkt/s 3196.44 MB/s
DOCA Authenticated ESP RSS pipe: 2219639.84 pkt/s 3196.39 MB/s
DOCA Authenticated ESP RSS pipe: 2214842.76 pkt/s 3189.48 MB/s
DOCA Drop pipe: 0.00 pkt/s 0.00 MB/s
DOCA Drop pipe: 0.00 pkt/s 0.00 MB/s

=== monitoring snapshot ===
Worker statistics:
  lcore=2 queue=0 rate=4403771.16 pkt/s 6341.64 MB/s
  lcore=3 queue=1 rate=4106554.13 pkt/s 5913.64 MB/s
  lcore=4 queue=2 rate=4431398.06 pkt/s 6381.43 MB/s
  lcore=5 queue=3 rate=4421711.06 pkt/s 6367.48 MB/s

Port 0 statistics:
  RX rate: 8671660.73 pkt/s 12444.64 MB/s (missed=3168773 errors=0 no_mbuf=0)
  RX queue  0: rate=2194443.55 pkt/s 3159.60 MB/s (errors=0)
  RX queue  1: rate=2052997.91 pkt/s 2913.96 MB/s (errors=0)
  RX queue  2: rate=2214887.92 pkt/s 3189.55 MB/s (errors=0)
  RX queue  3: rate=2209331.35 pkt/s 3181.54 MB/s (errors=0)

Port 1 statistics:
  RX rate: 8691731.79 pkt/s 12468.61 MB/s (missed=3184429 errors=0 no_mbuf=0)
  RX queue  0: rate=2209255.45 pkt/s 3180.88 MB/s (errors=0)
  RX queue  1: rate=2053603.87 pkt/s 2911.05 MB/s (errors=0)
  RX queue  2: rate=2216482.97 pkt/s 3191.16 MB/s (errors=0)
  RX queue  3: rate=2212389.51 pkt/s 3185.53 MB/s (errors=0)
DOCA software EGRESS host=2 packets=238916073 bytes=347861802288
DOCA software EGRESS host=3 packets=242961505 bytes=353751951280
DOCA ARP port=0 to_host=0 to_uplink=0
DOCA ARP port=1 to_host=0 to_uplink=0
DOCA To-Host pipe: 0.00 pkt/s 0.00 MB/s
DOCA To-Host pipe: 0.00 pkt/s 0.00 MB/s
DOCA Host decrypt pipe: 1091109.52 pkt/s 1571.25 MB/s
DOCA Host decrypt pipe: 1109466.31 pkt/s 1597.68 MB/s
DOCA Host decrypt pipe: 1109210.46 pkt/s 1597.32 MB/s
DOCA Host decrypt pipe: 1107291.63 pkt/s 1594.55 MB/s
DOCA Host decrypt pipe: 1107133.73 pkt/s 1594.33 MB/s
DOCA Host decrypt pipe: 1108440.93 pkt/s 1596.21 MB/s
DOCA Host decrypt pipe: 1108315.01 pkt/s 1596.03 MB/s
DOCA Host decrypt pipe: 1107547.48 pkt/s 1594.92 MB/s
DOCA Host decrypt pipe: 1101151.38 pkt/s 1585.71 MB/s
DOCA Host decrypt pipe: 1110425.72 pkt/s 1599.07 MB/s
DOCA Host decrypt pipe: 1109146.50 pkt/s 1597.22 MB/s
DOCA Host decrypt pipe: 1107995.20 pkt/s 1595.57 MB/s
DOCA Host decrypt pipe: 1110617.60 pkt/s 1599.34 MB/s
DOCA Host decrypt pipe: 1108890.66 pkt/s 1596.86 MB/s
DOCA Host decrypt pipe: 1109514.28 pkt/s 1597.75 MB/s
DOCA Host decrypt pipe: 1106907.87 pkt/s 1594.00 MB/s
DOCA Authenticated ESP RSS pipe: 2198245.25 pkt/s 3165.58 MB/s
DOCA Authenticated ESP RSS pipe: 2217904.24 pkt/s 3193.89 MB/s
DOCA Authenticated ESP RSS pipe: 2217525.47 pkt/s 3193.34 MB/s
DOCA Authenticated ESP RSS pipe: 2214839.11 pkt/s 3189.48 MB/s
DOCA Authenticated ESP RSS pipe: 2211768.99 pkt/s 3185.05 MB/s
DOCA Authenticated ESP RSS pipe: 2219316.38 pkt/s 3195.92 MB/s
DOCA Authenticated ESP RSS pipe: 2218656.78 pkt/s 3194.97 MB/s
DOCA Authenticated ESP RSS pipe: 2214903.07 pkt/s 3189.57 MB/s
DOCA Drop pipe: 0.00 pkt/s 0.00 MB/s
DOCA Drop pipe: 0.00 pkt/s 0.00 MB/s

=== monitoring snapshot ===
Worker statistics:
  lcore=2 queue=0 rate=2799108.48 pkt/s 4030.85 MB/s
  lcore=3 queue=1 rate=2581049.18 pkt/s 3716.84 MB/s
  lcore=4 queue=2 rate=2816219.14 pkt/s 4055.49 MB/s
  lcore=5 queue=3 rate=2812125.62 pkt/s 4049.60 MB/s

Port 0 statistics:
  RX rate: 5499510.54 pkt/s 7888.71 MB/s (missed=3287288 errors=0 no_mbuf=0)
  RX queue  0: rate=1395201.54 pkt/s 2008.81 MB/s (errors=0)
  RX queue  1: rate=1290367.94 pkt/s 1827.69 MB/s (errors=0)
  RX queue  2: rate=1407674.11 pkt/s 2027.12 MB/s (errors=0)
  RX queue  3: rate=1406266.95 pkt/s 2025.09 MB/s (errors=0)

Port 1 statistics:
  RX rate: 5507035.93 pkt/s 7896.26 MB/s (missed=3303463 errors=0 no_mbuf=0)
  RX queue  0: rate=1403430.40 pkt/s 2020.62 MB/s (errors=0)
  RX queue  1: rate=1290156.45 pkt/s 1824.64 MB/s (errors=0)
  RX queue  2: rate=1408099.76 pkt/s 2027.48 MB/s (errors=0)
  RX queue  3: rate=1405349.32 pkt/s 2023.52 MB/s (errors=0)
DOCA software EGRESS host=2 packets=247591793 bytes=360493650608
DOCA software EGRESS host=3 packets=251662824 bytes=366421071744
DOCA ARP port=0 to_host=0 to_uplink=0
DOCA ARP port=1 to_host=0 to_uplink=0
DOCA To-Host pipe: 0.00 pkt/s 0.00 MB/s
DOCA To-Host pipe: 0.00 pkt/s 0.00 MB/s
DOCA Host decrypt pipe: 1088292.51 pkt/s 1567.19 MB/s
DOCA Host decrypt pipe: 1107801.69 pkt/s 1595.29 MB/s
DOCA Host decrypt pipe: 1107162.04 pkt/s 1594.37 MB/s
DOCA Host decrypt pipe: 1102748.49 pkt/s 1588.01 MB/s
DOCA Host decrypt pipe: 1105243.11 pkt/s 1591.60 MB/s
DOCA Host decrypt pipe: 1106524.40 pkt/s 1593.45 MB/s
DOCA Host decrypt pipe: 1106714.29 pkt/s 1593.72 MB/s
DOCA Host decrypt pipe: 1105690.86 pkt/s 1592.25 MB/s
DOCA Host decrypt pipe: 1099550.26 pkt/s 1583.41 MB/s
DOCA Host decrypt pipe: 1108953.05 pkt/s 1596.95 MB/s
DOCA Host decrypt pipe: 1108057.55 pkt/s 1595.66 MB/s
DOCA Host decrypt pipe: 1106266.54 pkt/s 1593.08 MB/s
DOCA Host decrypt pipe: 1109080.98 pkt/s 1597.13 MB/s
DOCA Host decrypt pipe: 1107098.08 pkt/s 1594.27 MB/s
DOCA Host decrypt pipe: 1107753.71 pkt/s 1595.22 MB/s
DOCA Host decrypt pipe: 1105243.11 pkt/s 1591.60 MB/s
DOCA Authenticated ESP RSS pipe: 2193535.61 pkt/s 3158.80 MB/s
DOCA Authenticated ESP RSS pipe: 2214329.08 pkt/s 3188.74 MB/s
DOCA Authenticated ESP RSS pipe: 2213876.33 pkt/s 3188.09 MB/s
DOCA Authenticated ESP RSS pipe: 2208439.35 pkt/s 3180.26 MB/s
DOCA Authenticated ESP RSS pipe: 2208631.24 pkt/s 3180.54 MB/s
DOCA Authenticated ESP RSS pipe: 2216051.13 pkt/s 3191.22 MB/s
DOCA Authenticated ESP RSS pipe: 2215815.26 pkt/s 3190.88 MB/s
DOCA Authenticated ESP RSS pipe: 2211509.64 pkt/s 3184.68 MB/s
DOCA Drop pipe: 0.00 pkt/s 0.00 MB/s
DOCA Drop pipe: 0.00 pkt/s 0.00 MB/s

=== monitoring snapshot ===
Worker statistics:
  lcore=2 queue=0 rate=0.00 pkt/s 0.00 MB/s
  lcore=3 queue=1 rate=0.00 pkt/s 0.00 MB/s
  lcore=4 queue=2 rate=0.00 pkt/s 0.00 MB/s
  lcore=5 queue=3 rate=0.00 pkt/s 0.00 MB/s

Port 0 statistics:
  RX rate: 0.00 pkt/s 0.00 MB/s (missed=3287288 errors=0 no_mbuf=0)
  RX queue  0: rate=0.00 pkt/s 0.00 MB/s (errors=0)
  RX queue  1: rate=0.00 pkt/s 0.00 MB/s (errors=0)
  RX queue  2: rate=0.00 pkt/s 0.00 MB/s (errors=0)
  RX queue  3: rate=0.00 pkt/s 0.00 MB/s (errors=0)

Port 1 statistics:
  RX rate: 0.00 pkt/s 0.00 MB/s (missed=3303463 errors=0 no_mbuf=0)
  RX queue  0: rate=0.00 pkt/s 0.00 MB/s (errors=0)
  RX queue  1: rate=0.00 pkt/s 0.00 MB/s (errors=0)
  RX queue  2: rate=0.00 pkt/s 0.00 MB/s (errors=0)
  RX queue  3: rate=0.00 pkt/s 0.00 MB/s (errors=0)
DOCA software EGRESS host=2 packets=252639624 bytes=367843292544
DOCA software EGRESS host=3 packets=253033305 bytes=368416492080
DOCA ARP port=0 to_host=0 to_uplink=0
DOCA ARP port=1 to_host=0 to_uplink=0
DOCA To-Host pipe: 0.00 pkt/s 0.00 MB/s
DOCA To-Host pipe: 0.00 pkt/s 0.00 MB/s
DOCA Host decrypt pipe: 635562.03 pkt/s 915.24 MB/s
DOCA Host decrypt pipe: 646308.25 pkt/s 930.72 MB/s
DOCA Host decrypt pipe: 646308.25 pkt/s 930.72 MB/s
DOCA Host decrypt pipe: 645604.63 pkt/s 929.70 MB/s
DOCA Host decrypt pipe: 645028.94 pkt/s 928.87 MB/s
DOCA Host decrypt pipe: 645988.42 pkt/s 930.25 MB/s
DOCA Host decrypt pipe: 645796.52 pkt/s 929.98 MB/s
DOCA Host decrypt pipe: 645220.83 pkt/s 929.15 MB/s
DOCA Host decrypt pipe: 173730.52 pkt/s 250.18 MB/s
DOCA Host decrypt pipe: 175457.59 pkt/s 252.67 MB/s
DOCA Host decrypt pipe: 175265.70 pkt/s 252.39 MB/s
DOCA Host decrypt pipe: 175009.83 pkt/s 252.02 MB/s
DOCA Host decrypt pipe: 175521.56 pkt/s 252.76 MB/s
DOCA Host decrypt pipe: 175137.77 pkt/s 252.21 MB/s
DOCA Host decrypt pipe: 175265.70 pkt/s 252.39 MB/s
DOCA Host decrypt pipe: 174881.90 pkt/s 251.84 MB/s
DOCA Authenticated ESP RSS pipe: 1280590.97 pkt/s 1844.11 MB/s
DOCA Authenticated ESP RSS pipe: 1292296.67 pkt/s 1860.97 MB/s
DOCA Authenticated ESP RSS pipe: 1292104.77 pkt/s 1860.69 MB/s
DOCA Authenticated ESP RSS pipe: 1290825.46 pkt/s 1858.85 MB/s
DOCA Authenticated ESP RSS pipe: 349252.08 pkt/s 502.94 MB/s
DOCA Authenticated ESP RSS pipe: 350595.36 pkt/s 504.87 MB/s
DOCA Authenticated ESP RSS pipe: 350531.39 pkt/s 504.78 MB/s
DOCA Authenticated ESP RSS pipe: 349891.74 pkt/s 503.86 MB/s
DOCA Drop pipe: 0.00 pkt/s 0.00 MB/s
DOCA Drop pipe: 0.00 pkt/s 0.00 MB/s

=== monitoring snapshot ===
Worker statistics:
  lcore=2 queue=0 rate=0.00 pkt/s 0.00 MB/s
  lcore=3 queue=1 rate=0.00 pkt/s 0.00 MB/s
  lcore=4 queue=2 rate=0.00 pkt/s 0.00 MB/s
  lcore=5 queue=3 rate=0.00 pkt/s 0.00 MB/s

Port 0 statistics:
  RX rate: 0.00 pkt/s 0.00 MB/s (missed=3287288 errors=0 no_mbuf=0)
  RX queue  0: rate=0.00 pkt/s 0.00 MB/s (errors=0)
  RX queue  1: rate=0.00 pkt/s 0.00 MB/s (errors=0)
  RX queue  2: rate=0.00 pkt/s 0.00 MB/s (errors=0)
  RX queue  3: rate=0.00 pkt/s 0.00 MB/s (errors=0)

Port 1 statistics:
  RX rate: 0.00 pkt/s 0.00 MB/s (missed=3303463 errors=0 no_mbuf=0)
  RX queue  0: rate=0.00 pkt/s 0.00 MB/s (errors=0)
  RX queue  1: rate=0.00 pkt/s 0.00 MB/s (errors=0)
  RX queue  2: rate=0.00 pkt/s 0.00 MB/s (errors=0)
  RX queue  3: rate=0.00 pkt/s 0.00 MB/s (errors=0)
DOCA software EGRESS host=2 packets=252639624 bytes=367843292544
DOCA software EGRESS host=3 packets=253033305 bytes=368416492080
DOCA ARP port=0 to_host=0 to_uplink=0
DOCA ARP port=1 to_host=0 to_uplink=0
DOCA To-Host pipe: 0.00 pkt/s 0.00 MB/s
DOCA To-Host pipe: 0.00 pkt/s 0.00 MB/s
DOCA Host decrypt pipe: 0.00 pkt/s 0.00 MB/s
DOCA Host decrypt pipe: 0.00 pkt/s 0.00 MB/s
DOCA Host decrypt pipe: 0.00 pkt/s 0.00 MB/s
DOCA Host decrypt pipe: 0.00 pkt/s 0.00 MB/s
DOCA Host decrypt pipe: 0.00 pkt/s 0.00 MB/s
DOCA Host decrypt pipe: 0.00 pkt/s 0.00 MB/s
DOCA Host decrypt pipe: 0.00 pkt/s 0.00 MB/s
DOCA Host decrypt pipe: 0.00 pkt/s 0.00 MB/s
DOCA Host decrypt pipe: 0.00 pkt/s 0.00 MB/s
DOCA Host decrypt pipe: 0.00 pkt/s 0.00 MB/s
DOCA Host decrypt pipe: 0.00 pkt/s 0.00 MB/s
DOCA Host decrypt pipe: 0.00 pkt/s 0.00 MB/s
DOCA Host decrypt pipe: 0.00 pkt/s 0.00 MB/s
DOCA Host decrypt pipe: 0.00 pkt/s 0.00 MB/s
DOCA Host decrypt pipe: 0.00 pkt/s 0.00 MB/s
DOCA Host decrypt pipe: 0.00 pkt/s 0.00 MB/s
DOCA Authenticated ESP RSS pipe: 0.00 pkt/s 0.00 MB/s
DOCA Authenticated ESP RSS pipe: 0.00 pkt/s 0.00 MB/s
DOCA Authenticated ESP RSS pipe: 0.00 pkt/s 0.00 MB/s
DOCA Authenticated ESP RSS pipe: 0.00 pkt/s 0.00 MB/s
DOCA Authenticated ESP RSS pipe: 0.00 pkt/s 0.00 MB/s
DOCA Authenticated ESP RSS pipe: 0.00 pkt/s 0.00 MB/s
DOCA Authenticated ESP RSS pipe: 0.00 pkt/s 0.00 MB/s
DOCA Authenticated ESP RSS pipe: 0.00 pkt/s 0.00 MB/s
DOCA Drop pipe: 0.00 pkt/s 0.00 MB/s
DOCA Drop pipe: 0.00 pkt/s 0.00 MB/s

=== monitoring snapshot ===
Worker statistics:
  lcore=2 queue=0 rate=0.00 pkt/s 0.00 MB/s
  lcore=3 queue=1 rate=0.00 pkt/s 0.00 MB/s
  lcore=4 queue=2 rate=0.00 pkt/s 0.00 MB/s
  lcore=5 queue=3 rate=0.00 pkt/s 0.00 MB/s

Port 0 statistics:
  RX rate: 0.00 pkt/s 0.00 MB/s (missed=3287288 errors=0 no_mbuf=0)
  RX queue  0: rate=0.00 pkt/s 0.00 MB/s (errors=0)
  RX queue  1: rate=0.00 pkt/s 0.00 MB/s (errors=0)
  RX queue  2: rate=0.00 pkt/s 0.00 MB/s (errors=0)
  RX queue  3: rate=0.00 pkt/s 0.00 MB/s (errors=0)

Port 1 statistics:
  RX rate: 0.00 pkt/s 0.00 MB/s (missed=3303463 errors=0 no_mbuf=0)
  RX queue  0: rate=0.00 pkt/s 0.00 MB/s (errors=0)
  RX queue  1: rate=0.00 pkt/s 0.00 MB/s (errors=0)
  RX queue  2: rate=0.00 pkt/s 0.00 MB/s (errors=0)
  RX queue  3: rate=0.00 pkt/s 0.00 MB/s (errors=0)
DOCA software EGRESS host=2 packets=252639624 bytes=367843292544
DOCA software EGRESS host=3 packets=253033305 bytes=368416492080
DOCA ARP port=0 to_host=0 to_uplink=0
DOCA ARP port=1 to_host=0 to_uplink=0
DOCA To-Host pipe: 0.00 pkt/s 0.00 MB/s
DOCA To-Host pipe: 0.00 pkt/s 0.00 MB/s
DOCA Host decrypt pipe: 0.00 pkt/s 0.00 MB/s
DOCA Host decrypt pipe: 0.00 pkt/s 0.00 MB/s
DOCA Host decrypt pipe: 0.00 pkt/s 0.00 MB/s
DOCA Host decrypt pipe: 0.00 pkt/s 0.00 MB/s
DOCA Host decrypt pipe: 0.00 pkt/s 0.00 MB/s
DOCA Host decrypt pipe: 0.00 pkt/s 0.00 MB/s
DOCA Host decrypt pipe: 0.00 pkt/s 0.00 MB/s
DOCA Host decrypt pipe: 0.00 pkt/s 0.00 MB/s
DOCA Host decrypt pipe: 0.00 pkt/s 0.00 MB/s
DOCA Host decrypt pipe: 0.00 pkt/s 0.00 MB/s
DOCA Host decrypt pipe: 0.00 pkt/s 0.00 MB/s
DOCA Host decrypt pipe: 0.00 pkt/s 0.00 MB/s
DOCA Host decrypt pipe: 0.00 pkt/s 0.00 MB/s
DOCA Host decrypt pipe: 0.00 pkt/s 0.00 MB/s
DOCA Host decrypt pipe: 0.00 pkt/s 0.00 MB/s
DOCA Host decrypt pipe: 0.00 pkt/s 0.00 MB/s
DOCA Authenticated ESP RSS pipe: 0.00 pkt/s 0.00 MB/s
DOCA Authenticated ESP RSS pipe: 0.00 pkt/s 0.00 MB/s
DOCA Authenticated ESP RSS pipe: 0.00 pkt/s 0.00 MB/s
DOCA Authenticated ESP RSS pipe: 0.00 pkt/s 0.00 MB/s
DOCA Authenticated ESP RSS pipe: 0.00 pkt/s 0.00 MB/s
DOCA Authenticated ESP RSS pipe: 0.00 pkt/s 0.00 MB/s
DOCA Authenticated ESP RSS pipe: 0.00 pkt/s 0.00 MB/s
DOCA Authenticated ESP RSS pipe: 0.00 pkt/s 0.00 MB/s
DOCA Drop pipe: 0.00 pkt/s 0.00 MB/s
DOCA Drop pipe: 0.00 pkt/s 0.00 MB/s

=== monitoring snapshot ===
Worker statistics:
  lcore=2 queue=0 rate=0.00 pkt/s 0.00 MB/s
  lcore=3 queue=1 rate=0.00 pkt/s 0.00 MB/s
  lcore=4 queue=2 rate=0.00 pkt/s 0.00 MB/s
  lcore=5 queue=3 rate=0.00 pkt/s 0.00 MB/s

Port 0 statistics:
  RX rate: 0.00 pkt/s 0.00 MB/s (missed=3287288 errors=0 no_mbuf=0)
  RX queue  0: rate=0.00 pkt/s 0.00 MB/s (errors=0)
  RX queue  1: rate=0.00 pkt/s 0.00 MB/s (errors=0)
  RX queue  2: rate=0.00 pkt/s 0.00 MB/s (errors=0)
  RX queue  3: rate=0.00 pkt/s 0.00 MB/s (errors=0)

Port 1 statistics:
  RX rate: 0.00 pkt/s 0.00 MB/s (missed=3303463 errors=0 no_mbuf=0)
  RX queue  0: rate=0.00 pkt/s 0.00 MB/s (errors=0)
  RX queue  1: rate=0.00 pkt/s 0.00 MB/s (errors=0)
  RX queue  2: rate=0.00 pkt/s 0.00 MB/s (errors=0)
  RX queue  3: rate=0.00 pkt/s 0.00 MB/s (errors=0)
DOCA software EGRESS host=2 packets=252639624 bytes=367843292544
DOCA software EGRESS host=3 packets=253033305 bytes=368416492080
DOCA ARP port=0 to_host=0 to_uplink=0
DOCA ARP port=1 to_host=0 to_uplink=0
DOCA To-Host pipe: 0.00 pkt/s 0.00 MB/s
DOCA To-Host pipe: 0.00 pkt/s 0.00 MB/s
DOCA Host decrypt pipe: 0.00 pkt/s 0.00 MB/s
DOCA Host decrypt pipe: 0.00 pkt/s 0.00 MB/s
DOCA Host decrypt pipe: 0.00 pkt/s 0.00 MB/s
DOCA Host decrypt pipe: 0.00 pkt/s 0.00 MB/s
DOCA Host decrypt pipe: 0.00 pkt/s 0.00 MB/s
DOCA Host decrypt pipe: 0.00 pkt/s 0.00 MB/s
DOCA Host decrypt pipe: 0.00 pkt/s 0.00 MB/s
DOCA Host decrypt pipe: 0.00 pkt/s 0.00 MB/s
DOCA Host decrypt pipe: 0.00 pkt/s 0.00 MB/s
DOCA Host decrypt pipe: 0.00 pkt/s 0.00 MB/s
DOCA Host decrypt pipe: 0.00 pkt/s 0.00 MB/s
DOCA Host decrypt pipe: 0.00 pkt/s 0.00 MB/s
DOCA Host decrypt pipe: 0.00 pkt/s 0.00 MB/s
DOCA Host decrypt pipe: 0.00 pkt/s 0.00 MB/s
DOCA Host decrypt pipe: 0.00 pkt/s 0.00 MB/s
DOCA Host decrypt pipe: 0.00 pkt/s 0.00 MB/s
DOCA Authenticated ESP RSS pipe: 0.00 pkt/s 0.00 MB/s
DOCA Authenticated ESP RSS pipe: 0.00 pkt/s 0.00 MB/s
DOCA Authenticated ESP RSS pipe: 0.00 pkt/s 0.00 MB/s
DOCA Authenticated ESP RSS pipe: 0.00 pkt/s 0.00 MB/s
DOCA Authenticated ESP RSS pipe: 0.00 pkt/s 0.00 MB/s
DOCA Authenticated ESP RSS pipe: 0.00 pkt/s 0.00 MB/s
DOCA Authenticated ESP RSS pipe: 0.00 pkt/s 0.00 MB/s
DOCA Authenticated ESP RSS pipe: 0.00 pkt/s 0.00 MB/s
DOCA Drop pipe: 0.00 pkt/s 0.00 MB/s
DOCA Drop pipe: 0.00 pkt/s 0.00 MB/s

=== monitoring snapshot ===
Worker statistics:
  lcore=2 queue=0 rate=0.00 pkt/s 0.00 MB/s
  lcore=3 queue=1 rate=0.00 pkt/s 0.00 MB/s
  lcore=4 queue=2 rate=0.00 pkt/s 0.00 MB/s
  lcore=5 queue=3 rate=0.00 pkt/s 0.00 MB/s

Port 0 statistics:
  RX rate: 0.00 pkt/s 0.00 MB/s (missed=3287288 errors=0 no_mbuf=0)
  RX queue  0: rate=0.00 pkt/s 0.00 MB/s (errors=0)
  RX queue  1: rate=0.00 pkt/s 0.00 MB/s (errors=0)
  RX queue  2: rate=0.00 pkt/s 0.00 MB/s (errors=0)
  RX queue  3: rate=0.00 pkt/s 0.00 MB/s (errors=0)

Port 1 statistics:
  RX rate: 0.00 pkt/s 0.00 MB/s (missed=3303463 errors=0 no_mbuf=0)
  RX queue  0: rate=0.00 pkt/s 0.00 MB/s (errors=0)
  RX queue  1: rate=0.00 pkt/s 0.00 MB/s (errors=0)
  RX queue  2: rate=0.00 pkt/s 0.00 MB/s (errors=0)
  RX queue  3: rate=0.00 pkt/s 0.00 MB/s (errors=0)
DOCA software EGRESS host=2 packets=252639624 bytes=367843292544
DOCA software EGRESS host=3 packets=253033305 bytes=368416492080
DOCA ARP port=0 to_host=0 to_uplink=0
DOCA ARP port=1 to_host=0 to_uplink=0
DOCA To-Host pipe: 0.00 pkt/s 0.00 MB/s
DOCA To-Host pipe: 0.00 pkt/s 0.00 MB/s
DOCA Host decrypt pipe: 0.00 pkt/s 0.00 MB/s
DOCA Host decrypt pipe: 0.00 pkt/s 0.00 MB/s
DOCA Host decrypt pipe: 0.00 pkt/s 0.00 MB/s
DOCA Host decrypt pipe: 0.00 pkt/s 0.00 MB/s
DOCA Host decrypt pipe: 0.00 pkt/s 0.00 MB/s
DOCA Host decrypt pipe: 0.00 pkt/s 0.00 MB/s
DOCA Host decrypt pipe: 0.00 pkt/s 0.00 MB/s
DOCA Host decrypt pipe: 0.00 pkt/s 0.00 MB/s
DOCA Host decrypt pipe: 0.00 pkt/s 0.00 MB/s
DOCA Host decrypt pipe: 0.00 pkt/s 0.00 MB/s
DOCA Host decrypt pipe: 0.00 pkt/s 0.00 MB/s
DOCA Host decrypt pipe: 0.00 pkt/s 0.00 MB/s
DOCA Host decrypt pipe: 0.00 pkt/s 0.00 MB/s
DOCA Host decrypt pipe: 0.00 pkt/s 0.00 MB/s
DOCA Host decrypt pipe: 0.00 pkt/s 0.00 MB/s
DOCA Host decrypt pipe: 0.00 pkt/s 0.00 MB/s
DOCA Authenticated ESP RSS pipe: 0.00 pkt/s 0.00 MB/s
DOCA Authenticated ESP RSS pipe: 0.00 pkt/s 0.00 MB/s
DOCA Authenticated ESP RSS pipe: 0.00 pkt/s 0.00 MB/s
DOCA Authenticated ESP RSS pipe: 0.00 pkt/s 0.00 MB/s
DOCA Authenticated ESP RSS pipe: 0.00 pkt/s 0.00 MB/s
DOCA Authenticated ESP RSS pipe: 0.00 pkt/s 0.00 MB/s
DOCA Authenticated ESP RSS pipe: 0.00 pkt/s 0.00 MB/s
DOCA Authenticated ESP RSS pipe: 0.00 pkt/s 0.00 MB/s
DOCA Drop pipe: 0.00 pkt/s 0.00 MB/s
DOCA Drop pipe: 0.00 pkt/s 0.00 MB/s

=== monitoring snapshot ===
Worker statistics:
  lcore=2 queue=0 rate=0.00 pkt/s 0.00 MB/s
  lcore=3 queue=1 rate=0.00 pkt/s 0.00 MB/s
  lcore=4 queue=2 rate=0.00 pkt/s 0.00 MB/s
  lcore=5 queue=3 rate=0.00 pkt/s 0.00 MB/s

Port 0 statistics:
  RX rate: 0.00 pkt/s 0.00 MB/s (missed=3287288 errors=0 no_mbuf=0)
  RX queue  0: rate=0.00 pkt/s 0.00 MB/s (errors=0)
  RX queue  1: rate=0.00 pkt/s 0.00 MB/s (errors=0)
  RX queue  2: rate=0.00 pkt/s 0.00 MB/s (errors=0)
  RX queue  3: rate=0.00 pkt/s 0.00 MB/s (errors=0)

Port 1 statistics:
  RX rate: 0.00 pkt/s 0.00 MB/s (missed=3303463 errors=0 no_mbuf=0)
  RX queue  0: rate=0.00 pkt/s 0.00 MB/s (errors=0)
  RX queue  1: rate=0.00 pkt/s 0.00 MB/s (errors=0)
  RX queue  2: rate=0.00 pkt/s 0.00 MB/s (errors=0)
  RX queue  3: rate=0.00 pkt/s 0.00 MB/s (errors=0)
DOCA software EGRESS host=2 packets=252639624 bytes=367843292544
DOCA software EGRESS host=3 packets=253033305 bytes=368416492080
DOCA ARP port=0 to_host=0 to_uplink=0
DOCA ARP port=1 to_host=0 to_uplink=0
DOCA To-Host pipe: 0.00 pkt/s 0.00 MB/s
DOCA To-Host pipe: 0.00 pkt/s 0.00 MB/s
DOCA Host decrypt pipe: 0.00 pkt/s 0.00 MB/s
DOCA Host decrypt pipe: 0.00 pkt/s 0.00 MB/s
DOCA Host decrypt pipe: 0.00 pkt/s 0.00 MB/s
DOCA Host decrypt pipe: 0.00 pkt/s 0.00 MB/s
DOCA Host decrypt pipe: 0.00 pkt/s 0.00 MB/s
DOCA Host decrypt pipe: 0.00 pkt/s 0.00 MB/s
DOCA Host decrypt pipe: 0.00 pkt/s 0.00 MB/s
DOCA Host decrypt pipe: 0.00 pkt/s 0.00 MB/s
DOCA Host decrypt pipe: 0.00 pkt/s 0.00 MB/s
DOCA Host decrypt pipe: 0.00 pkt/s 0.00 MB/s
DOCA Host decrypt pipe: 0.00 pkt/s 0.00 MB/s
DOCA Host decrypt pipe: 0.00 pkt/s 0.00 MB/s
DOCA Host decrypt pipe: 0.00 pkt/s 0.00 MB/s
DOCA Host decrypt pipe: 0.00 pkt/s 0.00 MB/s
DOCA Host decrypt pipe: 0.00 pkt/s 0.00 MB/s
DOCA Host decrypt pipe: 0.00 pkt/s 0.00 MB/s
DOCA Authenticated ESP RSS pipe: 0.00 pkt/s 0.00 MB/s
DOCA Authenticated ESP RSS pipe: 0.00 pkt/s 0.00 MB/s
DOCA Authenticated ESP RSS pipe: 0.00 pkt/s 0.00 MB/s
DOCA Authenticated ESP RSS pipe: 0.00 pkt/s 0.00 MB/s
DOCA Authenticated ESP RSS pipe: 0.00 pkt/s 0.00 MB/s
DOCA Authenticated ESP RSS pipe: 0.00 pkt/s 0.00 MB/s
DOCA Authenticated ESP RSS pipe: 0.00 pkt/s 0.00 MB/s
DOCA Authenticated ESP RSS pipe: 0.00 pkt/s 0.00 MB/s
DOCA Drop pipe: 0.00 pkt/s 0.00 MB/s
DOCA Drop pipe: 0.00 pkt/s 0.00 MB/s

=== monitoring snapshot ===
Worker statistics:
  lcore=2 queue=0 rate=0.00 pkt/s 0.00 MB/s
  lcore=3 queue=1 rate=0.00 pkt/s 0.00 MB/s
  lcore=4 queue=2 rate=0.00 pkt/s 0.00 MB/s
  lcore=5 queue=3 rate=0.00 pkt/s 0.00 MB/s

Port 0 statistics:
  RX rate: 0.00 pkt/s 0.00 MB/s (missed=3287288 errors=0 no_mbuf=0)
  RX queue  0: rate=0.00 pkt/s 0.00 MB/s (errors=0)
  RX queue  1: rate=0.00 pkt/s 0.00 MB/s (errors=0)
  RX queue  2: rate=0.00 pkt/s 0.00 MB/s (errors=0)
  RX queue  3: rate=0.00 pkt/s 0.00 MB/s (errors=0)

Port 1 statistics:
  RX rate: 0.00 pkt/s 0.00 MB/s (missed=3303463 errors=0 no_mbuf=0)
  RX queue  0: rate=0.00 pkt/s 0.00 MB/s (errors=0)
  RX queue  1: rate=0.00 pkt/s 0.00 MB/s (errors=0)
  RX queue  2: rate=0.00 pkt/s 0.00 MB/s (errors=0)
  RX queue  3: rate=0.00 pkt/s 0.00 MB/s (errors=0)
DOCA software EGRESS host=2 packets=252639624 bytes=367843292544
DOCA software EGRESS host=3 packets=253033305 bytes=368416492080
DOCA ARP port=0 to_host=0 to_uplink=0
DOCA ARP port=1 to_host=0 to_uplink=0
DOCA To-Host pipe: 0.00 pkt/s 0.00 MB/s
DOCA To-Host pipe: 0.00 pkt/s 0.00 MB/s
DOCA Host decrypt pipe: 0.00 pkt/s 0.00 MB/s
DOCA Host decrypt pipe: 0.00 pkt/s 0.00 MB/s
DOCA Host decrypt pipe: 0.00 pkt/s 0.00 MB/s
DOCA Host decrypt pipe: 0.00 pkt/s 0.00 MB/s
DOCA Host decrypt pipe: 0.00 pkt/s 0.00 MB/s
DOCA Host decrypt pipe: 0.00 pkt/s 0.00 MB/s
DOCA Host decrypt pipe: 0.00 pkt/s 0.00 MB/s
DOCA Host decrypt pipe: 0.00 pkt/s 0.00 MB/s
DOCA Host decrypt pipe: 0.00 pkt/s 0.00 MB/s
DOCA Host decrypt pipe: 0.00 pkt/s 0.00 MB/s
DOCA Host decrypt pipe: 0.00 pkt/s 0.00 MB/s
DOCA Host decrypt pipe: 0.00 pkt/s 0.00 MB/s
DOCA Host decrypt pipe: 0.00 pkt/s 0.00 MB/s
DOCA Host decrypt pipe: 0.00 pkt/s 0.00 MB/s
DOCA Host decrypt pipe: 0.00 pkt/s 0.00 MB/s
DOCA Host decrypt pipe: 0.00 pkt/s 0.00 MB/s
DOCA Authenticated ESP RSS pipe: 0.00 pkt/s 0.00 MB/s
DOCA Authenticated ESP RSS pipe: 0.00 pkt/s 0.00 MB/s
DOCA Authenticated ESP RSS pipe: 0.00 pkt/s 0.00 MB/s
DOCA Authenticated ESP RSS pipe: 0.00 pkt/s 0.00 MB/s
DOCA Authenticated ESP RSS pipe: 0.00 pkt/s 0.00 MB/s
DOCA Authenticated ESP RSS pipe: 0.00 pkt/s 0.00 MB/s
DOCA Authenticated ESP RSS pipe: 0.00 pkt/s 0.00 MB/s
DOCA Authenticated ESP RSS pipe: 0.00 pkt/s 0.00 MB/s
DOCA Drop pipe: 0.00 pkt/s 0.00 MB/s
DOCA Drop pipe: 0.00 pkt/s 0.00 MB/s

=== monitoring snapshot ===
Worker statistics:
  lcore=2 queue=0 rate=0.00 pkt/s 0.00 MB/s
  lcore=3 queue=1 rate=0.00 pkt/s 0.00 MB/s
  lcore=4 queue=2 rate=0.00 pkt/s 0.00 MB/s
  lcore=5 queue=3 rate=0.00 pkt/s 0.00 MB/s

Port 0 statistics:
  RX rate: 0.00 pkt/s 0.00 MB/s (missed=3287288 errors=0 no_mbuf=0)
  RX queue  0: rate=0.00 pkt/s 0.00 MB/s (errors=0)
  RX queue  1: rate=0.00 pkt/s 0.00 MB/s (errors=0)
  RX queue  2: rate=0.00 pkt/s 0.00 MB/s (errors=0)
  RX queue  3: rate=0.00 pkt/s 0.00 MB/s (errors=0)

Port 1 statistics:
  RX rate: 0.00 pkt/s 0.00 MB/s (missed=3303463 errors=0 no_mbuf=0)
  RX queue  0: rate=0.00 pkt/s 0.00 MB/s (errors=0)
  RX queue  1: rate=0.00 pkt/s 0.00 MB/s (errors=0)
  RX queue  2: rate=0.00 pkt/s 0.00 MB/s (errors=0)
  RX queue  3: rate=0.00 pkt/s 0.00 MB/s (errors=0)
DOCA software EGRESS host=2 packets=252639624 bytes=367843292544
DOCA software EGRESS host=3 packets=253033305 bytes=368416492080
DOCA ARP port=0 to_host=0 to_uplink=0
DOCA ARP port=1 to_host=0 to_uplink=0
DOCA To-Host pipe: 0.00 pkt/s 0.00 MB/s
DOCA To-Host pipe: 0.00 pkt/s 0.00 MB/s
DOCA Host decrypt pipe: 0.00 pkt/s 0.00 MB/s
DOCA Host decrypt pipe: 0.00 pkt/s 0.00 MB/s
DOCA Host decrypt pipe: 0.00 pkt/s 0.00 MB/s
DOCA Host decrypt pipe: 0.00 pkt/s 0.00 MB/s
DOCA Host decrypt pipe: 0.00 pkt/s 0.00 MB/s
DOCA Host decrypt pipe: 0.00 pkt/s 0.00 MB/s
DOCA Host decrypt pipe: 0.00 pkt/s 0.00 MB/s
DOCA Host decrypt pipe: 0.00 pkt/s 0.00 MB/s
DOCA Host decrypt pipe: 0.00 pkt/s 0.00 MB/s
DOCA Host decrypt pipe: 0.00 pkt/s 0.00 MB/s
DOCA Host decrypt pipe: 0.00 pkt/s 0.00 MB/s
DOCA Host decrypt pipe: 0.00 pkt/s 0.00 MB/s
DOCA Host decrypt pipe: 0.00 pkt/s 0.00 MB/s
DOCA Host decrypt pipe: 0.00 pkt/s 0.00 MB/s
DOCA Host decrypt pipe: 0.00 pkt/s 0.00 MB/s
DOCA Host decrypt pipe: 0.00 pkt/s 0.00 MB/s
DOCA Authenticated ESP RSS pipe: 0.00 pkt/s 0.00 MB/s
DOCA Authenticated ESP RSS pipe: 0.00 pkt/s 0.00 MB/s
DOCA Authenticated ESP RSS pipe: 0.00 pkt/s 0.00 MB/s
DOCA Authenticated ESP RSS pipe: 0.00 pkt/s 0.00 MB/s
DOCA Authenticated ESP RSS pipe: 0.00 pkt/s 0.00 MB/s
DOCA Authenticated ESP RSS pipe: 0.00 pkt/s 0.00 MB/s
DOCA Authenticated ESP RSS pipe: 0.00 pkt/s 0.00 MB/s
DOCA Authenticated ESP RSS pipe: 0.00 pkt/s 0.00 MB/s
DOCA Drop pipe: 0.00 pkt/s 0.00 MB/s
DOCA Drop pipe: 0.00 pkt/s 0.00 MB/s

=== monitoring snapshot ===
Worker statistics:
  lcore=2 queue=0 rate=0.00 pkt/s 0.00 MB/s
  lcore=3 queue=1 rate=0.00 pkt/s 0.00 MB/s
  lcore=4 queue=2 rate=0.00 pkt/s 0.00 MB/s
  lcore=5 queue=3 rate=0.00 pkt/s 0.00 MB/s

Port 0 statistics:
  RX rate: 0.00 pkt/s 0.00 MB/s (missed=3287288 errors=0 no_mbuf=0)
  RX queue  0: rate=0.00 pkt/s 0.00 MB/s (errors=0)
  RX queue  1: rate=0.00 pkt/s 0.00 MB/s (errors=0)
  RX queue  2: rate=0.00 pkt/s 0.00 MB/s (errors=0)
  RX queue  3: rate=0.00 pkt/s 0.00 MB/s (errors=0)

Port 1 statistics:
  RX rate: 0.00 pkt/s 0.00 MB/s (missed=3303463 errors=0 no_mbuf=0)
  RX queue  0: rate=0.00 pkt/s 0.00 MB/s (errors=0)
  RX queue  1: rate=0.00 pkt/s 0.00 MB/s (errors=0)
  RX queue  2: rate=0.00 pkt/s 0.00 MB/s (errors=0)
  RX queue  3: rate=0.00 pkt/s 0.00 MB/s (errors=0)
DOCA software EGRESS host=2 packets=252639624 bytes=367843292544
DOCA software EGRESS host=3 packets=253033305 bytes=368416492080
DOCA ARP port=0 to_host=0 to_uplink=0
DOCA ARP port=1 to_host=0 to_uplink=0
DOCA To-Host pipe: 0.00 pkt/s 0.00 MB/s
DOCA To-Host pipe: 0.00 pkt/s 0.00 MB/s
DOCA Host decrypt pipe: 0.00 pkt/s 0.00 MB/s
DOCA Host decrypt pipe: 0.00 pkt/s 0.00 MB/s
DOCA Host decrypt pipe: 0.00 pkt/s 0.00 MB/s
DOCA Host decrypt pipe: 0.00 pkt/s 0.00 MB/s
DOCA Host decrypt pipe: 0.00 pkt/s 0.00 MB/s
DOCA Host decrypt pipe: 0.00 pkt/s 0.00 MB/s
DOCA Host decrypt pipe: 0.00 pkt/s 0.00 MB/s
DOCA Host decrypt pipe: 0.00 pkt/s 0.00 MB/s
DOCA Host decrypt pipe: 0.00 pkt/s 0.00 MB/s
DOCA Host decrypt pipe: 0.00 pkt/s 0.00 MB/s
DOCA Host decrypt pipe: 0.00 pkt/s 0.00 MB/s
DOCA Host decrypt pipe: 0.00 pkt/s 0.00 MB/s
DOCA Host decrypt pipe: 0.00 pkt/s 0.00 MB/s
DOCA Host decrypt pipe: 0.00 pkt/s 0.00 MB/s
DOCA Host decrypt pipe: 0.00 pkt/s 0.00 MB/s
DOCA Host decrypt pipe: 0.00 pkt/s 0.00 MB/s
DOCA Authenticated ESP RSS pipe: 0.00 pkt/s 0.00 MB/s
DOCA Authenticated ESP RSS pipe: 0.00 pkt/s 0.00 MB/s
DOCA Authenticated ESP RSS pipe: 0.00 pkt/s 0.00 MB/s
DOCA Authenticated ESP RSS pipe: 0.00 pkt/s 0.00 MB/s
DOCA Authenticated ESP RSS pipe: 0.00 pkt/s 0.00 MB/s
DOCA Authenticated ESP RSS pipe: 0.00 pkt/s 0.00 MB/s
DOCA Authenticated ESP RSS pipe: 0.00 pkt/s 0.00 MB/s
DOCA Authenticated ESP RSS pipe: 0.00 pkt/s 0.00 MB/s
DOCA Drop pipe: 0.00 pkt/s 0.00 MB/s
DOCA Drop pipe: 0.00 pkt/s 0.00 MB/s

=== monitoring snapshot ===
Worker statistics:
  lcore=2 queue=0 rate=0.00 pkt/s 0.00 MB/s
  lcore=3 queue=1 rate=0.00 pkt/s 0.00 MB/s
  lcore=4 queue=2 rate=0.00 pkt/s 0.00 MB/s
  lcore=5 queue=3 rate=0.00 pkt/s 0.00 MB/s

Port 0 statistics:
  RX rate: 0.00 pkt/s 0.00 MB/s (missed=3287288 errors=0 no_mbuf=0)
  RX queue  0: rate=0.00 pkt/s 0.00 MB/s (errors=0)
  RX queue  1: rate=0.00 pkt/s 0.00 MB/s (errors=0)
  RX queue  2: rate=0.00 pkt/s 0.00 MB/s (errors=0)
  RX queue  3: rate=0.00 pkt/s 0.00 MB/s (errors=0)

Port 1 statistics:
  RX rate: 0.00 pkt/s 0.00 MB/s (missed=3303463 errors=0 no_mbuf=0)
  RX queue  0: rate=0.00 pkt/s 0.00 MB/s (errors=0)
  RX queue  1: rate=0.00 pkt/s 0.00 MB/s (errors=0)
  RX queue  2: rate=0.00 pkt/s 0.00 MB/s (errors=0)
  RX queue  3: rate=0.00 pkt/s 0.00 MB/s (errors=0)
DOCA software EGRESS host=2 packets=252639624 bytes=367843292544
DOCA software EGRESS host=3 packets=253033305 bytes=368416492080
DOCA ARP port=0 to_host=0 to_uplink=0
DOCA ARP port=1 to_host=0 to_uplink=0
DOCA To-Host pipe: 0.00 pkt/s 0.00 MB/s
DOCA To-Host pipe: 0.00 pkt/s 0.00 MB/s
DOCA Host decrypt pipe: 0.00 pkt/s 0.00 MB/s
DOCA Host decrypt pipe: 0.00 pkt/s 0.00 MB/s
DOCA Host decrypt pipe: 0.00 pkt/s 0.00 MB/s
DOCA Host decrypt pipe: 0.00 pkt/s 0.00 MB/s
DOCA Host decrypt pipe: 0.00 pkt/s 0.00 MB/s
DOCA Host decrypt pipe: 0.00 pkt/s 0.00 MB/s
DOCA Host decrypt pipe: 0.00 pkt/s 0.00 MB/s
DOCA Host decrypt pipe: 0.00 pkt/s 0.00 MB/s
DOCA Host decrypt pipe: 0.00 pkt/s 0.00 MB/s
DOCA Host decrypt pipe: 0.00 pkt/s 0.00 MB/s
DOCA Host decrypt pipe: 0.00 pkt/s 0.00 MB/s
DOCA Host decrypt pipe: 0.00 pkt/s 0.00 MB/s
DOCA Host decrypt pipe: 0.00 pkt/s 0.00 MB/s
DOCA Host decrypt pipe: 0.00 pkt/s 0.00 MB/s
DOCA Host decrypt pipe: 0.00 pkt/s 0.00 MB/s
DOCA Host decrypt pipe: 0.00 pkt/s 0.00 MB/s
DOCA Authenticated ESP RSS pipe: 0.00 pkt/s 0.00 MB/s
DOCA Authenticated ESP RSS pipe: 0.00 pkt/s 0.00 MB/s
DOCA Authenticated ESP RSS pipe: 0.00 pkt/s 0.00 MB/s
DOCA Authenticated ESP RSS pipe: 0.00 pkt/s 0.00 MB/s
DOCA Authenticated ESP RSS pipe: 0.00 pkt/s 0.00 MB/s
DOCA Authenticated ESP RSS pipe: 0.00 pkt/s 0.00 MB/s
DOCA Authenticated ESP RSS pipe: 0.00 pkt/s 0.00 MB/s
DOCA Authenticated ESP RSS pipe: 0.00 pkt/s 0.00 MB/s
DOCA Drop pipe: 0.00 pkt/s 0.00 MB/s
DOCA Drop pipe: 0.00 pkt/s 0.00 MB/s

=== monitoring snapshot ===
Worker statistics:
  lcore=2 queue=0 rate=0.00 pkt/s 0.00 MB/s
  lcore=3 queue=1 rate=0.00 pkt/s 0.00 MB/s
  lcore=4 queue=2 rate=0.00 pkt/s 0.00 MB/s
  lcore=5 queue=3 rate=0.00 pkt/s 0.00 MB/s

Port 0 statistics:
  RX rate: 0.00 pkt/s 0.00 MB/s (missed=3287288 errors=0 no_mbuf=0)
  RX queue  0: rate=0.00 pkt/s 0.00 MB/s (errors=0)
  RX queue  1: rate=0.00 pkt/s 0.00 MB/s (errors=0)
  RX queue  2: rate=0.00 pkt/s 0.00 MB/s (errors=0)
  RX queue  3: rate=0.00 pkt/s 0.00 MB/s (errors=0)

Port 1 statistics:
  RX rate: 0.00 pkt/s 0.00 MB/s (missed=3303463 errors=0 no_mbuf=0)
  RX queue  0: rate=0.00 pkt/s 0.00 MB/s (errors=0)
  RX queue  1: rate=0.00 pkt/s 0.00 MB/s (errors=0)
  RX queue  2: rate=0.00 pkt/s 0.00 MB/s (errors=0)
  RX queue  3: rate=0.00 pkt/s 0.00 MB/s (errors=0)
DOCA software EGRESS host=2 packets=252639624 bytes=367843292544
DOCA software EGRESS host=3 packets=253033305 bytes=368416492080
DOCA ARP port=0 to_host=0 to_uplink=0
DOCA ARP port=1 to_host=0 to_uplink=0
DOCA To-Host pipe: 0.00 pkt/s 0.00 MB/s
DOCA To-Host pipe: 0.00 pkt/s 0.00 MB/s
DOCA Host decrypt pipe: 0.00 pkt/s 0.00 MB/s
DOCA Host decrypt pipe: 0.00 pkt/s 0.00 MB/s
DOCA Host decrypt pipe: 0.00 pkt/s 0.00 MB/s
DOCA Host decrypt pipe: 0.00 pkt/s 0.00 MB/s
DOCA Host decrypt pipe: 0.00 pkt/s 0.00 MB/s
DOCA Host decrypt pipe: 0.00 pkt/s 0.00 MB/s
DOCA Host decrypt pipe: 0.00 pkt/s 0.00 MB/s
DOCA Host decrypt pipe: 0.00 pkt/s 0.00 MB/s
DOCA Host decrypt pipe: 0.00 pkt/s 0.00 MB/s
DOCA Host decrypt pipe: 0.00 pkt/s 0.00 MB/s
DOCA Host decrypt pipe: 0.00 pkt/s 0.00 MB/s
DOCA Host decrypt pipe: 0.00 pkt/s 0.00 MB/s
DOCA Host decrypt pipe: 0.00 pkt/s 0.00 MB/s
DOCA Host decrypt pipe: 0.00 pkt/s 0.00 MB/s
DOCA Host decrypt pipe: 0.00 pkt/s 0.00 MB/s
DOCA Host decrypt pipe: 0.00 pkt/s 0.00 MB/s
DOCA Authenticated ESP RSS pipe: 0.00 pkt/s 0.00 MB/s
DOCA Authenticated ESP RSS pipe: 0.00 pkt/s 0.00 MB/s
DOCA Authenticated ESP RSS pipe: 0.00 pkt/s 0.00 MB/s
DOCA Authenticated ESP RSS pipe: 0.00 pkt/s 0.00 MB/s
DOCA Authenticated ESP RSS pipe: 0.00 pkt/s 0.00 MB/s
DOCA Authenticated ESP RSS pipe: 0.00 pkt/s 0.00 MB/s
DOCA Authenticated ESP RSS pipe: 0.00 pkt/s 0.00 MB/s
DOCA Authenticated ESP RSS pipe: 0.00 pkt/s 0.00 MB/s
DOCA Drop pipe: 0.00 pkt/s 0.00 MB/s
DOCA Drop pipe: 0.00 pkt/s 0.00 MB/s

=== monitoring snapshot ===
Worker statistics:
  lcore=2 queue=0 rate=0.00 pkt/s 0.00 MB/s
  lcore=3 queue=1 rate=0.00 pkt/s 0.00 MB/s
  lcore=4 queue=2 rate=0.00 pkt/s 0.00 MB/s
  lcore=5 queue=3 rate=0.00 pkt/s 0.00 MB/s

Port 0 statistics:
  RX rate: 0.00 pkt/s 0.00 MB/s (missed=3287288 errors=0 no_mbuf=0)
  RX queue  0: rate=0.00 pkt/s 0.00 MB/s (errors=0)
  RX queue  1: rate=0.00 pkt/s 0.00 MB/s (errors=0)
  RX queue  2: rate=0.00 pkt/s 0.00 MB/s (errors=0)
  RX queue  3: rate=0.00 pkt/s 0.00 MB/s (errors=0)

Port 1 statistics:
  RX rate: 0.00 pkt/s 0.00 MB/s (missed=3303463 errors=0 no_mbuf=0)
  RX queue  0: rate=0.00 pkt/s 0.00 MB/s (errors=0)
  RX queue  1: rate=0.00 pkt/s 0.00 MB/s (errors=0)
  RX queue  2: rate=0.00 pkt/s 0.00 MB/s (errors=0)
  RX queue  3: rate=0.00 pkt/s 0.00 MB/s (errors=0)
DOCA software EGRESS host=2 packets=252639624 bytes=367843292544
DOCA software EGRESS host=3 packets=253033305 bytes=368416492080
DOCA ARP port=0 to_host=0 to_uplink=0
DOCA ARP port=1 to_host=0 to_uplink=0
DOCA To-Host pipe: 0.00 pkt/s 0.00 MB/s
DOCA To-Host pipe: 0.00 pkt/s 0.00 MB/s
DOCA Host decrypt pipe: 0.00 pkt/s 0.00 MB/s
DOCA Host decrypt pipe: 0.00 pkt/s 0.00 MB/s
DOCA Host decrypt pipe: 0.00 pkt/s 0.00 MB/s
DOCA Host decrypt pipe: 0.00 pkt/s 0.00 MB/s
DOCA Host decrypt pipe: 0.00 pkt/s 0.00 MB/s
DOCA Host decrypt pipe: 0.00 pkt/s 0.00 MB/s
DOCA Host decrypt pipe: 0.00 pkt/s 0.00 MB/s
DOCA Host decrypt pipe: 0.00 pkt/s 0.00 MB/s
DOCA Host decrypt pipe: 0.00 pkt/s 0.00 MB/s
DOCA Host decrypt pipe: 0.00 pkt/s 0.00 MB/s
DOCA Host decrypt pipe: 0.00 pkt/s 0.00 MB/s
DOCA Host decrypt pipe: 0.00 pkt/s 0.00 MB/s
DOCA Host decrypt pipe: 0.00 pkt/s 0.00 MB/s
DOCA Host decrypt pipe: 0.00 pkt/s 0.00 MB/s
DOCA Host decrypt pipe: 0.00 pkt/s 0.00 MB/s
DOCA Host decrypt pipe: 0.00 pkt/s 0.00 MB/s
DOCA Authenticated ESP RSS pipe: 0.00 pkt/s 0.00 MB/s
DOCA Authenticated ESP RSS pipe: 0.00 pkt/s 0.00 MB/s
DOCA Authenticated ESP RSS pipe: 0.00 pkt/s 0.00 MB/s
DOCA Authenticated ESP RSS pipe: 0.00 pkt/s 0.00 MB/s
DOCA Authenticated ESP RSS pipe: 0.00 pkt/s 0.00 MB/s
DOCA Authenticated ESP RSS pipe: 0.00 pkt/s 0.00 MB/s
DOCA Authenticated ESP RSS pipe: 0.00 pkt/s 0.00 MB/s
DOCA Authenticated ESP RSS pipe: 0.00 pkt/s 0.00 MB/s
DOCA Drop pipe: 0.00 pkt/s 0.00 MB/s
DOCA Drop pipe: 0.00 pkt/s 0.00 MB/s

=== monitoring snapshot ===
Worker statistics:
  lcore=2 queue=0 rate=0.00 pkt/s 0.00 MB/s
  lcore=3 queue=1 rate=0.00 pkt/s 0.00 MB/s
  lcore=4 queue=2 rate=0.00 pkt/s 0.00 MB/s
  lcore=5 queue=3 rate=0.00 pkt/s 0.00 MB/s

Port 0 statistics:
  RX rate: 0.00 pkt/s 0.00 MB/s (missed=3287288 errors=0 no_mbuf=0)
  RX queue  0: rate=0.00 pkt/s 0.00 MB/s (errors=0)
  RX queue  1: rate=0.00 pkt/s 0.00 MB/s (errors=0)
  RX queue  2: rate=0.00 pkt/s 0.00 MB/s (errors=0)
  RX queue  3: rate=0.00 pkt/s 0.00 MB/s (errors=0)

Port 1 statistics:
  RX rate: 0.00 pkt/s 0.00 MB/s (missed=3303463 errors=0 no_mbuf=0)
  RX queue  0: rate=0.00 pkt/s 0.00 MB/s (errors=0)
  RX queue  1: rate=0.00 pkt/s 0.00 MB/s (errors=0)
  RX queue  2: rate=0.00 pkt/s 0.00 MB/s (errors=0)
  RX queue  3: rate=0.00 pkt/s 0.00 MB/s (errors=0)
DOCA software EGRESS host=2 packets=252639624 bytes=367843292544
DOCA software EGRESS host=3 packets=253033305 bytes=368416492080
DOCA ARP port=0 to_host=0 to_uplink=0
DOCA ARP port=1 to_host=0 to_uplink=0
DOCA To-Host pipe: 0.00 pkt/s 0.00 MB/s
DOCA To-Host pipe: 0.00 pkt/s 0.00 MB/s
DOCA Host decrypt pipe: 0.00 pkt/s 0.00 MB/s
DOCA Host decrypt pipe: 0.00 pkt/s 0.00 MB/s
DOCA Host decrypt pipe: 0.00 pkt/s 0.00 MB/s
DOCA Host decrypt pipe: 0.00 pkt/s 0.00 MB/s
DOCA Host decrypt pipe: 0.00 pkt/s 0.00 MB/s
DOCA Host decrypt pipe: 0.00 pkt/s 0.00 MB/s
DOCA Host decrypt pipe: 0.00 pkt/s 0.00 MB/s
DOCA Host decrypt pipe: 0.00 pkt/s 0.00 MB/s
DOCA Host decrypt pipe: 0.00 pkt/s 0.00 MB/s
DOCA Host decrypt pipe: 0.00 pkt/s 0.00 MB/s
DOCA Host decrypt pipe: 0.00 pkt/s 0.00 MB/s
DOCA Host decrypt pipe: 0.00 pkt/s 0.00 MB/s
DOCA Host decrypt pipe: 0.00 pkt/s 0.00 MB/s
DOCA Host decrypt pipe: 0.00 pkt/s 0.00 MB/s
DOCA Host decrypt pipe: 0.00 pkt/s 0.00 MB/s
DOCA Host decrypt pipe: 0.00 pkt/s 0.00 MB/s
DOCA Authenticated ESP RSS pipe: 0.00 pkt/s 0.00 MB/s
DOCA Authenticated ESP RSS pipe: 0.00 pkt/s 0.00 MB/s
DOCA Authenticated ESP RSS pipe: 0.00 pkt/s 0.00 MB/s
DOCA Authenticated ESP RSS pipe: 0.00 pkt/s 0.00 MB/s
DOCA Authenticated ESP RSS pipe: 0.00 pkt/s 0.00 MB/s
DOCA Authenticated ESP RSS pipe: 0.00 pkt/s 0.00 MB/s
DOCA Authenticated ESP RSS pipe: 0.00 pkt/s 0.00 MB/s
DOCA Authenticated ESP RSS pipe: 0.00 pkt/s 0.00 MB/s
DOCA Drop pipe: 0.00 pkt/s 0.00 MB/s
DOCA Drop pipe: 0.00 pkt/s 0.00 MB/s
[07:19:30:818122][646766368][DOCA][INF][monitoring_dpdk.cpp:181][monitoring_dpdk_worker_loop] RSS SA=2 queue=2 packets=32033539
[07:19:30:818162][646766368][DOCA][INF][monitoring_dpdk.cpp:181][monitoring_dpdk_worker_loop] RSS SA=6 queue=2 packets=32050672
[07:19:30:818167][646766368][DOCA][INF][monitoring_dpdk.cpp:181][monitoring_dpdk_worker_loop] RSS SA=10 queue=2 packets=32052683
[07:19:30:818122][663674656][DOCA][INF][monitoring_dpdk.cpp:181][monitoring_dpdk_worker_loop] RSS SA=0 queue=0 packets=31576384
[07:19:30:818190][663674656][DOCA][INF][monitoring_dpdk.cpp:181][monitoring_dpdk_worker_loop] RSS SA=4 queue=0 packets=32005440
[07:19:30:818193][663674656][DOCA][INF][monitoring_dpdk.cpp:181][monitoring_dpdk_worker_loop] RSS SA=8 queue=0 packets=31847936
[07:19:30:818195][663674656][DOCA][INF][monitoring_dpdk.cpp:181][monitoring_dpdk_worker_loop] RSS SA=12 queue=0 packets=32108672
[07:19:30:818196][663674656][DOCA][INF][monitoring_dpdk.cpp:182][monitoring_dpdk_worker_loop] linearized queue=0 packets=0
[07:19:30:818171][646766368][DOCA][INF][monitoring_dpdk.cpp:181][monitoring_dpdk_worker_loop] RSS SA=14 queue=2 packets=32042805
[07:19:30:818204][646766368][DOCA][INF][monitoring_dpdk.cpp:182][monitoring_dpdk_worker_loop] linearized queue=2 packets=0
[07:19:30:818207][646766368][DOCA][INF][monitoring_dpdk.cpp:183][monitoring_dpdk_worker_loop] ESP totals queue=2 accepted=128179699 malformed=0 unauthenticated=0 replay=0 tx=128179699 tx_drop=0 tx_bytes=186629641744
[07:19:30:818122][638312224][DOCA][INF][monitoring_dpdk.cpp:181][monitoring_dpdk_worker_loop] RSS SA=3 queue=3 packets=32033331
[07:19:30:818225][638312224][DOCA][INF][monitoring_dpdk.cpp:181][monitoring_dpdk_worker_loop] RSS SA=7 queue=3 packets=32011861
[07:19:30:818229][638312224][DOCA][INF][monitoring_dpdk.cpp:181][monitoring_dpdk_worker_loop] RSS SA=11 queue=3 packets=32036023
[07:19:30:818232][638312224][DOCA][INF][monitoring_dpdk.cpp:181][monitoring_dpdk_worker_loop] RSS SA=15 queue=3 packets=32001887
[07:19:30:818235][638312224][DOCA][INF][monitoring_dpdk.cpp:182][monitoring_dpdk_worker_loop] linearized queue=3 packets=0
[07:19:30:818239][638312224][DOCA][INF][monitoring_dpdk.cpp:183][monitoring_dpdk_worker_loop] ESP totals queue=3 accepted=128083102 malformed=0 unauthenticated=0 replay=0 tx=128083102 tx_drop=0 tx_bytes=186488996512
[07:19:30:818122][655220512][DOCA][INF][monitoring_dpdk.cpp:181][monitoring_dpdk_worker_loop] RSS SA=1 queue=1 packets=30506169
[07:19:30:818261][655220512][DOCA][INF][monitoring_dpdk.cpp:181][monitoring_dpdk_worker_loop] RSS SA=5 queue=1 packets=30422228
[07:19:30:818266][655220512][DOCA][INF][monitoring_dpdk.cpp:181][monitoring_dpdk_worker_loop] RSS SA=9 queue=1 packets=30517413
[07:19:30:818198][663674656][DOCA][INF][monitoring_dpdk.cpp:183][monitoring_dpdk_worker_loop] ESP totals queue=0 accepted=127538432 malformed=0 unauthenticated=0 replay=0 tx=127538432 tx_drop=0 tx_bytes=185695956992
[07:19:30:818269][655220512][DOCA][INF][monitoring_dpdk.cpp:181][monitoring_dpdk_worker_loop] RSS SA=13 queue=1 packets=30425886
[07:19:30:818281][655220512][DOCA][INF][monitoring_dpdk.cpp:182][monitoring_dpdk_worker_loop] linearized queue=1 packets=0
[07:19:30:818283][655220512][DOCA][INF][monitoring_dpdk.cpp:183][monitoring_dpdk_worker_loop] ESP totals queue=1 accepted=121871696 malformed=0 unauthenticated=0 replay=0 tx=121871696 tx_drop=0 tx_bytes=177445189376
[07:19:30:907419][753747296][DOCA][INF][monitoring_doca.cpp:274][~MonitoringDoca] DOCA port stopped (port=3)
[07:19:30:907757][753747296][DOCA][INF][monitoring_doca.cpp:274][~MonitoringDoca] DOCA port stopped (port=2)
[07:19:31:577897][753747296][DOCA][INF][monitoring_doca.cpp:274][~MonitoringDoca] DOCA port stopped (port=1)
[07:19:32:150128][753747296][DOCA][INF][monitoring_doca.cpp:274][~MonitoringDoca] DOCA port stopped (port=0)
[07:19:32:150566][753747296][DOCA][INF][monitoring_doca.cpp:278][~MonitoringDoca] DOCA flow destroyed
[07:19:32:150595][753747296][DOCA][INF][monitoring_dpdk.cpp:270][~MonitoringDpdk] DPDK shutdown
