EAL argv: monitoring_app -a 00:00.0 -l 1-5 
  inbound SAs per port: 8 (consecutive SPIs)
monitoring_app configuration:
  monitor_devices : 03:00.0,dv_flow_en=2, 03:00.1,dv_flow_en=2
  host_reps       : pf0hpf,dv_flow_en=2, pf1hpf,dv_flow_en=2
  tunnel_udp_port : 4789
  enable_host     : yes
  monitor_dest    : en3f0pf0sf4,dv_flow_en=2, en3f1pf1sf6,dv_flow_en=2
  enable_counters : yes
  enable_ipsec_encap : no
  ipsec_decap entries: 2
[19:51:55:201025][425805152][DOCA][INF][doca_log.cpp:628] DOCA version 3.1.0105
EAL: Detected CPU lcores: 16
EAL: Detected NUMA nodes: 1
EAL: Detected shared linkage of DPDK
EAL: Multi-process socket /var/run/dpdk/rte/mp_socket
EAL: Selected IOVA mode 'VA'
TELEMETRY: No legacy callbacks, legacy socket not created
    [0] spi=0x00002001 salt=0x22334455 iv=0x1234567890abcdef
          src_mac=58:a2:e1:53:19:e6 dst_mac=58:a2:e1:53:19:d6
    [1] spi=0x00002002 salt=0x66778899 iv=0xfedcba0987654321
          src_mac=58:a2:e1:53:19:e7 dst_mac=58:a2:e1:53:19:d7
[19:51:55:244227][425805152][DOCA][INF][device_manager.cpp:100][add_device] Probing monitor DOCA device with PCI address: 03:00.0
[19:51:55:362313][425805152][DOCA][INF][device_manager.cpp:100][add_device] Probing monitor DOCA device with PCI address: 03:00.1
[19:51:55:586650][425805152][DOCA][INF][monitoring_dpdk.cpp:38][monitoring_dpdk_log_devices] DPDK detected 2 available Ethernet ports
[19:51:55:586681][425805152][DOCA][INF][monitoring_dpdk.cpp:52][monitoring_dpdk_log_devices]   port 0 (0000:03:00.0): driver=mlx5_pci mac=58:A2:E1:53:19:E6
[19:51:55:586687][425805152][DOCA][INF][monitoring_dpdk.cpp:52][monitoring_dpdk_log_devices]   port 1 (0000:03:00.1): driver=mlx5_pci mac=58:A2:E1:53:19:E7
[19:51:55:586695][425805152][DOCA][INF][monitoring_dpdk.cpp:251][MonitoringDpdk] DPDK initialized (ports=2, queues=4)
[19:51:55:586726][425805152][DOCA][INF][monitoring_doca.cpp:191][MonitoringDoca] DOCA init: monitor_port=0,1 host_port=2,3

[19:51:55:588587][425805152][DOCA][INF][monitoring_doca.cpp:494][initialize_flow] DOCA flow initialized (queues=4)
[19:51:56:016951][425805152][DOCA][INF][monitoring_doca.cpp:520][start_port] DOCA port started (port=0)
[19:51:56:452953][425805152][DOCA][INF][monitoring_doca.cpp:520][start_port] DOCA port started (port=1)
[19:51:56:453632][425805152][DOCA][INF][monitoring_doca.cpp:544][start_port_rep] DOCA port started (port=2)
[19:51:56:454214][425805152][DOCA][INF][monitoring_doca.cpp:544][start_port_rep] DOCA port started (port=3)
[19:51:56:460757][425805152][DOCA][INF][monitoring_doca.cpp:544][start_port_rep] DOCA port started (port=4)
[19:51:56:468330][425805152][DOCA][INF][monitoring_doca.cpp:544][start_port_rep] DOCA port started (port=5)
[19:51:56:470334][425805152][DOCA][INF][monitoring_doca.cpp:834][setup_ipsec_sa_decap] IPsec decap SA configured (id=5, port_pair=0)
EAL: Probe PCI driver: mlx5_pci (15b3:a2dc) device: 0000:03:00.0 (socket -1)
EAL: Probe PCI driver: mlx5_pci (15b3:a2dc) device: 0000:03:00.1 (socket -1)
[19:51:55:586756][425805152][DOCA][WRN][engine_model.c:88] adapting queue depth to 128.
[19:51:56:470448][425805152][DOCA][INF][monitoring_doca.cpp:834][setup_ipsec_sa_decap] IPsec decap SA configured (id=6, port_pair=0)
[19:51:56:470572][425805152][DOCA][INF][monitoring_doca.cpp:834][setup_ipsec_sa_decap] IPsec decap SA configured (id=7, port_pair=0)
[19:51:56:470680][425805152][DOCA][INF][monitoring_doca.cpp:834][setup_ipsec_sa_decap] IPsec decap SA configured (id=8, port_pair=0)
[19:51:56:470786][425805152][DOCA][INF][monitoring_doca.cpp:834][setup_ipsec_sa_decap] IPsec decap SA configured (id=9, port_pair=0)
[19:51:56:470892][425805152][DOCA][INF][monitoring_doca.cpp:834][setup_ipsec_sa_decap] IPsec decap SA configured (id=10, port_pair=0)
[19:51:56:470997][425805152][DOCA][INF][monitoring_doca.cpp:834][setup_ipsec_sa_decap] IPsec decap SA configured (id=11, port_pair=0)
[19:51:56:471102][425805152][DOCA][INF][monitoring_doca.cpp:834][setup_ipsec_sa_decap] IPsec decap SA configured (id=12, port_pair=0)
[19:51:56:478412][425805152][DOCA][INF][monitoring_doca.cpp:887][create_drop_pipe] pipeline drop pipe created
[19:51:56:485645][425805152][DOCA][INF][monitoring_doca.cpp:944][create_to_host_pipe] pipeline to_host pipe created
[19:51:56:524215][425805152][DOCA][INF][monitoring_doca.cpp:1135][create_host_decap_pipe] authenticated ESP to DPDK: port=1 worker pipes=4
[19:51:56:527981][425805152][DOCA][INF][monitoring_doca.cpp:1043][create_host_decrypt_pipe] decrypt SPI base=0x00002001 flows=8 RSS queues=4
[19:51:56:535153][425805152][DOCA][INF][monitoring_doca.cpp:643][build_monitor_output_pipe] pipeline monitor output pipe created
[19:51:56:539330][425805152][DOCA][INF][monitoring_doca.cpp:746][setup_mirror] pipeline mirror configured (id=1)
[19:51:56:562212][425805152][DOCA][INF][monitoring_doca.cpp:570][create_control_pipe] pipeline control pipe created
[19:51:56:563906][425805152][DOCA][INF][monitoring_doca.cpp:1202][install_default_drop] pipeline default drop entry installed
[19:51:56:567035][425805152][DOCA][INF][monitoring_doca.cpp:1240][add_arp_rules] ARP passthrough uplink=0 host=2
[19:51:56:569427][425805152][DOCA][INF][monitoring_doca.cpp:1286][add_monitor_rule] pipeline monitor rule installed (ESP protocol)
[19:51:56:571466][425805152][DOCA][INF][monitoring_doca.cpp:834][setup_ipsec_sa_decap] IPsec decap SA configured (id=13, port_pair=1)
[19:51:56:571591][425805152][DOCA][INF][monitoring_doca.cpp:834][setup_ipsec_sa_decap] IPsec decap SA configured (id=14, port_pair=1)
[19:51:56:571723][425805152][DOCA][INF][monitoring_doca.cpp:834][setup_ipsec_sa_decap] IPsec decap SA configured (id=15, port_pair=1)
[19:51:56:571908][425805152][DOCA][INF][monitoring_doca.cpp:834][setup_ipsec_sa_decap] IPsec decap SA configured (id=16, port_pair=1)
[19:51:56:572032][425805152][DOCA][INF][monitoring_doca.cpp:834][setup_ipsec_sa_decap] IPsec decap SA configured (id=17, port_pair=1)
[19:51:56:572146][425805152][DOCA][INF][monitoring_doca.cpp:834][setup_ipsec_sa_decap] IPsec decap SA configured (id=18, port_pair=1)
[19:51:56:572269][425805152][DOCA][INF][monitoring_doca.cpp:834][setup_ipsec_sa_decap] IPsec decap SA configured (id=19, port_pair=1)
[19:51:56:572384][425805152][DOCA][INF][monitoring_doca.cpp:834][setup_ipsec_sa_decap] IPsec decap SA configured (id=20, port_pair=1)
[19:51:56:579571][425805152][DOCA][INF][monitoring_doca.cpp:887][create_drop_pipe] pipeline drop pipe created
[19:51:56:586859][425805152][DOCA][INF][monitoring_doca.cpp:944][create_to_host_pipe] pipeline to_host pipe created
[19:51:56:625303][425805152][DOCA][INF][monitoring_doca.cpp:1135][create_host_decap_pipe] authenticated ESP to DPDK: port=2 worker pipes=4
[19:51:56:629089][425805152][DOCA][INF][monitoring_doca.cpp:1043][create_host_decrypt_pipe] decrypt SPI base=0x00002002 flows=8 RSS queues=4
[19:51:56:636227][425805152][DOCA][INF][monitoring_doca.cpp:643][build_monitor_output_pipe] pipeline monitor output pipe created
[19:51:56:640471][425805152][DOCA][INF][monitoring_doca.cpp:746][setup_mirror] pipeline mirror configured (id=2)
[19:51:56:664141][425805152][DOCA][INF][monitoring_doca.cpp:570][create_control_pipe] pipeline control pipe created
[19:51:56:665808][425805152][DOCA][INF][monitoring_doca.cpp:1202][install_default_drop] pipeline default drop entry installed
[19:51:56:668902][425805152][DOCA][INF][monitoring_doca.cpp:1240][add_arp_rules] ARP passthrough uplink=1 host=3
[19:51:56:671374][425805152][DOCA][INF][monitoring_doca.cpp:1286][add_monitor_rule] pipeline monitor rule installed (ESP protocol)
[19:51:56:681113][425805152][DOCA][INF][monitoring_doca.cpp:1175][create_software_egress_pipe] software egress root monitor=0 host=2 switch=0xb8634619d040
[19:51:56:690874][425805152][DOCA][INF][monitoring_doca.cpp:1175][create_software_egress_pipe] software egress root monitor=1 host=3 switch=0xb86346e20950
[19:51:56:690903][425805152][DOCA][INF][monitoring_doca.cpp:1494][build_pipeline] pipeline build complete (ports=2, queues=4, host_branch=on, monitor_dest_type=2)
[19:51:56:691051][425805152][DOCA][INF][monitoring_dpdk.cpp:321][start_workers] launched 4 DPDK workers
[19:51:56:691061][425805152][DOCA][INF][monitoring_main.cpp:156][main] monitoring_app initialized

=== monitoring snapshot ===
Worker statistics:
  lcore=2 queue=0 rate=0.00 pkt/s 0.00 MB/s
  lcore=3 queue=1 rate=0.00 pkt/s 0.00 MB/s
  lcore=4 queue=2 rate=0.00 pkt/s 0.00 MB/s
  lcore=5 queue=3 rate=0.00 pkt/s 0.00 MB/s

Port 0 statistics:
  RX rate: 0.00 pkt/s 0.00 MB/s (missed=0 errors=0 no_mbuf=0)
  RX queue  0: rate=0.00 pkt/s 0.00 MB/s (errors=0)
  RX queue  1: rate=0.00 pkt/s 0.00 MB/s (errors=0)
  RX queue  2: rate=0.00 pkt/s 0.00 MB/s (errors=0)
  RX queue  3: rate=0.00 pkt/s 0.00 MB/s (errors=0)

Port 1 statistics:
  RX rate: 0.00 pkt/s 0.00 MB/s (missed=0 errors=0 no_mbuf=0)
  RX queue  0: rate=0.00 pkt/s 0.00 MB/s (errors=0)
  RX queue  1: rate=0.00 pkt/s 0.00 MB/s (errors=0)
  RX queue  2: rate=0.00 pkt/s 0.00 MB/s (errors=0)
  RX queue  3: rate=0.00 pkt/s 0.00 MB/s (errors=0)
DOCA software EGRESS host=2 packets=0 bytes=0
DOCA software EGRESS host=3 packets=0 bytes=0
DOCA ARP port=0 to_host=0 to_uplink=0
DOCA ARP port=1 to_host=0 to_uplink=0
DOCA Monitor output pipe: 0.00 pkt/s 0.00 MB/s
DOCA Monitor output pipe: 0.00 pkt/s 0.00 MB/s
DOCA To-Host pipe: 0.00 pkt/s 0.00 MB/s
DOCA To-Host pipe: 0.00 pkt/s 0.00 MB/s
DOCA Host decrypt pipe: 0.00 pkt/s 0.00 MB/s
DOCA Host decrypt pipe: 0.00 pkt/s 0.00 MB/s
DOCA Host decrypt pipe: 0.00 pkt/s 0.00 MB/s
DOCA Host decrypt pipe: 0.00 pkt/s 0.00 MB/s
DOCA Host decrypt pipe: 0.00 pkt/s 0.00 MB/s
DOCA Host decrypt pipe: 0.00 pkt/s 0.00 MB/s
DOCA Host decrypt pipe: 0.00 pkt/s 0.00 MB/s
DOCA Host decrypt pipe: 0.00 pkt/s 0.00 MB/s
DOCA Host decrypt pipe: 0.00 pkt/s 0.00 MB/s
DOCA Host decrypt pipe: 0.00 pkt/s 0.00 MB/s
DOCA Host decrypt pipe: 0.00 pkt/s 0.00 MB/s
DOCA Host decrypt pipe: 0.00 pkt/s 0.00 MB/s
DOCA Host decrypt pipe: 0.00 pkt/s 0.00 MB/s
DOCA Host decrypt pipe: 0.00 pkt/s 0.00 MB/s
DOCA Host decrypt pipe: 0.00 pkt/s 0.00 MB/s
DOCA Host decrypt pipe: 0.00 pkt/s 0.00 MB/s
DOCA Authenticated ESP RSS pipe: 0.00 pkt/s 0.00 MB/s
DOCA Authenticated ESP RSS pipe: 0.00 pkt/s 0.00 MB/s
DOCA Authenticated ESP RSS pipe: 0.00 pkt/s 0.00 MB/s
DOCA Authenticated ESP RSS pipe: 0.00 pkt/s 0.00 MB/s
DOCA Authenticated ESP RSS pipe: 0.00 pkt/s 0.00 MB/s
DOCA Authenticated ESP RSS pipe: 0.00 pkt/s 0.00 MB/s
DOCA Authenticated ESP RSS pipe: 0.00 pkt/s 0.00 MB/s
DOCA Authenticated ESP RSS pipe: 0.00 pkt/s 0.00 MB/s
DOCA Drop pipe: 0.00 pkt/s 0.00 MB/s
DOCA Drop pipe: 0.00 pkt/s 0.00 MB/s

=== monitoring snapshot ===
Worker statistics:
  lcore=2 queue=0 rate=0.00 pkt/s 0.00 MB/s
  lcore=3 queue=1 rate=0.00 pkt/s 0.00 MB/s
  lcore=4 queue=2 rate=0.00 pkt/s 0.00 MB/s
  lcore=5 queue=3 rate=0.00 pkt/s 0.00 MB/s

Port 0 statistics:
  RX rate: 0.00 pkt/s 0.00 MB/s (missed=0 errors=0 no_mbuf=0)
  RX queue  0: rate=0.00 pkt/s 0.00 MB/s (errors=0)
  RX queue  1: rate=0.00 pkt/s 0.00 MB/s (errors=0)
  RX queue  2: rate=0.00 pkt/s 0.00 MB/s (errors=0)
  RX queue  3: rate=0.00 pkt/s 0.00 MB/s (errors=0)

Port 1 statistics:
  RX rate: 0.00 pkt/s 0.00 MB/s (missed=0 errors=0 no_mbuf=0)
  RX queue  0: rate=0.00 pkt/s 0.00 MB/s (errors=0)
  RX queue  1: rate=0.00 pkt/s 0.00 MB/s (errors=0)
  RX queue  2: rate=0.00 pkt/s 0.00 MB/s (errors=0)
  RX queue  3: rate=0.00 pkt/s 0.00 MB/s (errors=0)
DOCA software EGRESS host=2 packets=0 bytes=0
DOCA software EGRESS host=3 packets=0 bytes=0
DOCA ARP port=0 to_host=0 to_uplink=0
DOCA ARP port=1 to_host=0 to_uplink=0
DOCA Monitor output pipe: 0.00 pkt/s 0.00 MB/s
DOCA Monitor output pipe: 0.00 pkt/s 0.00 MB/s
DOCA To-Host pipe: 0.00 pkt/s 0.00 MB/s
DOCA To-Host pipe: 0.00 pkt/s 0.00 MB/s
DOCA Host decrypt pipe: 0.00 pkt/s 0.00 MB/s
DOCA Host decrypt pipe: 0.00 pkt/s 0.00 MB/s
DOCA Host decrypt pipe: 0.00 pkt/s 0.00 MB/s
DOCA Host decrypt pipe: 0.00 pkt/s 0.00 MB/s
DOCA Host decrypt pipe: 0.00 pkt/s 0.00 MB/s
DOCA Host decrypt pipe: 0.00 pkt/s 0.00 MB/s
DOCA Host decrypt pipe: 0.00 pkt/s 0.00 MB/s
DOCA Host decrypt pipe: 0.00 pkt/s 0.00 MB/s
DOCA Host decrypt pipe: 0.00 pkt/s 0.00 MB/s
DOCA Host decrypt pipe: 0.00 pkt/s 0.00 MB/s
DOCA Host decrypt pipe: 0.00 pkt/s 0.00 MB/s
DOCA Host decrypt pipe: 0.00 pkt/s 0.00 MB/s
DOCA Host decrypt pipe: 0.00 pkt/s 0.00 MB/s
DOCA Host decrypt pipe: 0.00 pkt/s 0.00 MB/s
DOCA Host decrypt pipe: 0.00 pkt/s 0.00 MB/s
DOCA Host decrypt pipe: 0.00 pkt/s 0.00 MB/s
DOCA Authenticated ESP RSS pipe: 0.00 pkt/s 0.00 MB/s
DOCA Authenticated ESP RSS pipe: 0.00 pkt/s 0.00 MB/s
DOCA Authenticated ESP RSS pipe: 0.00 pkt/s 0.00 MB/s
DOCA Authenticated ESP RSS pipe: 0.00 pkt/s 0.00 MB/s
DOCA Authenticated ESP RSS pipe: 0.00 pkt/s 0.00 MB/s
DOCA Authenticated ESP RSS pipe: 0.00 pkt/s 0.00 MB/s
DOCA Authenticated ESP RSS pipe: 0.00 pkt/s 0.00 MB/s
DOCA Authenticated ESP RSS pipe: 0.00 pkt/s 0.00 MB/s
DOCA Drop pipe: 0.00 pkt/s 0.00 MB/s
DOCA Drop pipe: 0.00 pkt/s 0.00 MB/s

=== monitoring snapshot ===
Worker statistics:
  lcore=2 queue=0 rate=0.00 pkt/s 0.00 MB/s
  lcore=3 queue=1 rate=0.00 pkt/s 0.00 MB/s
  lcore=4 queue=2 rate=0.00 pkt/s 0.00 MB/s
  lcore=5 queue=3 rate=0.00 pkt/s 0.00 MB/s

Port 0 statistics:
  RX rate: 0.00 pkt/s 0.00 MB/s (missed=0 errors=0 no_mbuf=0)
  RX queue  0: rate=0.00 pkt/s 0.00 MB/s (errors=0)
  RX queue  1: rate=0.00 pkt/s 0.00 MB/s (errors=0)
  RX queue  2: rate=0.00 pkt/s 0.00 MB/s (errors=0)
  RX queue  3: rate=0.00 pkt/s 0.00 MB/s (errors=0)

Port 1 statistics:
  RX rate: 0.00 pkt/s 0.00 MB/s (missed=0 errors=0 no_mbuf=0)
  RX queue  0: rate=0.00 pkt/s 0.00 MB/s (errors=0)
  RX queue  1: rate=0.00 pkt/s 0.00 MB/s (errors=0)
  RX queue  2: rate=0.00 pkt/s 0.00 MB/s (errors=0)
  RX queue  3: rate=0.00 pkt/s 0.00 MB/s (errors=0)
DOCA software EGRESS host=2 packets=0 bytes=0
DOCA software EGRESS host=3 packets=0 bytes=0
DOCA ARP port=0 to_host=0 to_uplink=0
DOCA ARP port=1 to_host=0 to_uplink=0
DOCA Monitor output pipe: 0.00 pkt/s 0.00 MB/s
DOCA Monitor output pipe: 0.00 pkt/s 0.00 MB/s
DOCA To-Host pipe: 0.00 pkt/s 0.00 MB/s
DOCA To-Host pipe: 0.00 pkt/s 0.00 MB/s
DOCA Host decrypt pipe: 0.00 pkt/s 0.00 MB/s
DOCA Host decrypt pipe: 0.00 pkt/s 0.00 MB/s
DOCA Host decrypt pipe: 0.00 pkt/s 0.00 MB/s
DOCA Host decrypt pipe: 0.00 pkt/s 0.00 MB/s
DOCA Host decrypt pipe: 0.00 pkt/s 0.00 MB/s
DOCA Host decrypt pipe: 0.00 pkt/s 0.00 MB/s
DOCA Host decrypt pipe: 0.00 pkt/s 0.00 MB/s
DOCA Host decrypt pipe: 0.00 pkt/s 0.00 MB/s
DOCA Host decrypt pipe: 0.00 pkt/s 0.00 MB/s
DOCA Host decrypt pipe: 0.00 pkt/s 0.00 MB/s
DOCA Host decrypt pipe: 0.00 pkt/s 0.00 MB/s
DOCA Host decrypt pipe: 0.00 pkt/s 0.00 MB/s
DOCA Host decrypt pipe: 0.00 pkt/s 0.00 MB/s
DOCA Host decrypt pipe: 0.00 pkt/s 0.00 MB/s
DOCA Host decrypt pipe: 0.00 pkt/s 0.00 MB/s
DOCA Host decrypt pipe: 0.00 pkt/s 0.00 MB/s
DOCA Authenticated ESP RSS pipe: 0.00 pkt/s 0.00 MB/s
DOCA Authenticated ESP RSS pipe: 0.00 pkt/s 0.00 MB/s
DOCA Authenticated ESP RSS pipe: 0.00 pkt/s 0.00 MB/s
DOCA Authenticated ESP RSS pipe: 0.00 pkt/s 0.00 MB/s
DOCA Authenticated ESP RSS pipe: 0.00 pkt/s 0.00 MB/s
DOCA Authenticated ESP RSS pipe: 0.00 pkt/s 0.00 MB/s
DOCA Authenticated ESP RSS pipe: 0.00 pkt/s 0.00 MB/s
DOCA Authenticated ESP RSS pipe: 0.00 pkt/s 0.00 MB/s
DOCA Drop pipe: 0.00 pkt/s 0.00 MB/s
DOCA Drop pipe: 0.00 pkt/s 0.00 MB/s

=== monitoring snapshot ===
Worker statistics:
  lcore=2 queue=0 rate=0.00 pkt/s 0.00 MB/s
  lcore=3 queue=1 rate=0.00 pkt/s 0.00 MB/s
  lcore=4 queue=2 rate=0.00 pkt/s 0.00 MB/s
  lcore=5 queue=3 rate=0.00 pkt/s 0.00 MB/s

Port 0 statistics:
  RX rate: 0.00 pkt/s 0.00 MB/s (missed=0 errors=0 no_mbuf=0)
  RX queue  0: rate=0.00 pkt/s 0.00 MB/s (errors=0)
  RX queue  1: rate=0.00 pkt/s 0.00 MB/s (errors=0)
  RX queue  2: rate=0.00 pkt/s 0.00 MB/s (errors=0)
  RX queue  3: rate=0.00 pkt/s 0.00 MB/s (errors=0)

Port 1 statistics:
  RX rate: 0.00 pkt/s 0.00 MB/s (missed=0 errors=0 no_mbuf=0)
  RX queue  0: rate=0.00 pkt/s 0.00 MB/s (errors=0)
  RX queue  1: rate=0.00 pkt/s 0.00 MB/s (errors=0)
  RX queue  2: rate=0.00 pkt/s 0.00 MB/s (errors=0)
  RX queue  3: rate=0.00 pkt/s 0.00 MB/s (errors=0)
DOCA software EGRESS host=2 packets=0 bytes=0
DOCA software EGRESS host=3 packets=0 bytes=0
DOCA ARP port=0 to_host=0 to_uplink=0
DOCA ARP port=1 to_host=0 to_uplink=0
DOCA Monitor output pipe: 0.00 pkt/s 0.00 MB/s
DOCA Monitor output pipe: 0.00 pkt/s 0.00 MB/s
DOCA To-Host pipe: 0.00 pkt/s 0.00 MB/s
DOCA To-Host pipe: 0.00 pkt/s 0.00 MB/s
DOCA Host decrypt pipe: 0.00 pkt/s 0.00 MB/s
DOCA Host decrypt pipe: 0.00 pkt/s 0.00 MB/s
DOCA Host decrypt pipe: 0.00 pkt/s 0.00 MB/s
DOCA Host decrypt pipe: 0.00 pkt/s 0.00 MB/s
DOCA Host decrypt pipe: 0.00 pkt/s 0.00 MB/s
DOCA Host decrypt pipe: 0.00 pkt/s 0.00 MB/s
DOCA Host decrypt pipe: 0.00 pkt/s 0.00 MB/s
DOCA Host decrypt pipe: 0.00 pkt/s 0.00 MB/s
DOCA Host decrypt pipe: 0.00 pkt/s 0.00 MB/s
DOCA Host decrypt pipe: 0.00 pkt/s 0.00 MB/s
DOCA Host decrypt pipe: 0.00 pkt/s 0.00 MB/s
DOCA Host decrypt pipe: 0.00 pkt/s 0.00 MB/s
DOCA Host decrypt pipe: 0.00 pkt/s 0.00 MB/s
DOCA Host decrypt pipe: 0.00 pkt/s 0.00 MB/s
DOCA Host decrypt pipe: 0.00 pkt/s 0.00 MB/s
DOCA Host decrypt pipe: 0.00 pkt/s 0.00 MB/s
DOCA Authenticated ESP RSS pipe: 0.00 pkt/s 0.00 MB/s
DOCA Authenticated ESP RSS pipe: 0.00 pkt/s 0.00 MB/s
DOCA Authenticated ESP RSS pipe: 0.00 pkt/s 0.00 MB/s
DOCA Authenticated ESP RSS pipe: 0.00 pkt/s 0.00 MB/s
DOCA Authenticated ESP RSS pipe: 0.00 pkt/s 0.00 MB/s
DOCA Authenticated ESP RSS pipe: 0.00 pkt/s 0.00 MB/s
DOCA Authenticated ESP RSS pipe: 0.00 pkt/s 0.00 MB/s
DOCA Authenticated ESP RSS pipe: 0.00 pkt/s 0.00 MB/s
DOCA Drop pipe: 0.00 pkt/s 0.00 MB/s
DOCA Drop pipe: 0.00 pkt/s 0.00 MB/s

=== monitoring snapshot ===
Worker statistics:
  lcore=2 queue=0 rate=0.00 pkt/s 0.00 MB/s
  lcore=3 queue=1 rate=0.00 pkt/s 0.00 MB/s
  lcore=4 queue=2 rate=0.00 pkt/s 0.00 MB/s
  lcore=5 queue=3 rate=0.00 pkt/s 0.00 MB/s

Port 0 statistics:
  RX rate: 0.00 pkt/s 0.00 MB/s (missed=0 errors=0 no_mbuf=0)
  RX queue  0: rate=0.00 pkt/s 0.00 MB/s (errors=0)
  RX queue  1: rate=0.00 pkt/s 0.00 MB/s (errors=0)
  RX queue  2: rate=0.00 pkt/s 0.00 MB/s (errors=0)
  RX queue  3: rate=0.00 pkt/s 0.00 MB/s (errors=0)

Port 1 statistics:
  RX rate: 0.00 pkt/s 0.00 MB/s (missed=0 errors=0 no_mbuf=0)
  RX queue  0: rate=0.00 pkt/s 0.00 MB/s (errors=0)
  RX queue  1: rate=0.00 pkt/s 0.00 MB/s (errors=0)
  RX queue  2: rate=0.00 pkt/s 0.00 MB/s (errors=0)
  RX queue  3: rate=0.00 pkt/s 0.00 MB/s (errors=0)
DOCA software EGRESS host=2 packets=0 bytes=0
DOCA software EGRESS host=3 packets=0 bytes=0
DOCA ARP port=0 to_host=0 to_uplink=0
DOCA ARP port=1 to_host=0 to_uplink=0
DOCA Monitor output pipe: 0.00 pkt/s 0.00 MB/s
DOCA Monitor output pipe: 0.00 pkt/s 0.00 MB/s
DOCA To-Host pipe: 0.00 pkt/s 0.00 MB/s
DOCA To-Host pipe: 0.00 pkt/s 0.00 MB/s
DOCA Host decrypt pipe: 0.00 pkt/s 0.00 MB/s
DOCA Host decrypt pipe: 0.00 pkt/s 0.00 MB/s
DOCA Host decrypt pipe: 0.00 pkt/s 0.00 MB/s
DOCA Host decrypt pipe: 0.00 pkt/s 0.00 MB/s
DOCA Host decrypt pipe: 0.00 pkt/s 0.00 MB/s
DOCA Host decrypt pipe: 0.00 pkt/s 0.00 MB/s
DOCA Host decrypt pipe: 0.00 pkt/s 0.00 MB/s
DOCA Host decrypt pipe: 0.00 pkt/s 0.00 MB/s
DOCA Host decrypt pipe: 0.00 pkt/s 0.00 MB/s
DOCA Host decrypt pipe: 0.00 pkt/s 0.00 MB/s
DOCA Host decrypt pipe: 0.00 pkt/s 0.00 MB/s
DOCA Host decrypt pipe: 0.00 pkt/s 0.00 MB/s
DOCA Host decrypt pipe: 0.00 pkt/s 0.00 MB/s
DOCA Host decrypt pipe: 0.00 pkt/s 0.00 MB/s
DOCA Host decrypt pipe: 0.00 pkt/s 0.00 MB/s
DOCA Host decrypt pipe: 0.00 pkt/s 0.00 MB/s
DOCA Authenticated ESP RSS pipe: 0.00 pkt/s 0.00 MB/s
DOCA Authenticated ESP RSS pipe: 0.00 pkt/s 0.00 MB/s
DOCA Authenticated ESP RSS pipe: 0.00 pkt/s 0.00 MB/s
DOCA Authenticated ESP RSS pipe: 0.00 pkt/s 0.00 MB/s
DOCA Authenticated ESP RSS pipe: 0.00 pkt/s 0.00 MB/s
DOCA Authenticated ESP RSS pipe: 0.00 pkt/s 0.00 MB/s
DOCA Authenticated ESP RSS pipe: 0.00 pkt/s 0.00 MB/s
DOCA Authenticated ESP RSS pipe: 0.00 pkt/s 0.00 MB/s
DOCA Drop pipe: 0.00 pkt/s 0.00 MB/s
DOCA Drop pipe: 0.00 pkt/s 0.00 MB/s

=== monitoring snapshot ===
Worker statistics:
  lcore=2 queue=0 rate=3150226.11 pkt/s 4536.48 MB/s
  lcore=3 queue=1 rate=3196328.96 pkt/s 4602.87 MB/s
  lcore=4 queue=2 rate=3191776.25 pkt/s 4596.31 MB/s
  lcore=5 queue=3 rate=3266664.64 pkt/s 4704.15 MB/s

Port 0 statistics:
  RX rate: 6434577.58 pkt/s 9264.93 MB/s (missed=4731 errors=0 no_mbuf=0)
  RX queue  0: rate=1584637.41 pkt/s 2281.67 MB/s (errors=0)
  RX queue  1: rate=1588369.50 pkt/s 2287.16 MB/s (errors=0)
  RX queue  2: rate=1612229.31 pkt/s 2321.07 MB/s (errors=0)
  RX queue  3: rate=1649341.35 pkt/s 2375.03 MB/s (errors=0)

Port 1 statistics:
  RX rate: 6372111.92 pkt/s 9172.69 MB/s (missed=4613 errors=0 no_mbuf=0)
  RX queue  0: rate=1566038.52 pkt/s 2254.55 MB/s (errors=0)
  RX queue  1: rate=1608316.13 pkt/s 2315.22 MB/s (errors=0)
  RX queue  2: rate=1580043.11 pkt/s 2274.17 MB/s (errors=0)
  RX queue  3: rate=1617714.15 pkt/s 2328.76 MB/s (errors=0)
DOCA software EGRESS host=2 packets=0 bytes=0
DOCA software EGRESS host=3 packets=1697589 bytes=2471689584
DOCA ARP port=0 to_host=0 to_uplink=0
DOCA ARP port=1 to_host=0 to_uplink=0
DOCA Monitor output pipe: 0.00 pkt/s 0.00 MB/s
DOCA Monitor output pipe: 1701404.19 pkt/s 2450.10 MB/s
DOCA To-Host pipe: 0.00 pkt/s 0.00 MB/s
DOCA To-Host pipe: 0.00 pkt/s 0.00 MB/s
DOCA Host decrypt pipe: 0.00 pkt/s 0.00 MB/s
DOCA Host decrypt pipe: 0.00 pkt/s 0.00 MB/s
DOCA Host decrypt pipe: 0.00 pkt/s 0.00 MB/s
DOCA Host decrypt pipe: 0.00 pkt/s 0.00 MB/s
DOCA Host decrypt pipe: 0.00 pkt/s 0.00 MB/s
DOCA Host decrypt pipe: 0.00 pkt/s 0.00 MB/s
DOCA Host decrypt pipe: 0.00 pkt/s 0.00 MB/s
DOCA Host decrypt pipe: 0.00 pkt/s 0.00 MB/s
DOCA Host decrypt pipe: 201809.47 pkt/s 290.62 MB/s
DOCA Host decrypt pipe: 235007.29 pkt/s 338.42 MB/s
DOCA Host decrypt pipe: 205135.65 pkt/s 295.41 MB/s
DOCA Host decrypt pipe: 238973.12 pkt/s 344.13 MB/s
DOCA Host decrypt pipe: 203472.56 pkt/s 293.01 MB/s
DOCA Host decrypt pipe: 205455.48 pkt/s 295.87 MB/s
DOCA Host decrypt pipe: 205711.34 pkt/s 296.23 MB/s
DOCA Host decrypt pipe: 205839.27 pkt/s 296.42 MB/s
DOCA Authenticated ESP RSS pipe: 0.00 pkt/s 0.00 MB/s
DOCA Authenticated ESP RSS pipe: 0.00 pkt/s 0.00 MB/s
DOCA Authenticated ESP RSS pipe: 0.00 pkt/s 0.00 MB/s
DOCA Authenticated ESP RSS pipe: 0.00 pkt/s 0.00 MB/s
DOCA Authenticated ESP RSS pipe: 405282.04 pkt/s 583.63 MB/s
DOCA Authenticated ESP RSS pipe: 440462.77 pkt/s 634.29 MB/s
DOCA Authenticated ESP RSS pipe: 410846.99 pkt/s 591.64 MB/s
DOCA Authenticated ESP RSS pipe: 444812.39 pkt/s 640.55 MB/s
DOCA Drop pipe: 0.00 pkt/s 0.00 MB/s
DOCA Drop pipe: 0.00 pkt/s 0.00 MB/s

=== monitoring snapshot ===
Worker statistics:
  lcore=2 queue=0 rate=4206024.69 pkt/s 6056.88 MB/s
  lcore=3 queue=1 rate=4218180.68 pkt/s 6074.38 MB/s
  lcore=4 queue=2 rate=4223467.64 pkt/s 6082.00 MB/s
  lcore=5 queue=3 rate=4229960.90 pkt/s 6091.35 MB/s

Port 0 statistics:
  RX rate: 8455473.34 pkt/s 12175.78 MB/s (missed=4731 errors=0 no_mbuf=0)
  RX queue  0: rate=2115149.59 pkt/s 3045.41 MB/s (errors=0)
  RX queue  1: rate=2113717.42 pkt/s 3043.86 MB/s (errors=0)
  RX queue  2: rate=2112888.90 pkt/s 3042.66 MB/s (errors=0)
  RX queue  3: rate=2113717.42 pkt/s 3043.86 MB/s (errors=0)

Port 1 statistics:
  RX rate: 8422123.89 pkt/s 12124.95 MB/s (missed=4613 errors=0 no_mbuf=0)
  RX queue  0: rate=2090885.01 pkt/s 3010.21 MB/s (errors=0)
  RX queue  1: rate=2104480.85 pkt/s 3029.58 MB/s (errors=0)
  RX queue  2: rate=2110477.25 pkt/s 3038.37 MB/s (errors=0)
  RX queue  3: rate=2116280.77 pkt/s 3046.79 MB/s (errors=0)
DOCA software EGRESS host=2 packets=6536918 bytes=9517752608
DOCA software EGRESS host=3 packets=10117220 bytes=14730672320
DOCA ARP port=0 to_host=0 to_uplink=0
DOCA ARP port=1 to_host=0 to_uplink=0
DOCA Monitor output pipe: 6537754.83 pkt/s 9414.68 MB/s
DOCA Monitor output pipe: 8414530.07 pkt/s 12117.33 MB/s
DOCA To-Host pipe: 0.00 pkt/s 0.00 MB/s
DOCA To-Host pipe: 0.00 pkt/s 0.00 MB/s
DOCA Host decrypt pipe: 804435.19 pkt/s 1158.43 MB/s
DOCA Host decrypt pipe: 811534.84 pkt/s 1168.65 MB/s
DOCA Host decrypt pipe: 835967.87 pkt/s 1203.83 MB/s
DOCA Host decrypt pipe: 837630.85 pkt/s 1206.23 MB/s
DOCA Host decrypt pipe: 804818.95 pkt/s 1158.98 MB/s
DOCA Host decrypt pipe: 802324.48 pkt/s 1155.39 MB/s
DOCA Host decrypt pipe: 803795.58 pkt/s 1157.50 MB/s
DOCA Host decrypt pipe: 837247.08 pkt/s 1205.68 MB/s
DOCA Host decrypt pipe: 1040322.68 pkt/s 1498.11 MB/s
DOCA Host decrypt pipe: 1046207.07 pkt/s 1506.59 MB/s
DOCA Host decrypt pipe: 1051497.83 pkt/s 1514.21 MB/s
DOCA Host decrypt pipe: 1056297.89 pkt/s 1521.12 MB/s
DOCA Host decrypt pipe: 1048829.46 pkt/s 1510.37 MB/s
DOCA Host decrypt pipe: 1056888.53 pkt/s 1521.97 MB/s
DOCA Host decrypt pipe: 1057720.02 pkt/s 1523.17 MB/s
DOCA Host decrypt pipe: 1056760.61 pkt/s 1521.79 MB/s
DOCA Authenticated ESP RSS pipe: 1609254.14 pkt/s 2317.40 MB/s
DOCA Authenticated ESP RSS pipe: 1613859.31 pkt/s 2324.04 MB/s
DOCA Authenticated ESP RSS pipe: 1639763.44 pkt/s 2361.34 MB/s
DOCA Authenticated ESP RSS pipe: 1674877.93 pkt/s 2411.90 MB/s
DOCA Authenticated ESP RSS pipe: 2089152.14 pkt/s 3008.48 MB/s
DOCA Authenticated ESP RSS pipe: 2103095.60 pkt/s 3028.56 MB/s
DOCA Authenticated ESP RSS pipe: 2109205.85 pkt/s 3037.36 MB/s
DOCA Authenticated ESP RSS pipe: 2113053.50 pkt/s 3042.90 MB/s
DOCA Drop pipe: 0.00 pkt/s 0.00 MB/s
DOCA Drop pipe: 0.00 pkt/s 0.00 MB/s

=== monitoring snapshot ===
Worker statistics:
  lcore=2 queue=0 rate=4205947.01 pkt/s 6056.77 MB/s
  lcore=3 queue=1 rate=4218288.30 pkt/s 6074.54 MB/s
  lcore=4 queue=2 rate=4223370.12 pkt/s 6081.86 MB/s
  lcore=5 queue=3 rate=4234987.86 pkt/s 6098.59 MB/s

Port 0 statistics:
  RX rate: 8459484.66 pkt/s 12181.61 MB/s (missed=4731 errors=0 no_mbuf=0)
  RX queue  0: rate=2115064.79 pkt/s 3045.34 MB/s (errors=0)
  RX queue  1: rate=2113712.64 pkt/s 3043.85 MB/s (errors=0)
  RX queue  2: rate=2112795.21 pkt/s 3042.53 MB/s (errors=0)
  RX queue  3: rate=2117912.02 pkt/s 3049.90 MB/s (errors=0)

Port 1 statistics:
  RX rate: 8423173.15 pkt/s 12126.98 MB/s (missed=4613 errors=0 no_mbuf=0)
  RX queue  0: rate=2090888.35 pkt/s 3010.22 MB/s (errors=0)
  RX queue  1: rate=2104584.02 pkt/s 3029.87 MB/s (errors=0)
  RX queue  2: rate=2110652.33 pkt/s 3038.88 MB/s (errors=0)
  RX queue  3: rate=2117048.44 pkt/s 3048.01 MB/s (errors=0)
DOCA software EGRESS host=2 packets=14992284 bytes=21828765504
DOCA software EGRESS host=3 packets=18542014 bytes=26997172384
DOCA ARP port=0 to_host=0 to_uplink=0
DOCA ARP port=1 to_host=0 to_uplink=0
DOCA Monitor output pipe: 8451039.61 pkt/s 12169.90 MB/s
DOCA Monitor output pipe: 8419704.24 pkt/s 12124.78 MB/s
DOCA To-Host pipe: 0.00 pkt/s 0.00 MB/s
DOCA To-Host pipe: 0.00 pkt/s 0.00 MB/s
DOCA Host decrypt pipe: 1058058.95 pkt/s 1523.66 MB/s
DOCA Host decrypt pipe: 1058250.84 pkt/s 1523.93 MB/s
DOCA Host decrypt pipe: 1056204.06 pkt/s 1520.98 MB/s
DOCA Host decrypt pipe: 1058314.80 pkt/s 1524.02 MB/s
DOCA Host decrypt pipe: 1055948.21 pkt/s 1520.62 MB/s
DOCA Host decrypt pipe: 1054413.12 pkt/s 1518.41 MB/s
DOCA Host decrypt pipe: 1055564.44 pkt/s 1520.06 MB/s
DOCA Host decrypt pipe: 1054285.20 pkt/s 1518.22 MB/s
DOCA Host decrypt pipe: 1040597.33 pkt/s 1498.51 MB/s
DOCA Host decrypt pipe: 1046353.91 pkt/s 1506.80 MB/s
DOCA Host decrypt pipe: 1051779.69 pkt/s 1514.61 MB/s
DOCA Host decrypt pipe: 1057370.36 pkt/s 1522.66 MB/s
DOCA Host decrypt pipe: 1049424.09 pkt/s 1511.22 MB/s
DOCA Host decrypt pipe: 1057355.37 pkt/s 1522.64 MB/s
DOCA Host decrypt pipe: 1058058.95 pkt/s 1523.66 MB/s
DOCA Host decrypt pipe: 1058762.53 pkt/s 1524.67 MB/s
DOCA Authenticated ESP RSS pipe: 2114007.16 pkt/s 3044.27 MB/s
DOCA Authenticated ESP RSS pipe: 2112663.96 pkt/s 3042.34 MB/s
DOCA Authenticated ESP RSS pipe: 2111768.49 pkt/s 3041.05 MB/s
DOCA Authenticated ESP RSS pipe: 2112600.00 pkt/s 3042.25 MB/s
DOCA Authenticated ESP RSS pipe: 2090021.42 pkt/s 3009.73 MB/s
DOCA Authenticated ESP RSS pipe: 2103709.28 pkt/s 3029.44 MB/s
DOCA Authenticated ESP RSS pipe: 2109846.63 pkt/s 3038.28 MB/s
DOCA Authenticated ESP RSS pipe: 2116137.89 pkt/s 3047.34 MB/s
DOCA Drop pipe: 0.00 pkt/s 0.00 MB/s
DOCA Drop pipe: 0.00 pkt/s 0.00 MB/s

=== monitoring snapshot ===
Worker statistics:
  lcore=2 queue=0 rate=4204656.21 pkt/s 6054.91 MB/s
  lcore=3 queue=1 rate=4220541.95 pkt/s 6077.78 MB/s
  lcore=4 queue=2 rate=4218699.03 pkt/s 6075.13 MB/s
  lcore=5 queue=3 rate=4232029.26 pkt/s 6094.33 MB/s

Port 0 statistics:
  RX rate: 8452824.77 pkt/s 12171.87 MB/s (missed=4731 errors=0 no_mbuf=0)
  RX queue  0: rate=2114355.76 pkt/s 3044.16 MB/s (errors=0)
  RX queue  1: rate=2113000.56 pkt/s 3042.82 MB/s (errors=0)
  RX queue  2: rate=2108769.07 pkt/s 3036.73 MB/s (errors=0)
  RX queue  3: rate=2116699.38 pkt/s 3048.15 MB/s (errors=0)

Port 1 statistics:
  RX rate: 8423054.98 pkt/s 12126.76 MB/s (missed=4613 errors=0 no_mbuf=0)
  RX queue  0: rate=2090360.51 pkt/s 3009.28 MB/s (errors=0)
  RX queue  1: rate=2107575.43 pkt/s 3034.26 MB/s (errors=0)
  RX queue  2: rate=2109810.13 pkt/s 3037.86 MB/s (errors=0)
  RX queue  3: rate=2115308.91 pkt/s 3045.36 MB/s (errors=0)
DOCA software EGRESS host=2 packets=23452528 bytes=34146880768
DOCA software EGRESS host=3 packets=26963055 bytes=39258208080
DOCA ARP port=0 to_host=0 to_uplink=0
DOCA ARP port=1 to_host=0 to_uplink=0
DOCA Monitor output pipe: 8454743.99 pkt/s 12175.24 MB/s
DOCA Monitor output pipe: 8416226.34 pkt/s 12119.77 MB/s
DOCA To-Host pipe: 0.00 pkt/s 0.00 MB/s
DOCA To-Host pipe: 0.00 pkt/s 0.00 MB/s
DOCA Host decrypt pipe: 1058138.25 pkt/s 1523.77 MB/s
DOCA Host decrypt pipe: 1058266.17 pkt/s 1523.95 MB/s
DOCA Host decrypt pipe: 1056155.40 pkt/s 1520.91 MB/s
DOCA Host decrypt pipe: 1058266.17 pkt/s 1523.95 MB/s
DOCA Host decrypt pipe: 1055707.66 pkt/s 1520.27 MB/s
DOCA Host decrypt pipe: 1054300.47 pkt/s 1518.24 MB/s
DOCA Host decrypt pipe: 1055579.73 pkt/s 1520.09 MB/s
DOCA Host decrypt pipe: 1058330.14 pkt/s 1524.05 MB/s
DOCA Host decrypt pipe: 1040292.60 pkt/s 1498.07 MB/s
DOCA Host decrypt pipe: 1047776.26 pkt/s 1508.85 MB/s
DOCA Host decrypt pipe: 1051067.35 pkt/s 1513.59 MB/s
DOCA Host decrypt pipe: 1055259.92 pkt/s 1519.63 MB/s
DOCA Host decrypt pipe: 1048863.63 pkt/s 1510.41 MB/s
DOCA Host decrypt pipe: 1056922.95 pkt/s 1522.02 MB/s
DOCA Host decrypt pipe: 1057498.62 pkt/s 1522.85 MB/s
DOCA Host decrypt pipe: 1058536.02 pkt/s 1524.34 MB/s
DOCA Authenticated ESP RSS pipe: 2113845.91 pkt/s 3044.04 MB/s
DOCA Authenticated ESP RSS pipe: 2112566.65 pkt/s 3042.20 MB/s
DOCA Authenticated ESP RSS pipe: 2111735.13 pkt/s 3041.00 MB/s
DOCA Authenticated ESP RSS pipe: 2116596.31 pkt/s 3048.00 MB/s
DOCA Authenticated ESP RSS pipe: 2089156.23 pkt/s 3008.49 MB/s
DOCA Authenticated ESP RSS pipe: 2104699.21 pkt/s 3030.87 MB/s
DOCA Authenticated ESP RSS pipe: 2108569.97 pkt/s 3036.44 MB/s
DOCA Authenticated ESP RSS pipe: 2113792.94 pkt/s 3043.96 MB/s
DOCA Drop pipe: 0.00 pkt/s 0.00 MB/s
DOCA Drop pipe: 0.00 pkt/s 0.00 MB/s

=== monitoring snapshot ===
Worker statistics:
  lcore=2 queue=0 rate=4204140.32 pkt/s 6054.16 MB/s
  lcore=3 queue=1 rate=4217045.43 pkt/s 6072.75 MB/s
  lcore=4 queue=2 rate=4221804.52 pkt/s 6079.60 MB/s
  lcore=5 queue=3 rate=4232641.90 pkt/s 6095.21 MB/s

Port 0 statistics:
  RX rate: 8456392.02 pkt/s 12177.13 MB/s (missed=4731 errors=0 no_mbuf=0)
  RX queue  0: rate=2114516.25 pkt/s 3044.52 MB/s (errors=0)
  RX queue  1: rate=2113215.04 pkt/s 3043.13 MB/s (errors=0)
  RX queue  2: rate=2112330.57 pkt/s 3041.86 MB/s (errors=0)
  RX queue  3: rate=2116330.16 pkt/s 3047.62 MB/s (errors=0)

Port 1 statistics:
  RX rate: 8419202.75 pkt/s 12121.15 MB/s (missed=4613 errors=0 no_mbuf=0)
  RX queue  0: rate=2089506.58 pkt/s 3008.20 MB/s (errors=0)
  RX queue  1: rate=2103831.02 pkt/s 3028.72 MB/s (errors=0)
  RX queue  2: rate=2109500.63 pkt/s 3037.25 MB/s (errors=0)
  RX queue  3: rate=2116364.53 pkt/s 3046.98 MB/s (errors=0)
DOCA software EGRESS host=2 packets=31906572 bytes=46455968832
DOCA software EGRESS host=3 packets=35389530 bytes=51527155680
DOCA ARP port=0 to_host=0 to_uplink=0
DOCA ARP port=1 to_host=0 to_uplink=0
DOCA Monitor output pipe: 8448947.84 pkt/s 12166.89 MB/s
DOCA Monitor output pipe: 8421374.38 pkt/s 12127.19 MB/s
DOCA To-Host pipe: 0.00 pkt/s 0.00 MB/s
DOCA To-Host pipe: 0.00 pkt/s 0.00 MB/s
DOCA Host decrypt pipe: 1057605.59 pkt/s 1523.00 MB/s
DOCA Host decrypt pipe: 1057861.43 pkt/s 1523.37 MB/s
DOCA Host decrypt pipe: 1052360.73 pkt/s 1515.45 MB/s
DOCA Host decrypt pipe: 1057669.55 pkt/s 1523.10 MB/s
DOCA Host decrypt pipe: 1055878.62 pkt/s 1520.52 MB/s
DOCA Host decrypt pipe: 1054087.70 pkt/s 1517.94 MB/s
DOCA Host decrypt pipe: 1055366.93 pkt/s 1519.78 MB/s
DOCA Host decrypt pipe: 1058117.28 pkt/s 1523.74 MB/s
DOCA Host decrypt pipe: 1040208.02 pkt/s 1497.95 MB/s
DOCA Host decrypt pipe: 1048331.15 pkt/s 1509.65 MB/s
DOCA Host decrypt pipe: 1051675.15 pkt/s 1514.46 MB/s
DOCA Host decrypt pipe: 1057541.63 pkt/s 1522.91 MB/s
DOCA Host decrypt pipe: 1049420.50 pkt/s 1511.22 MB/s
DOCA Host decrypt pipe: 1057349.74 pkt/s 1522.63 MB/s
DOCA Host decrypt pipe: 1057861.43 pkt/s 1523.37 MB/s
DOCA Host decrypt pipe: 1058998.75 pkt/s 1525.01 MB/s
DOCA Authenticated ESP RSS pipe: 2113484.21 pkt/s 3043.52 MB/s
DOCA Authenticated ESP RSS pipe: 2111949.13 pkt/s 3041.31 MB/s
DOCA Authenticated ESP RSS pipe: 2107727.66 pkt/s 3035.23 MB/s
DOCA Authenticated ESP RSS pipe: 2115786.83 pkt/s 3046.84 MB/s
DOCA Authenticated ESP RSS pipe: 2089626.52 pkt/s 3009.16 MB/s
DOCA Authenticated ESP RSS pipe: 2105680.89 pkt/s 3032.28 MB/s
DOCA Authenticated ESP RSS pipe: 2109531.58 pkt/s 3037.83 MB/s
DOCA Authenticated ESP RSS pipe: 2116543.38 pkt/s 3047.92 MB/s
DOCA Drop pipe: 0.00 pkt/s 0.00 MB/s
DOCA Drop pipe: 0.00 pkt/s 0.00 MB/s

=== monitoring snapshot ===
Worker statistics:
  lcore=2 queue=0 rate=4206326.60 pkt/s 6057.31 MB/s
  lcore=3 queue=1 rate=4218814.94 pkt/s 6075.30 MB/s
  lcore=4 queue=2 rate=4223450.10 pkt/s 6081.97 MB/s
  lcore=5 queue=3 rate=4235485.72 pkt/s 6099.30 MB/s

Port 0 statistics:
  RX rate: 8460576.44 pkt/s 12183.16 MB/s (missed=4731 errors=0 no_mbuf=0)
  RX queue  0: rate=2115624.31 pkt/s 3046.13 MB/s (errors=0)
  RX queue  1: rate=2114132.23 pkt/s 3044.45 MB/s (errors=0)
  RX queue  2: rate=2112798.06 pkt/s 3042.53 MB/s (errors=0)
  RX queue  3: rate=2118021.84 pkt/s 3050.05 MB/s (errors=0)

Port 1 statistics:
  RX rate: 8423614.59 pkt/s 12127.86 MB/s (missed=4613 errors=0 no_mbuf=0)
  RX queue  0: rate=2090786.35 pkt/s 3010.30 MB/s (errors=0)
  RX queue  1: rate=2104732.63 pkt/s 3030.12 MB/s (errors=0)
  RX queue  2: rate=2110698.90 pkt/s 3038.79 MB/s (errors=0)
  RX queue  3: rate=2117396.72 pkt/s 3048.65 MB/s (errors=0)
DOCA software EGRESS host=2 packets=40363717 bytes=58769571952
DOCA software EGRESS host=3 packets=43813041 bytes=63791787696
DOCA ARP port=0 to_host=0 to_uplink=0
DOCA ARP port=1 to_host=0 to_uplink=0
DOCA Monitor output pipe: 8451716.27 pkt/s 12170.88 MB/s
DOCA Monitor output pipe: 8418210.29 pkt/s 12122.63 MB/s
DOCA To-Host pipe: 0.00 pkt/s 0.00 MB/s
DOCA To-Host pipe: 0.00 pkt/s 0.00 MB/s
DOCA Host decrypt pipe: 1057760.35 pkt/s 1523.23 MB/s
DOCA Host decrypt pipe: 1057960.22 pkt/s 1523.51 MB/s
DOCA Host decrypt pipe: 1055913.50 pkt/s 1520.57 MB/s
DOCA Host decrypt pipe: 1057128.74 pkt/s 1522.32 MB/s
DOCA Host decrypt pipe: 1055593.70 pkt/s 1520.11 MB/s
DOCA Host decrypt pipe: 1054058.67 pkt/s 1517.90 MB/s
DOCA Host decrypt pipe: 1055209.95 pkt/s 1519.55 MB/s
DOCA Host decrypt pipe: 1058088.14 pkt/s 1523.70 MB/s
DOCA Host decrypt pipe: 1040307.30 pkt/s 1498.09 MB/s
DOCA Host decrypt pipe: 1046127.64 pkt/s 1506.47 MB/s
DOCA Host decrypt pipe: 1051482.28 pkt/s 1514.19 MB/s
DOCA Host decrypt pipe: 1057704.38 pkt/s 1523.15 MB/s
DOCA Host decrypt pipe: 1049259.68 pkt/s 1510.98 MB/s
DOCA Host decrypt pipe: 1057192.70 pkt/s 1522.41 MB/s
DOCA Host decrypt pipe: 1057832.30 pkt/s 1523.33 MB/s
DOCA Host decrypt pipe: 1058302.01 pkt/s 1524.01 MB/s
DOCA Authenticated ESP RSS pipe: 2113335.06 pkt/s 3043.30 MB/s
DOCA Authenticated ESP RSS pipe: 2112018.89 pkt/s 3041.41 MB/s
DOCA Authenticated ESP RSS pipe: 2111123.45 pkt/s 3040.12 MB/s
DOCA Authenticated ESP RSS pipe: 2115216.88 pkt/s 3046.01 MB/s
DOCA Authenticated ESP RSS pipe: 2089568.97 pkt/s 3009.08 MB/s
DOCA Authenticated ESP RSS pipe: 2103320.35 pkt/s 3028.88 MB/s
DOCA Authenticated ESP RSS pipe: 2109319.58 pkt/s 3037.52 MB/s
DOCA Authenticated ESP RSS pipe: 2116001.39 pkt/s 3047.14 MB/s
DOCA Drop pipe: 0.00 pkt/s 0.00 MB/s
DOCA Drop pipe: 0.00 pkt/s 0.00 MB/s

=== monitoring snapshot ===
Worker statistics:
  lcore=2 queue=0 rate=4204705.40 pkt/s 6054.98 MB/s
  lcore=3 queue=1 rate=4218400.17 pkt/s 6074.70 MB/s
  lcore=4 queue=2 rate=4222581.65 pkt/s 6080.72 MB/s
  lcore=5 queue=3 rate=4235051.16 pkt/s 6098.68 MB/s

Port 0 statistics:
  RX rate: 8458251.90 pkt/s 12179.87 MB/s (missed=4731 errors=0 no_mbuf=0)
  RX queue  0: rate=2114248.17 pkt/s 3044.20 MB/s (errors=0)
  RX queue  1: rate=2113768.45 pkt/s 3043.93 MB/s (errors=0)
  RX queue  2: rate=2112405.27 pkt/s 3041.97 MB/s (errors=0)
  RX queue  3: rate=2117830.01 pkt/s 3049.78 MB/s (errors=0)

Port 1 statistics:
  RX rate: 8422397.59 pkt/s 12125.67 MB/s (missed=4613 errors=0 no_mbuf=0)
  RX queue  0: rate=2090492.84 pkt/s 3009.67 MB/s (errors=0)
  RX queue  1: rate=2104499.39 pkt/s 3029.72 MB/s (errors=0)
  RX queue  2: rate=2110178.56 pkt/s 3038.13 MB/s (errors=0)
  RX queue  3: rate=2117226.80 pkt/s 3048.15 MB/s (errors=0)
DOCA software EGRESS host=2 packets=48824713 bytes=71088782128
DOCA software EGRESS host=3 packets=52237418 bytes=76057680608
DOCA ARP port=0 to_host=0 to_uplink=0
DOCA ARP port=1 to_host=0 to_uplink=0
DOCA Monitor output pipe: 8455001.80 pkt/s 12175.61 MB/s
DOCA Monitor output pipe: 8418194.02 pkt/s 12122.61 MB/s
DOCA To-Host pipe: 0.00 pkt/s 0.00 MB/s
DOCA To-Host pipe: 0.00 pkt/s 0.00 MB/s
DOCA Host decrypt pipe: 1057977.79 pkt/s 1523.54 MB/s
DOCA Host decrypt pipe: 1058289.55 pkt/s 1523.99 MB/s
DOCA Host decrypt pipe: 1055987.26 pkt/s 1520.67 MB/s
DOCA Host decrypt pipe: 1058225.60 pkt/s 1523.90 MB/s
DOCA Host decrypt pipe: 1056243.07 pkt/s 1521.04 MB/s
DOCA Host decrypt pipe: 1054452.39 pkt/s 1518.46 MB/s
DOCA Host decrypt pipe: 1055411.68 pkt/s 1519.84 MB/s
DOCA Host decrypt pipe: 1058417.46 pkt/s 1524.17 MB/s
DOCA Host decrypt pipe: 1040063.03 pkt/s 1497.74 MB/s
DOCA Host decrypt pipe: 1046202.49 pkt/s 1506.58 MB/s
DOCA Host decrypt pipe: 1051510.57 pkt/s 1514.23 MB/s
DOCA Host decrypt pipe: 1057777.93 pkt/s 1523.25 MB/s
DOCA Host decrypt pipe: 1049272.22 pkt/s 1511.00 MB/s
DOCA Host decrypt pipe: 1057130.41 pkt/s 1522.32 MB/s
DOCA Host decrypt pipe: 1057841.89 pkt/s 1523.34 MB/s
DOCA Host decrypt pipe: 1058395.48 pkt/s 1524.14 MB/s
DOCA Authenticated ESP RSS pipe: 2114239.84 pkt/s 3044.61 MB/s
DOCA Authenticated ESP RSS pipe: 2112741.95 pkt/s 3042.45 MB/s
DOCA Authenticated ESP RSS pipe: 2111398.94 pkt/s 3040.52 MB/s
DOCA Authenticated ESP RSS pipe: 2116643.06 pkt/s 3048.07 MB/s
DOCA Authenticated ESP RSS pipe: 2089335.25 pkt/s 3008.74 MB/s
DOCA Authenticated ESP RSS pipe: 2103320.91 pkt/s 3028.88 MB/s
DOCA Authenticated ESP RSS pipe: 2109352.45 pkt/s 3037.57 MB/s
DOCA Authenticated ESP RSS pipe: 2116178.41 pkt/s 3047.40 MB/s
DOCA Drop pipe: 0.00 pkt/s 0.00 MB/s
DOCA Drop pipe: 0.00 pkt/s 0.00 MB/s

=== monitoring snapshot ===
Worker statistics:
  lcore=2 queue=0 rate=4195619.40 pkt/s 6041.89 MB/s
  lcore=3 queue=1 rate=4214298.19 pkt/s 6068.79 MB/s
  lcore=4 queue=2 rate=4212166.70 pkt/s 6065.72 MB/s
  lcore=5 queue=3 rate=4227201.07 pkt/s 6087.37 MB/s

Port 0 statistics:
  RX rate: 8438952.32 pkt/s 12152.04 MB/s (missed=4731 errors=0 no_mbuf=0)
  RX queue  0: rate=2109428.05 pkt/s 3037.22 MB/s (errors=0)
  RX queue  1: rate=2110099.58 pkt/s 3038.65 MB/s (errors=0)
  RX queue  2: rate=2105647.71 pkt/s 3032.23 MB/s (errors=0)
  RX queue  3: rate=2113776.99 pkt/s 3043.94 MB/s (errors=0)

Port 1 statistics:
  RX rate: 8410473.61 pkt/s 12108.84 MB/s (missed=4613 errors=0 no_mbuf=0)
  RX queue  0: rate=2086168.31 pkt/s 3003.46 MB/s (errors=0)
  RX queue  1: rate=2104318.83 pkt/s 3029.62 MB/s (errors=0)
  RX queue  2: rate=2106507.44 pkt/s 3032.87 MB/s (errors=0)
  RX queue  3: rate=2113479.03 pkt/s 3042.89 MB/s (errors=0)
DOCA software EGRESS host=2 packets=57283713 bytes=83405086128
DOCA software EGRESS host=3 packets=60645829 bytes=88300327024
DOCA ARP port=0 to_host=0 to_uplink=0
DOCA ARP port=1 to_host=0 to_uplink=0
DOCA Monitor output pipe: 8453958.19 pkt/s 12174.11 MB/s
DOCA Monitor output pipe: 8403556.15 pkt/s 12101.53 MB/s
DOCA To-Host pipe: 0.00 pkt/s 0.00 MB/s
DOCA To-Host pipe: 0.00 pkt/s 0.00 MB/s
DOCA Host decrypt pipe: 1057056.59 pkt/s 1522.21 MB/s
DOCA Host decrypt pipe: 1058271.90 pkt/s 1523.96 MB/s
DOCA Host decrypt pipe: 1055841.29 pkt/s 1520.46 MB/s
DOCA Host decrypt pipe: 1058271.90 pkt/s 1523.96 MB/s
DOCA Host decrypt pipe: 1056033.18 pkt/s 1520.74 MB/s
DOCA Host decrypt pipe: 1054498.06 pkt/s 1518.53 MB/s
DOCA Host decrypt pipe: 1055457.51 pkt/s 1519.91 MB/s
DOCA Host decrypt pipe: 1058527.75 pkt/s 1524.33 MB/s
DOCA Host decrypt pipe: 1037931.58 pkt/s 1494.67 MB/s
DOCA Host decrypt pipe: 1045415.28 pkt/s 1505.45 MB/s
DOCA Host decrypt pipe: 1049189.11 pkt/s 1510.88 MB/s
DOCA Host decrypt pipe: 1055969.22 pkt/s 1520.65 MB/s
DOCA Host decrypt pipe: 1047078.33 pkt/s 1507.84 MB/s
DOCA Host decrypt pipe: 1055337.58 pkt/s 1519.74 MB/s
DOCA Host decrypt pipe: 1056033.18 pkt/s 1520.74 MB/s
DOCA Host decrypt pipe: 1056608.85 pkt/s 1521.57 MB/s
DOCA Authenticated ESP RSS pipe: 2113089.78 pkt/s 3042.95 MB/s
DOCA Authenticated ESP RSS pipe: 2112769.96 pkt/s 3042.49 MB/s
DOCA Authenticated ESP RSS pipe: 2111298.81 pkt/s 3040.37 MB/s
DOCA Authenticated ESP RSS pipe: 2116799.64 pkt/s 3048.29 MB/s
DOCA Authenticated ESP RSS pipe: 2085009.91 pkt/s 3002.51 MB/s
DOCA Authenticated ESP RSS pipe: 2100764.86 pkt/s 3025.20 MB/s
DOCA Authenticated ESP RSS pipe: 2105222.30 pkt/s 3031.62 MB/s
DOCA Authenticated ESP RSS pipe: 2112578.07 pkt/s 3042.21 MB/s
DOCA Drop pipe: 0.00 pkt/s 0.00 MB/s
DOCA Drop pipe: 0.00 pkt/s 0.00 MB/s

=== monitoring snapshot ===
Worker statistics:
  lcore=2 queue=0 rate=4206823.94 pkt/s 6058.03 MB/s
  lcore=3 queue=1 rate=4223673.35 pkt/s 6082.29 MB/s
  lcore=4 queue=2 rate=4219578.92 pkt/s 6076.40 MB/s
  lcore=5 queue=3 rate=4236097.54 pkt/s 6100.18 MB/s

Port 0 statistics:
  RX rate: 8457742.11 pkt/s 12179.07 MB/s (missed=4731 errors=0 no_mbuf=0)
  RX queue  0: rate=2116167.18 pkt/s 3046.89 MB/s (errors=0)
  RX queue  1: rate=2114376.31 pkt/s 3044.80 MB/s (errors=0)
  RX queue  2: rate=2108664.92 pkt/s 3036.58 MB/s (errors=0)
  RX queue  3: rate=2118533.69 pkt/s 3050.79 MB/s (errors=0)

Port 1 statistics:
  RX rate: 8428244.19 pkt/s 12134.14 MB/s (missed=4613 errors=0 no_mbuf=0)
  RX queue  0: rate=2090640.39 pkt/s 3009.90 MB/s (errors=0)
  RX queue  1: rate=2109213.69 pkt/s 3036.44 MB/s (errors=0)
  RX queue  2: rate=2110875.64 pkt/s 3038.96 MB/s (errors=0)
  RX queue  3: rate=2117514.46 pkt/s 3048.85 MB/s (errors=0)
DOCA software EGRESS host=2 packets=65723154 bytes=95692912224
DOCA software EGRESS host=3 packets=69074139 bytes=100571946384
DOCA ARP port=0 to_host=0 to_uplink=0
DOCA ARP port=1 to_host=0 to_uplink=0
DOCA Monitor output pipe: 8434374.15 pkt/s 12145.91 MB/s
DOCA Monitor output pipe: 8423130.21 pkt/s 12129.71 MB/s
DOCA To-Host pipe: 0.00 pkt/s 0.00 MB/s
DOCA To-Host pipe: 0.00 pkt/s 0.00 MB/s
DOCA Host decrypt pipe: 1053994.58 pkt/s 1517.80 MB/s
DOCA Host decrypt pipe: 1056393.08 pkt/s 1521.26 MB/s
DOCA Host decrypt pipe: 1050924.51 pkt/s 1513.38 MB/s
DOCA Host decrypt pipe: 1055874.40 pkt/s 1520.51 MB/s
DOCA Host decrypt pipe: 1054378.34 pkt/s 1518.36 MB/s
DOCA Host decrypt pipe: 1052523.51 pkt/s 1515.68 MB/s
DOCA Host decrypt pipe: 1053546.86 pkt/s 1517.16 MB/s
DOCA Host decrypt pipe: 1056732.87 pkt/s 1521.75 MB/s
DOCA Host decrypt pipe: 1040179.25 pkt/s 1497.91 MB/s
DOCA Host decrypt pipe: 1050540.75 pkt/s 1512.83 MB/s
DOCA Host decrypt pipe: 1051500.15 pkt/s 1514.21 MB/s
DOCA Host decrypt pipe: 1057704.26 pkt/s 1523.15 MB/s
DOCA Host decrypt pipe: 1049453.43 pkt/s 1511.26 MB/s
DOCA Host decrypt pipe: 1057448.42 pkt/s 1522.78 MB/s
DOCA Host decrypt pipe: 1057960.10 pkt/s 1523.51 MB/s
DOCA Host decrypt pipe: 1058343.85 pkt/s 1524.07 MB/s
DOCA Authenticated ESP RSS pipe: 2108372.93 pkt/s 3036.16 MB/s
DOCA Authenticated ESP RSS pipe: 2108911.59 pkt/s 3036.93 MB/s
DOCA Authenticated ESP RSS pipe: 2104471.37 pkt/s 3030.54 MB/s
DOCA Authenticated ESP RSS pipe: 2112596.28 pkt/s 3042.24 MB/s
DOCA Authenticated ESP RSS pipe: 2089632.69 pkt/s 3009.17 MB/s
DOCA Authenticated ESP RSS pipe: 2107989.17 pkt/s 3035.61 MB/s
DOCA Authenticated ESP RSS pipe: 2109460.24 pkt/s 3037.72 MB/s
DOCA Authenticated ESP RSS pipe: 2116047.11 pkt/s 3047.21 MB/s
DOCA Drop pipe: 0.00 pkt/s 0.00 MB/s
DOCA Drop pipe: 0.00 pkt/s 0.00 MB/s

=== monitoring snapshot ===
Worker statistics:
  lcore=2 queue=0 rate=4207294.82 pkt/s 6058.71 MB/s
  lcore=3 queue=1 rate=4223902.93 pkt/s 6082.62 MB/s
  lcore=4 queue=2 rate=4219736.41 pkt/s 6076.62 MB/s
  lcore=5 queue=3 rate=4236084.67 pkt/s 6100.17 MB/s

Port 0 statistics:
  RX rate: 8458071.41 pkt/s 12179.63 MB/s (missed=4731 errors=0 no_mbuf=0)
  RX queue  0: rate=2116348.26 pkt/s 3047.25 MB/s (errors=0)
  RX queue  1: rate=2114453.39 pkt/s 3044.91 MB/s (errors=0)
  RX queue  2: rate=2108850.73 pkt/s 3036.85 MB/s (errors=0)
  RX queue  3: rate=2118419.03 pkt/s 3050.63 MB/s (errors=0)

Port 1 statistics:
  RX rate: 8428957.87 pkt/s 12135.08 MB/s (missed=4613 errors=0 no_mbuf=0)
  RX queue  0: rate=2090953.45 pkt/s 3010.25 MB/s (errors=0)
  RX queue  1: rate=2109479.38 pkt/s 3036.83 MB/s (errors=0)
  RX queue  2: rate=2110930.51 pkt/s 3039.06 MB/s (errors=0)
  RX queue  3: rate=2117594.53 pkt/s 3048.94 MB/s (errors=0)
DOCA software EGRESS host=2 packets=74181804 bytes=108008706624
DOCA software EGRESS host=3 packets=77503483 bytes=112845071248
DOCA ARP port=0 to_host=0 to_uplink=0
DOCA ARP port=1 to_host=0 to_uplink=0
DOCA Monitor output pipe: 8453256.83 pkt/s 12173.10 MB/s
DOCA Monitor output pipe: 8424285.17 pkt/s 12131.38 MB/s
DOCA To-Host pipe: 0.00 pkt/s 0.00 MB/s
DOCA To-Host pipe: 0.00 pkt/s 0.00 MB/s
DOCA Host decrypt pipe: 1058566.34 pkt/s 1524.39 MB/s
DOCA Host decrypt pipe: 1058278.51 pkt/s 1523.97 MB/s
DOCA Host decrypt pipe: 1051978.28 pkt/s 1514.90 MB/s
DOCA Host decrypt pipe: 1058605.31 pkt/s 1524.44 MB/s
DOCA Host decrypt pipe: 1056455.60 pkt/s 1521.35 MB/s
DOCA Host decrypt pipe: 1054984.48 pkt/s 1519.23 MB/s
DOCA Host decrypt pipe: 1055624.10 pkt/s 1520.15 MB/s
DOCA Host decrypt pipe: 1058770.21 pkt/s 1524.68 MB/s
DOCA Host decrypt pipe: 1040145.36 pkt/s 1497.86 MB/s
DOCA Host decrypt pipe: 1050763.01 pkt/s 1513.15 MB/s
DOCA Host decrypt pipe: 1051786.39 pkt/s 1514.62 MB/s
DOCA Host decrypt pipe: 1057933.71 pkt/s 1523.48 MB/s
DOCA Host decrypt pipe: 1049547.73 pkt/s 1511.40 MB/s
DOCA Host decrypt pipe: 1057542.95 pkt/s 1522.91 MB/s
DOCA Host decrypt pipe: 1058054.64 pkt/s 1523.65 MB/s
DOCA Host decrypt pipe: 1058502.37 pkt/s 1524.29 MB/s
DOCA Authenticated ESP RSS pipe: 2115021.94 pkt/s 3045.73 MB/s
DOCA Authenticated ESP RSS pipe: 2113267.99 pkt/s 3043.21 MB/s
DOCA Authenticated ESP RSS pipe: 2107602.38 pkt/s 3035.05 MB/s
DOCA Authenticated ESP RSS pipe: 2117386.52 pkt/s 3049.14 MB/s
DOCA Authenticated ESP RSS pipe: 2089693.10 pkt/s 3009.26 MB/s
DOCA Authenticated ESP RSS pipe: 2108305.96 pkt/s 3036.06 MB/s
DOCA Authenticated ESP RSS pipe: 2109841.04 pkt/s 3038.27 MB/s
DOCA Authenticated ESP RSS pipe: 2116430.09 pkt/s 3047.76 MB/s
DOCA Drop pipe: 0.00 pkt/s 0.00 MB/s
DOCA Drop pipe: 0.00 pkt/s 0.00 MB/s

=== monitoring snapshot ===
Worker statistics:
  lcore=2 queue=0 rate=4207062.47 pkt/s 6058.37 MB/s
  lcore=3 queue=1 rate=4223948.93 pkt/s 6082.69 MB/s
  lcore=4 queue=2 rate=4219820.51 pkt/s 6076.75 MB/s
  lcore=5 queue=3 rate=4236100.35 pkt/s 6100.19 MB/s

Port 0 statistics:
  RX rate: 8458360.14 pkt/s 12180.07 MB/s (missed=4731 errors=0 no_mbuf=0)
  RX queue  0: rate=2116341.70 pkt/s 3047.25 MB/s (errors=0)
  RX queue  1: rate=2114627.76 pkt/s 3045.17 MB/s (errors=0)
  RX queue  2: rate=2108770.40 pkt/s 3036.73 MB/s (errors=0)
  RX queue  3: rate=2118620.28 pkt/s 3050.92 MB/s (errors=0)

Port 1 statistics:
  RX rate: 8428718.52 pkt/s 12134.87 MB/s (missed=4613 errors=0 no_mbuf=0)
  RX queue  0: rate=2090762.85 pkt/s 3010.09 MB/s (errors=0)
  RX queue  1: rate=2109326.29 pkt/s 3036.79 MB/s (errors=0)
  RX queue  2: rate=2111070.21 pkt/s 3039.34 MB/s (errors=0)
  RX queue  3: rate=2117559.17 pkt/s 3048.64 MB/s (errors=0)
DOCA software EGRESS host=2 packets=82640453 bytes=120324499568
DOCA software EGRESS host=3 packets=85933196 bytes=125118733376
DOCA ARP port=0 to_host=0 to_uplink=0
DOCA ARP port=1 to_host=0 to_uplink=0
DOCA Monitor output pipe: 8453490.14 pkt/s 12173.43 MB/s
DOCA Monitor output pipe: 8424468.04 pkt/s 12131.64 MB/s
DOCA To-Host pipe: 0.00 pkt/s 0.00 MB/s
DOCA To-Host pipe: 0.00 pkt/s 0.00 MB/s
DOCA Host decrypt pipe: 1058675.29 pkt/s 1524.54 MB/s
DOCA Host decrypt pipe: 1058369.48 pkt/s 1524.10 MB/s
DOCA Host decrypt pipe: 1052023.39 pkt/s 1514.96 MB/s
DOCA Host decrypt pipe: 1058519.39 pkt/s 1524.32 MB/s
DOCA Host decrypt pipe: 1056500.63 pkt/s 1521.41 MB/s
DOCA Host decrypt pipe: 1054920.61 pkt/s 1519.14 MB/s
DOCA Host decrypt pipe: 1055669.15 pkt/s 1520.21 MB/s
DOCA Host decrypt pipe: 1058803.21 pkt/s 1524.73 MB/s
DOCA Host decrypt pipe: 1040126.73 pkt/s 1497.83 MB/s
DOCA Host decrypt pipe: 1050808.14 pkt/s 1513.21 MB/s
DOCA Host decrypt pipe: 1051703.59 pkt/s 1514.50 MB/s
DOCA Host decrypt pipe: 1057964.73 pkt/s 1523.52 MB/s
DOCA Host decrypt pipe: 1049720.81 pkt/s 1511.65 MB/s
DOCA Host decrypt pipe: 1057429.06 pkt/s 1522.75 MB/s
DOCA Host decrypt pipe: 1058163.61 pkt/s 1523.81 MB/s
DOCA Host decrypt pipe: 1058547.37 pkt/s 1524.36 MB/s
DOCA Authenticated ESP RSS pipe: 2115175.92 pkt/s 3045.96 MB/s
DOCA Authenticated ESP RSS pipe: 2113283.09 pkt/s 3043.23 MB/s
DOCA Authenticated ESP RSS pipe: 2107692.54 pkt/s 3035.18 MB/s
DOCA Authenticated ESP RSS pipe: 2117315.61 pkt/s 3049.04 MB/s
DOCA Authenticated ESP RSS pipe: 2089847.54 pkt/s 3009.48 MB/s
DOCA Authenticated ESP RSS pipe: 2108229.21 pkt/s 3035.95 MB/s
DOCA Authenticated ESP RSS pipe: 2109867.20 pkt/s 3038.31 MB/s
DOCA Authenticated ESP RSS pipe: 2116519.10 pkt/s 3047.89 MB/s
DOCA Drop pipe: 0.00 pkt/s 0.00 MB/s
DOCA Drop pipe: 0.00 pkt/s 0.00 MB/s

=== monitoring snapshot ===
Worker statistics:
  lcore=2 queue=0 rate=4206364.64 pkt/s 6057.37 MB/s
  lcore=3 queue=1 rate=4222757.60 pkt/s 6080.97 MB/s
  lcore=4 queue=2 rate=4218898.97 pkt/s 6075.42 MB/s
  lcore=5 queue=3 rate=4233193.21 pkt/s 6096.00 MB/s

Port 0 statistics:
  RX rate: 8453967.60 pkt/s 12173.63 MB/s (missed=4731 errors=0 no_mbuf=0)
  RX queue  0: rate=2115798.94 pkt/s 3046.36 MB/s (errors=0)
  RX queue  1: rate=2114084.03 pkt/s 3044.38 MB/s (errors=0)
  RX queue  2: rate=2108300.68 pkt/s 3036.05 MB/s (errors=0)
  RX queue  3: rate=2115783.95 pkt/s 3046.83 MB/s (errors=0)

Port 1 statistics:
  RX rate: 8426998.16 pkt/s 12132.16 MB/s (missed=4613 errors=0 no_mbuf=0)
  RX queue  0: rate=2090490.62 pkt/s 3009.58 MB/s (errors=0)
  RX queue  1: rate=2108609.11 pkt/s 3035.61 MB/s (errors=0)
  RX queue  2: rate=2110530.89 pkt/s 3038.59 MB/s (errors=0)
  RX queue  3: rate=2117367.54 pkt/s 3048.37 MB/s (errors=0)
DOCA software EGRESS host=2 packets=91099365 bytes=132640675440
DOCA software EGRESS host=3 packets=94361497 bytes=137390339632
DOCA ARP port=0 to_host=0 to_uplink=0
DOCA ARP port=1 to_host=0 to_uplink=0
DOCA Monitor output pipe: 8453616.15 pkt/s 12173.61 MB/s
DOCA Monitor output pipe: 8422878.72 pkt/s 12129.35 MB/s
DOCA To-Host pipe: 0.00 pkt/s 0.00 MB/s
DOCA To-Host pipe: 0.00 pkt/s 0.00 MB/s
DOCA Host decrypt pipe: 1058781.82 pkt/s 1524.70 MB/s
DOCA Host decrypt pipe: 1058448.03 pkt/s 1524.22 MB/s
DOCA Host decrypt pipe: 1051938.18 pkt/s 1514.84 MB/s
DOCA Host decrypt pipe: 1058681.88 pkt/s 1524.55 MB/s
DOCA Host decrypt pipe: 1056351.37 pkt/s 1521.20 MB/s
DOCA Host decrypt pipe: 1055041.20 pkt/s 1519.31 MB/s
DOCA Host decrypt pipe: 1055647.82 pkt/s 1520.18 MB/s
DOCA Host decrypt pipe: 1058722.86 pkt/s 1524.61 MB/s
DOCA Host decrypt pipe: 1039913.83 pkt/s 1497.53 MB/s
DOCA Host decrypt pipe: 1050467.11 pkt/s 1512.72 MB/s
DOCA Host decrypt pipe: 1051618.38 pkt/s 1514.38 MB/s
DOCA Host decrypt pipe: 1057886.39 pkt/s 1523.41 MB/s
DOCA Host decrypt pipe: 1049315.85 pkt/s 1511.07 MB/s
DOCA Host decrypt pipe: 1057277.78 pkt/s 1522.53 MB/s
DOCA Host decrypt pipe: 1058014.31 pkt/s 1523.59 MB/s
DOCA Host decrypt pipe: 1058398.06 pkt/s 1524.14 MB/s
DOCA Authenticated ESP RSS pipe: 2115133.19 pkt/s 3045.89 MB/s
DOCA Authenticated ESP RSS pipe: 2113465.25 pkt/s 3043.49 MB/s
DOCA Authenticated ESP RSS pipe: 2107585.99 pkt/s 3035.03 MB/s
DOCA Authenticated ESP RSS pipe: 2117406.74 pkt/s 3049.17 MB/s
DOCA Authenticated ESP RSS pipe: 2089229.68 pkt/s 3008.59 MB/s
DOCA Authenticated ESP RSS pipe: 2107752.89 pkt/s 3035.27 MB/s
DOCA Authenticated ESP RSS pipe: 2109632.69 pkt/s 3037.97 MB/s
DOCA Authenticated ESP RSS pipe: 2116284.45 pkt/s 3047.55 MB/s
DOCA Drop pipe: 0.00 pkt/s 0.00 MB/s
DOCA Drop pipe: 0.00 pkt/s 0.00 MB/s

=== monitoring snapshot ===
Worker statistics:
  lcore=2 queue=0 rate=4201375.70 pkt/s 6050.18 MB/s
  lcore=3 queue=1 rate=4219055.54 pkt/s 6075.64 MB/s
  lcore=4 queue=2 rate=4215290.91 pkt/s 6070.22 MB/s
  lcore=5 queue=3 rate=4231620.60 pkt/s 6093.74 MB/s

Port 0 statistics:
  RX rate: 8447911.85 pkt/s 12164.91 MB/s (missed=4731 errors=0 no_mbuf=0)
  RX queue  0: rate=2112937.13 pkt/s 3042.25 MB/s (errors=0)
  RX queue  1: rate=2112056.66 pkt/s 3041.46 MB/s (errors=0)
  RX queue  2: rate=2106619.98 pkt/s 3033.63 MB/s (errors=0)
  RX queue  3: rate=2116298.08 pkt/s 3047.57 MB/s (errors=0)

Port 1 statistics:
  RX rate: 8419611.08 pkt/s 12121.63 MB/s (missed=4613 errors=0 no_mbuf=0)
  RX queue  0: rate=2088507.35 pkt/s 3006.84 MB/s (errors=0)
  RX queue  1: rate=2107047.23 pkt/s 3033.56 MB/s (errors=0)
  RX queue  2: rate=2108687.25 pkt/s 3035.83 MB/s (errors=0)
  RX queue  3: rate=2115369.24 pkt/s 3045.40 MB/s (errors=0)
DOCA software EGRESS host=2 packets=99554072 bytes=144950728832
DOCA software EGRESS host=3 packets=102781892 bytes=149650434752
DOCA ARP port=0 to_host=0 to_uplink=0
DOCA ARP port=1 to_host=0 to_uplink=0
DOCA Monitor output pipe: 8449606.77 pkt/s 12167.84 MB/s
DOCA Monitor output pipe: 8416309.56 pkt/s 12119.89 MB/s
DOCA To-Host pipe: 0.00 pkt/s 0.00 MB/s
DOCA To-Host pipe: 0.00 pkt/s 0.00 MB/s
DOCA Host decrypt pipe: 1058506.85 pkt/s 1524.30 MB/s
DOCA Host decrypt pipe: 1058187.04 pkt/s 1523.84 MB/s
DOCA Host decrypt pipe: 1051790.84 pkt/s 1514.63 MB/s
DOCA Host decrypt pipe: 1058314.97 pkt/s 1524.02 MB/s
DOCA Host decrypt pipe: 1056268.18 pkt/s 1521.08 MB/s
DOCA Host decrypt pipe: 1054745.09 pkt/s 1518.88 MB/s
DOCA Host decrypt pipe: 1055436.68 pkt/s 1519.88 MB/s
DOCA Host decrypt pipe: 1056355.13 pkt/s 1521.20 MB/s
DOCA Host decrypt pipe: 1039190.33 pkt/s 1496.48 MB/s
DOCA Host decrypt pipe: 1049808.02 pkt/s 1511.77 MB/s
DOCA Host decrypt pipe: 1050575.57 pkt/s 1512.88 MB/s
DOCA Host decrypt pipe: 1056843.84 pkt/s 1521.91 MB/s
DOCA Host decrypt pipe: 1048528.78 pkt/s 1509.93 MB/s
DOCA Host decrypt pipe: 1056268.18 pkt/s 1521.08 MB/s
DOCA Host decrypt pipe: 1057227.61 pkt/s 1522.46 MB/s
DOCA Host decrypt pipe: 1057867.23 pkt/s 1523.38 MB/s
DOCA Authenticated ESP RSS pipe: 2114775.03 pkt/s 3045.38 MB/s
DOCA Authenticated ESP RSS pipe: 2112963.11 pkt/s 3042.77 MB/s
DOCA Authenticated ESP RSS pipe: 2107227.52 pkt/s 3034.51 MB/s
DOCA Authenticated ESP RSS pipe: 2114671.09 pkt/s 3045.23 MB/s
DOCA Authenticated ESP RSS pipe: 2087719.11 pkt/s 3006.42 MB/s
DOCA Authenticated ESP RSS pipe: 2106076.20 pkt/s 3032.85 MB/s
DOCA Authenticated ESP RSS pipe: 2107803.18 pkt/s 3035.34 MB/s
DOCA Authenticated ESP RSS pipe: 2114711.07 pkt/s 3045.29 MB/s
DOCA Drop pipe: 0.00 pkt/s 0.00 MB/s
DOCA Drop pipe: 0.00 pkt/s 0.00 MB/s

=== monitoring snapshot ===
Worker statistics:
  lcore=2 queue=0 rate=4206394.17 pkt/s 6057.41 MB/s
  lcore=3 queue=1 rate=4222469.36 pkt/s 6080.56 MB/s
  lcore=4 queue=2 rate=4218738.64 pkt/s 6075.19 MB/s
  lcore=5 queue=3 rate=4235439.45 pkt/s 6099.24 MB/s

Port 0 statistics:
  RX rate: 8455603.21 pkt/s 12176.08 MB/s (missed=4731 errors=0 no_mbuf=0)
  RX queue  0: rate=2115760.66 pkt/s 3046.41 MB/s (errors=0)
  RX queue  1: rate=2113649.96 pkt/s 3043.76 MB/s (errors=0)
  RX queue  2: rate=2108149.32 pkt/s 3035.84 MB/s (errors=0)
  RX queue  3: rate=2118043.27 pkt/s 3050.08 MB/s (errors=0)

Port 1 statistics:
  RX rate: 8427286.65 pkt/s 12132.79 MB/s (missed=4613 errors=0 no_mbuf=0)
  RX queue  0: rate=2090531.28 pkt/s 3009.64 MB/s (errors=0)
  RX queue  1: rate=2108811.93 pkt/s 3036.00 MB/s (errors=0)
  RX queue  2: rate=2110601.82 pkt/s 3038.65 MB/s (errors=0)
  RX queue  3: rate=2117341.63 pkt/s 3048.49 MB/s (errors=0)
DOCA software EGRESS host=2 packets=108002549 bytes=157251711344
DOCA software EGRESS host=3 packets=111210110 bytes=161921920160
DOCA ARP port=0 to_host=0 to_uplink=0
DOCA ARP port=1 to_host=0 to_uplink=0
DOCA Monitor output pipe: 8443188.05 pkt/s 12158.60 MB/s
DOCA Monitor output pipe: 8421969.43 pkt/s 12128.04 MB/s
DOCA To-Host pipe: 0.00 pkt/s 0.00 MB/s
DOCA To-Host pipe: 0.00 pkt/s 0.00 MB/s
DOCA Host decrypt pipe: 1057189.38 pkt/s 1522.40 MB/s
DOCA Host decrypt pipe: 1057411.24 pkt/s 1522.72 MB/s
DOCA Host decrypt pipe: 1050857.37 pkt/s 1513.29 MB/s
DOCA Host decrypt pipe: 1057381.26 pkt/s 1522.68 MB/s
DOCA Host decrypt pipe: 1054503.07 pkt/s 1518.54 MB/s
DOCA Host decrypt pipe: 1053479.72 pkt/s 1517.06 MB/s
DOCA Host decrypt pipe: 1054567.03 pkt/s 1518.63 MB/s
DOCA Host decrypt pipe: 1057800.99 pkt/s 1523.28 MB/s
DOCA Host decrypt pipe: 1039920.27 pkt/s 1497.54 MB/s
DOCA Host decrypt pipe: 1050473.61 pkt/s 1512.73 MB/s
DOCA Host decrypt pipe: 1051369.05 pkt/s 1514.02 MB/s
DOCA Host decrypt pipe: 1057445.22 pkt/s 1522.77 MB/s
DOCA Host decrypt pipe: 1049397.29 pkt/s 1511.18 MB/s
DOCA Host decrypt pipe: 1057061.46 pkt/s 1522.22 MB/s
DOCA Host decrypt pipe: 1057892.93 pkt/s 1523.42 MB/s
DOCA Host decrypt pipe: 1058404.61 pkt/s 1524.15 MB/s
DOCA Authenticated ESP RSS pipe: 2111692.45 pkt/s 3040.94 MB/s
DOCA Authenticated ESP RSS pipe: 2110875.96 pkt/s 3039.76 MB/s
DOCA Authenticated ESP RSS pipe: 2105424.40 pkt/s 3031.91 MB/s
DOCA Authenticated ESP RSS pipe: 2115186.24 pkt/s 3045.97 MB/s
DOCA Authenticated ESP RSS pipe: 2089309.56 pkt/s 3008.71 MB/s
DOCA Authenticated ESP RSS pipe: 2107535.07 pkt/s 3034.95 MB/s
DOCA Authenticated ESP RSS pipe: 2109261.98 pkt/s 3037.44 MB/s
DOCA Authenticated ESP RSS pipe: 2115849.83 pkt/s 3046.93 MB/s
DOCA Drop pipe: 0.00 pkt/s 0.00 MB/s
DOCA Drop pipe: 0.00 pkt/s 0.00 MB/s

=== monitoring snapshot ===
Worker statistics:
  lcore=2 queue=0 rate=4206102.11 pkt/s 6056.99 MB/s
  lcore=3 queue=1 rate=4222715.83 pkt/s 6080.91 MB/s
  lcore=4 queue=2 rate=4218571.39 pkt/s 6074.95 MB/s
  lcore=5 queue=3 rate=4235364.99 pkt/s 6099.13 MB/s

Port 0 statistics:
  RX rate: 8455955.69 pkt/s 12176.44 MB/s (missed=4731 errors=0 no_mbuf=0)
  RX queue  0: rate=2115619.91 pkt/s 3046.05 MB/s (errors=0)
  RX queue  1: rate=2114084.86 pkt/s 3044.38 MB/s (errors=0)
  RX queue  2: rate=2108200.50 pkt/s 3035.91 MB/s (errors=0)
  RX queue  3: rate=2118050.41 pkt/s 3050.09 MB/s (errors=0)

Port 1 statistics:
  RX rate: 8427069.12 pkt/s 12132.55 MB/s (missed=4613 errors=0 no_mbuf=0)
  RX queue  0: rate=2090581.05 pkt/s 3009.85 MB/s (errors=0)
  RX queue  1: rate=2108682.84 pkt/s 3035.99 MB/s (errors=0)
  RX queue  2: rate=2110395.78 pkt/s 3038.21 MB/s (errors=0)
  RX queue  3: rate=2117409.44 pkt/s 3048.50 MB/s (errors=0)
DOCA software EGRESS host=2 packets=116458710 bytes=169563881760
DOCA software EGRESS host=3 packets=119638398 bytes=174193507488
DOCA ARP port=0 to_host=0 to_uplink=0
DOCA ARP port=1 to_host=0 to_uplink=0
DOCA Monitor output pipe: 8451064.56 pkt/s 12169.94 MB/s
DOCA Monitor output pipe: 8423224.53 pkt/s 12129.85 MB/s
DOCA To-Host pipe: 0.00 pkt/s 0.00 MB/s
DOCA To-Host pipe: 0.00 pkt/s 0.00 MB/s
DOCA Host decrypt pipe: 1058427.07 pkt/s 1524.19 MB/s
DOCA Host decrypt pipe: 1057757.48 pkt/s 1523.22 MB/s
DOCA Host decrypt pipe: 1051647.21 pkt/s 1514.42 MB/s
DOCA Host decrypt pipe: 1058363.11 pkt/s 1524.09 MB/s
DOCA Host decrypt pipe: 1056252.40 pkt/s 1521.05 MB/s
DOCA Host decrypt pipe: 1054781.30 pkt/s 1518.94 MB/s
DOCA Host decrypt pipe: 1055356.95 pkt/s 1519.76 MB/s
DOCA Host decrypt pipe: 1058491.04 pkt/s 1524.28 MB/s
DOCA Host decrypt pipe: 1039942.34 pkt/s 1497.57 MB/s
DOCA Host decrypt pipe: 1050623.83 pkt/s 1512.95 MB/s
DOCA Host decrypt pipe: 1051583.25 pkt/s 1514.33 MB/s
DOCA Host decrypt pipe: 1057851.43 pkt/s 1523.36 MB/s
DOCA Host decrypt pipe: 1049602.45 pkt/s 1511.48 MB/s
DOCA Host decrypt pipe: 1057211.82 pkt/s 1522.44 MB/s
DOCA Host decrypt pipe: 1057979.35 pkt/s 1523.54 MB/s
DOCA Host decrypt pipe: 1058427.07 pkt/s 1524.19 MB/s
DOCA Authenticated ESP RSS pipe: 2114679.48 pkt/s 3045.24 MB/s
DOCA Authenticated ESP RSS pipe: 2112553.77 pkt/s 3042.18 MB/s
DOCA Authenticated ESP RSS pipe: 2107004.15 pkt/s 3034.19 MB/s
DOCA Authenticated ESP RSS pipe: 2116854.15 pkt/s 3048.37 MB/s
DOCA Authenticated ESP RSS pipe: 2089544.79 pkt/s 3009.05 MB/s
DOCA Authenticated ESP RSS pipe: 2107826.65 pkt/s 3035.37 MB/s
DOCA Authenticated ESP RSS pipe: 2109562.59 pkt/s 3037.87 MB/s
DOCA Authenticated ESP RSS pipe: 2116278.50 pkt/s 3047.54 MB/s
DOCA Drop pipe: 0.00 pkt/s 0.00 MB/s
DOCA Drop pipe: 0.00 pkt/s 0.00 MB/s

=== monitoring snapshot ===
Worker statistics:
  lcore=2 queue=0 rate=4196583.42 pkt/s 6043.28 MB/s
  lcore=3 queue=1 rate=4214150.74 pkt/s 6068.58 MB/s
  lcore=4 queue=2 rate=4210518.95 pkt/s 6063.35 MB/s
  lcore=5 queue=3 rate=4227703.50 pkt/s 6088.10 MB/s

Port 0 statistics:
  RX rate: 8438451.74 pkt/s 12151.30 MB/s (missed=4731 errors=0 no_mbuf=0)
  RX queue  0: rate=2110519.38 pkt/s 3038.77 MB/s (errors=0)
  RX queue  1: rate=2109623.93 pkt/s 3037.96 MB/s (errors=0)
  RX queue  2: rate=2104271.20 pkt/s 3030.25 MB/s (errors=0)
  RX queue  3: rate=2114037.23 pkt/s 3044.32 MB/s (errors=0)

Port 1 statistics:
  RX rate: 8410345.46 pkt/s 12108.08 MB/s (missed=4613 errors=0 no_mbuf=0)
  RX queue  0: rate=2085982.34 pkt/s 3003.07 MB/s (errors=0)
  RX queue  1: rate=2104492.22 pkt/s 3029.65 MB/s (errors=0)
  RX queue  2: rate=2106257.16 pkt/s 3032.39 MB/s (errors=0)
  RX queue  3: rate=2113613.74 pkt/s 3042.97 MB/s (errors=0)
DOCA software EGRESS host=2 packets=124915283 bytes=181876652048
DOCA software EGRESS host=3 packets=128065531 bytes=186463413136
DOCA ARP port=0 to_host=0 to_uplink=0
DOCA ARP port=1 to_host=0 to_uplink=0
DOCA Monitor output pipe: 8451424.99 pkt/s 12170.46 MB/s
DOCA Monitor output pipe: 8422006.92 pkt/s 12128.10 MB/s
DOCA To-Host pipe: 0.00 pkt/s 0.00 MB/s
DOCA To-Host pipe: 0.00 pkt/s 0.00 MB/s
DOCA Host decrypt pipe: 1058426.91 pkt/s 1524.19 MB/s
DOCA Host decrypt pipe: 1058235.02 pkt/s 1523.91 MB/s
DOCA Host decrypt pipe: 1051647.04 pkt/s 1514.42 MB/s
DOCA Host decrypt pipe: 1058426.91 pkt/s 1524.19 MB/s
DOCA Host decrypt pipe: 1055996.39 pkt/s 1520.69 MB/s
DOCA Host decrypt pipe: 1054717.17 pkt/s 1518.84 MB/s
DOCA Host decrypt pipe: 1055484.70 pkt/s 1519.95 MB/s
DOCA Host decrypt pipe: 1058490.87 pkt/s 1524.28 MB/s
DOCA Host decrypt pipe: 1039899.20 pkt/s 1497.50 MB/s
DOCA Host decrypt pipe: 1050367.82 pkt/s 1512.58 MB/s
DOCA Host decrypt pipe: 1051071.39 pkt/s 1513.59 MB/s
DOCA Host decrypt pipe: 1057787.30 pkt/s 1523.26 MB/s
DOCA Host decrypt pipe: 1049523.33 pkt/s 1511.36 MB/s
DOCA Host decrypt pipe: 1056955.80 pkt/s 1522.07 MB/s
DOCA Host decrypt pipe: 1057915.22 pkt/s 1523.45 MB/s
DOCA Host decrypt pipe: 1058490.87 pkt/s 1524.28 MB/s
DOCA Authenticated ESP RSS pipe: 2114423.29 pkt/s 3044.87 MB/s
DOCA Authenticated ESP RSS pipe: 2112952.19 pkt/s 3042.75 MB/s
DOCA Authenticated ESP RSS pipe: 2107131.74 pkt/s 3034.37 MB/s
DOCA Authenticated ESP RSS pipe: 2116917.77 pkt/s 3048.46 MB/s
DOCA Authenticated ESP RSS pipe: 2089426.53 pkt/s 3008.87 MB/s
DOCA Authenticated ESP RSS pipe: 2107332.61 pkt/s 3034.66 MB/s
DOCA Authenticated ESP RSS pipe: 2108986.61 pkt/s 3037.04 MB/s
DOCA Authenticated ESP RSS pipe: 2116278.16 pkt/s 3047.54 MB/s
DOCA Drop pipe: 0.00 pkt/s 0.00 MB/s
DOCA Drop pipe: 0.00 pkt/s 0.00 MB/s

=== monitoring snapshot ===
Worker statistics:
  lcore=2 queue=0 rate=4205473.38 pkt/s 6056.08 MB/s
  lcore=3 queue=1 rate=4222288.17 pkt/s 6080.30 MB/s
  lcore=4 queue=2 rate=4218171.67 pkt/s 6074.37 MB/s
  lcore=5 queue=3 rate=4234959.47 pkt/s 6098.55 MB/s

Port 0 statistics:
  RX rate: 8454840.27 pkt/s 12174.91 MB/s (missed=4731 errors=0 no_mbuf=0)
  RX queue  0: rate=2115261.63 pkt/s 3045.61 MB/s (errors=0)
  RX queue  1: rate=2113826.50 pkt/s 3044.01 MB/s (errors=0)
  RX queue  2: rate=2107932.07 pkt/s 3035.52 MB/s (errors=0)
  RX queue  3: rate=2117820.08 pkt/s 3049.76 MB/s (errors=0)

Port 1 statistics:
  RX rate: 8426149.67 pkt/s 12131.06 MB/s (missed=4613 errors=0 no_mbuf=0)
  RX queue  0: rate=2090195.99 pkt/s 3009.09 MB/s (errors=0)
  RX queue  1: rate=2108523.69 pkt/s 3035.59 MB/s (errors=0)
  RX queue  2: rate=2110296.60 pkt/s 3038.27 MB/s (errors=0)
  RX queue  3: rate=2117133.38 pkt/s 3048.10 MB/s (errors=0)
DOCA software EGRESS host=2 packets=133354344 bytes=194163924864
DOCA software EGRESS host=3 packets=136476900 bytes=198710366400
DOCA ARP port=0 to_host=0 to_uplink=0
DOCA ARP port=1 to_host=0 to_uplink=0
DOCA Monitor output pipe: 8433869.21 pkt/s 12145.18 MB/s
DOCA Monitor output pipe: 8406164.36 pkt/s 12105.28 MB/s
DOCA To-Host pipe: 0.00 pkt/s 0.00 MB/s
DOCA To-Host pipe: 0.00 pkt/s 0.00 MB/s
DOCA Host decrypt pipe: 1055091.00 pkt/s 1519.38 MB/s
DOCA Host decrypt pipe: 1055835.53 pkt/s 1520.45 MB/s
DOCA Host decrypt pipe: 1049654.36 pkt/s 1511.55 MB/s
DOCA Host decrypt pipe: 1056306.24 pkt/s 1521.13 MB/s
DOCA Host decrypt pipe: 1054323.47 pkt/s 1518.28 MB/s
DOCA Host decrypt pipe: 1052596.54 pkt/s 1515.79 MB/s
DOCA Host decrypt pipe: 1053428.02 pkt/s 1516.99 MB/s
DOCA Host decrypt pipe: 1056626.05 pkt/s 1521.59 MB/s
DOCA Host decrypt pipe: 1037800.70 pkt/s 1494.48 MB/s
DOCA Host decrypt pipe: 1048372.15 pkt/s 1509.71 MB/s
DOCA Host decrypt pipe: 1049526.44 pkt/s 1511.37 MB/s
DOCA Host decrypt pipe: 1055922.48 pkt/s 1520.58 MB/s
DOCA Host decrypt pipe: 1046968.02 pkt/s 1507.68 MB/s
DOCA Host decrypt pipe: 1055218.92 pkt/s 1519.57 MB/s
DOCA Host decrypt pipe: 1055794.56 pkt/s 1520.40 MB/s
DOCA Host decrypt pipe: 1056562.09 pkt/s 1521.50 MB/s
DOCA Authenticated ESP RSS pipe: 2109414.47 pkt/s 3037.66 MB/s
DOCA Authenticated ESP RSS pipe: 2108424.08 pkt/s 3036.23 MB/s
DOCA Authenticated ESP RSS pipe: 2103082.39 pkt/s 3028.54 MB/s
DOCA Authenticated ESP RSS pipe: 2112932.29 pkt/s 3042.72 MB/s
DOCA Authenticated ESP RSS pipe: 2084772.72 pkt/s 3002.17 MB/s
DOCA Authenticated ESP RSS pipe: 2103573.08 pkt/s 3029.25 MB/s
DOCA Authenticated ESP RSS pipe: 2105321.00 pkt/s 3031.76 MB/s
DOCA Authenticated ESP RSS pipe: 2112484.57 pkt/s 3042.08 MB/s
DOCA Drop pipe: 0.00 pkt/s 0.00 MB/s
DOCA Drop pipe: 0.00 pkt/s 0.00 MB/s

=== monitoring snapshot ===
Worker statistics:
  lcore=2 queue=0 rate=4205543.98 pkt/s 6056.19 MB/s
  lcore=3 queue=1 rate=4222106.79 pkt/s 6080.04 MB/s
  lcore=4 queue=2 rate=4218302.13 pkt/s 6074.56 MB/s
  lcore=5 queue=3 rate=4235018.85 pkt/s 6098.63 MB/s

Port 0 statistics:
  RX rate: 8454899.01 pkt/s 12174.94 MB/s (missed=4731 errors=0 no_mbuf=0)
  RX queue  0: rate=2115494.91 pkt/s 3045.90 MB/s (errors=0)
  RX queue  1: rate=2113540.12 pkt/s 3043.60 MB/s (errors=0)
  RX queue  2: rate=2107965.56 pkt/s 3035.57 MB/s (errors=0)
  RX queue  3: rate=2117898.43 pkt/s 3049.88 MB/s (errors=0)

Port 1 statistics:
  RX rate: 8425960.58 pkt/s 12130.77 MB/s (missed=4613 errors=0 no_mbuf=0)
  RX queue  0: rate=2090124.79 pkt/s 3009.14 MB/s (errors=0)
  RX queue  1: rate=2108494.68 pkt/s 3035.54 MB/s (errors=0)
  RX queue  2: rate=2110166.67 pkt/s 3037.84 MB/s (errors=0)
  RX queue  3: rate=2117174.44 pkt/s 3048.24 MB/s (errors=0)
DOCA software EGRESS host=2 packets=141809886 bytes=206475194016
DOCA software EGRESS host=3 packets=144903582 bytes=210979615392
DOCA ARP port=0 to_host=0 to_uplink=0
DOCA ARP port=1 to_host=0 to_uplink=0
DOCA Monitor output pipe: 8450473.16 pkt/s 12169.09 MB/s
DOCA Monitor output pipe: 8421724.10 pkt/s 12127.69 MB/s
DOCA To-Host pipe: 0.00 pkt/s 0.00 MB/s
DOCA To-Host pipe: 0.00 pkt/s 0.00 MB/s
DOCA Host decrypt pipe: 1058320.21 pkt/s 1524.03 MB/s
DOCA Host decrypt pipe: 1058023.38 pkt/s 1523.60 MB/s
DOCA Host decrypt pipe: 1051540.21 pkt/s 1514.27 MB/s
DOCA Host decrypt pipe: 1058256.25 pkt/s 1523.94 MB/s
DOCA Host decrypt pipe: 1055889.64 pkt/s 1520.53 MB/s
DOCA Host decrypt pipe: 1054686.35 pkt/s 1518.80 MB/s
DOCA Host decrypt pipe: 1055313.98 pkt/s 1519.70 MB/s
DOCA Host decrypt pipe: 1058448.13 pkt/s 1524.22 MB/s
DOCA Host decrypt pipe: 1039835.10 pkt/s 1497.41 MB/s
DOCA Host decrypt pipe: 1050327.92 pkt/s 1512.52 MB/s
DOCA Host decrypt pipe: 1051348.32 pkt/s 1513.99 MB/s
DOCA Host decrypt pipe: 1057744.55 pkt/s 1523.20 MB/s
DOCA Host decrypt pipe: 1049301.52 pkt/s 1511.04 MB/s
DOCA Host decrypt pipe: 1057040.96 pkt/s 1522.19 MB/s
DOCA Host decrypt pipe: 1057808.51 pkt/s 1523.30 MB/s
DOCA Host decrypt pipe: 1058320.21 pkt/s 1524.03 MB/s
DOCA Authenticated ESP RSS pipe: 2114209.85 pkt/s 3044.56 MB/s
DOCA Authenticated ESP RSS pipe: 2112708.74 pkt/s 3042.40 MB/s
DOCA Authenticated ESP RSS pipe: 2106854.19 pkt/s 3033.97 MB/s
DOCA Authenticated ESP RSS pipe: 2116704.38 pkt/s 3048.16 MB/s
DOCA Authenticated ESP RSS pipe: 2089135.63 pkt/s 3008.46 MB/s
DOCA Authenticated ESP RSS pipe: 2107386.87 pkt/s 3034.74 MB/s
DOCA Authenticated ESP RSS pipe: 2109156.83 pkt/s 3037.29 MB/s
DOCA Authenticated ESP RSS pipe: 2116064.76 pkt/s 3047.24 MB/s
DOCA Drop pipe: 0.00 pkt/s 0.00 MB/s
DOCA Drop pipe: 0.00 pkt/s 0.00 MB/s

=== monitoring snapshot ===
Worker statistics:
  lcore=2 queue=0 rate=4205591.55 pkt/s 6056.25 MB/s
  lcore=3 queue=1 rate=4222563.58 pkt/s 6080.70 MB/s
  lcore=4 queue=2 rate=4218302.08 pkt/s 6074.56 MB/s
  lcore=5 queue=3 rate=4235236.14 pkt/s 6098.94 MB/s

Port 0 statistics:
  RX rate: 8455531.75 pkt/s 12175.94 MB/s (missed=4731 errors=0 no_mbuf=0)
  RX queue  0: rate=2115478.75 pkt/s 3045.96 MB/s (errors=0)
  RX queue  1: rate=2114087.57 pkt/s 3044.39 MB/s (errors=0)
  RX queue  2: rate=2108012.13 pkt/s 3035.64 MB/s (errors=0)
  RX queue  3: rate=2117953.30 pkt/s 3049.95 MB/s (errors=0)

Port 1 statistics:
  RX rate: 8426273.46 pkt/s 12131.04 MB/s (missed=4613 errors=0 no_mbuf=0)
  RX queue  0: rate=2090108.97 pkt/s 3008.99 MB/s (errors=0)
  RX queue  1: rate=2108520.23 pkt/s 3035.60 MB/s (errors=0)
  RX queue  2: rate=2110384.14 pkt/s 3038.11 MB/s (errors=0)
  RX queue  3: rate=2117260.12 pkt/s 3048.33 MB/s (errors=0)
DOCA software EGRESS host=2 packets=150265258 bytes=218786215648
DOCA software EGRESS host=3 packets=153330367 bytes=223249014352
DOCA ARP port=0 to_host=0 to_uplink=0
DOCA ARP port=1 to_host=0 to_uplink=0
DOCA Monitor output pipe: 8450678.09 pkt/s 12169.38 MB/s
DOCA Monitor output pipe: 8421797.08 pkt/s 12127.79 MB/s
DOCA To-Host pipe: 0.00 pkt/s 0.00 MB/s
DOCA To-Host pipe: 0.00 pkt/s 0.00 MB/s
DOCA Host decrypt pipe: 1058321.34 pkt/s 1524.03 MB/s
DOCA Host decrypt pipe: 1058065.49 pkt/s 1523.67 MB/s
DOCA Host decrypt pipe: 1051605.29 pkt/s 1514.36 MB/s
DOCA Host decrypt pipe: 1058193.42 pkt/s 1523.85 MB/s
DOCA Host decrypt pipe: 1056082.66 pkt/s 1520.81 MB/s
DOCA Host decrypt pipe: 1054471.61 pkt/s 1518.49 MB/s
DOCA Host decrypt pipe: 1055315.11 pkt/s 1519.70 MB/s
DOCA Host decrypt pipe: 1058620.17 pkt/s 1524.46 MB/s
DOCA Host decrypt pipe: 1039708.29 pkt/s 1497.23 MB/s
DOCA Host decrypt pipe: 1050453.97 pkt/s 1512.70 MB/s
DOCA Host decrypt pipe: 1051349.44 pkt/s 1513.99 MB/s
DOCA Host decrypt pipe: 1057681.72 pkt/s 1523.11 MB/s
DOCA Host decrypt pipe: 1049238.69 pkt/s 1510.95 MB/s
DOCA Host decrypt pipe: 1056978.13 pkt/s 1522.10 MB/s
DOCA Host decrypt pipe: 1057873.61 pkt/s 1523.39 MB/s
DOCA Host decrypt pipe: 1058507.23 pkt/s 1524.30 MB/s
DOCA Authenticated ESP RSS pipe: 2114404.00 pkt/s 3044.84 MB/s
DOCA Authenticated ESP RSS pipe: 2112546.09 pkt/s 3042.17 MB/s
DOCA Authenticated ESP RSS pipe: 2106920.40 pkt/s 3034.07 MB/s
DOCA Authenticated ESP RSS pipe: 2116797.59 pkt/s 3048.29 MB/s
DOCA Authenticated ESP RSS pipe: 2088947.98 pkt/s 3008.19 MB/s
DOCA Authenticated ESP RSS pipe: 2107432.10 pkt/s 3034.80 MB/s
DOCA Authenticated ESP RSS pipe: 2109223.05 pkt/s 3037.38 MB/s
DOCA Authenticated ESP RSS pipe: 2116170.96 pkt/s 3047.39 MB/s
DOCA Drop pipe: 0.00 pkt/s 0.00 MB/s
DOCA Drop pipe: 0.00 pkt/s 0.00 MB/s

=== monitoring snapshot ===
Worker statistics:
  lcore=2 queue=0 rate=4205512.66 pkt/s 6056.14 MB/s
  lcore=3 queue=1 rate=4222126.85 pkt/s 6080.07 MB/s
  lcore=4 queue=2 rate=4217505.58 pkt/s 6073.41 MB/s
  lcore=5 queue=3 rate=4235274.08 pkt/s 6099.00 MB/s

Port 0 statistics:
  RX rate: 8458360.68 pkt/s 12179.91 MB/s (missed=4731 errors=0 no_mbuf=0)
  RX queue  0: rate=2115563.84 pkt/s 3045.98 MB/s (errors=0)
  RX queue  1: rate=2113795.89 pkt/s 3043.97 MB/s (errors=0)
  RX queue  2: rate=2111133.47 pkt/s 3040.13 MB/s (errors=0)
  RX queue  3: rate=2117867.48 pkt/s 3049.83 MB/s (errors=0)

Port 1 statistics:
  RX rate: 8421901.17 pkt/s 12125.13 MB/s (missed=4613 errors=0 no_mbuf=0)
  RX queue  0: rate=2089935.16 pkt/s 3008.91 MB/s (errors=0)
  RX queue  1: rate=2108236.13 pkt/s 3035.16 MB/s (errors=0)
  RX queue  2: rate=2106314.29 pkt/s 3032.45 MB/s (errors=0)
  RX queue  3: rate=2117415.59 pkt/s 3048.61 MB/s (errors=0)
DOCA software EGRESS host=2 packets=158721545 bytes=231098569520
DOCA software EGRESS host=3 packets=161756160 bytes=235516968960
DOCA ARP port=0 to_host=0 to_uplink=0
DOCA ARP port=1 to_host=0 to_uplink=0
DOCA Monitor output pipe: 8450805.46 pkt/s 12169.57 MB/s
DOCA Monitor output pipe: 8420662.89 pkt/s 12126.16 MB/s
DOCA To-Host pipe: 0.00 pkt/s 0.00 MB/s
DOCA To-Host pipe: 0.00 pkt/s 0.00 MB/s
DOCA Host decrypt pipe: 1058233.03 pkt/s 1523.91 MB/s
DOCA Host decrypt pipe: 1057977.19 pkt/s 1523.54 MB/s
DOCA Host decrypt pipe: 1051581.10 pkt/s 1514.33 MB/s
DOCA Host decrypt pipe: 1058424.91 pkt/s 1524.18 MB/s
DOCA Host decrypt pipe: 1056058.36 pkt/s 1520.77 MB/s
DOCA Host decrypt pipe: 1054907.07 pkt/s 1519.12 MB/s
DOCA Host decrypt pipe: 1055242.86 pkt/s 1519.60 MB/s
DOCA Host decrypt pipe: 1058381.94 pkt/s 1524.12 MB/s
DOCA Host decrypt pipe: 1039748.33 pkt/s 1497.29 MB/s
DOCA Host decrypt pipe: 1050365.84 pkt/s 1512.58 MB/s
DOCA Host decrypt pipe: 1050365.84 pkt/s 1512.58 MB/s
DOCA Host decrypt pipe: 1057785.31 pkt/s 1523.26 MB/s
DOCA Host decrypt pipe: 1049226.54 pkt/s 1510.94 MB/s
DOCA Host decrypt pipe: 1057017.78 pkt/s 1522.16 MB/s
DOCA Host decrypt pipe: 1057785.31 pkt/s 1523.26 MB/s
DOCA Host decrypt pipe: 1058366.95 pkt/s 1524.10 MB/s
DOCA Authenticated ESP RSS pipe: 2114291.39 pkt/s 3044.68 MB/s
DOCA Authenticated ESP RSS pipe: 2112884.25 pkt/s 3042.66 MB/s
DOCA Authenticated ESP RSS pipe: 2106817.96 pkt/s 3033.92 MB/s
DOCA Authenticated ESP RSS pipe: 2116822.85 pkt/s 3048.33 MB/s
DOCA Authenticated ESP RSS pipe: 2088968.88 pkt/s 3008.22 MB/s
DOCA Authenticated ESP RSS pipe: 2107383.62 pkt/s 3034.73 MB/s
DOCA Authenticated ESP RSS pipe: 2108141.15 pkt/s 3035.82 MB/s
DOCA Authenticated ESP RSS pipe: 2116170.25 pkt/s 3047.39 MB/s
DOCA Drop pipe: 0.00 pkt/s 0.00 MB/s
DOCA Drop pipe: 0.00 pkt/s 0.00 MB/s

=== monitoring snapshot ===
Worker statistics:
  lcore=2 queue=0 rate=4202340.50 pkt/s 6051.57 MB/s
  lcore=3 queue=1 rate=4218799.46 pkt/s 6075.27 MB/s
  lcore=4 queue=2 rate=4218858.43 pkt/s 6075.36 MB/s
  lcore=5 queue=3 rate=4229119.17 pkt/s 6090.14 MB/s

Port 0 statistics:
  RX rate: 8450111.91 pkt/s 12168.08 MB/s (missed=4731 errors=0 no_mbuf=0)
  RX queue  0: rate=2113906.13 pkt/s 3043.64 MB/s (errors=0)
  RX queue  1: rate=2112121.23 pkt/s 3041.56 MB/s (errors=0)
  RX queue  2: rate=2110899.97 pkt/s 3039.80 MB/s (errors=0)
  RX queue  3: rate=2113184.57 pkt/s 3043.09 MB/s (errors=0)

Port 1 statistics:
  RX rate: 8419084.11 pkt/s 12120.67 MB/s (missed=4613 errors=0 no_mbuf=0)
  RX queue  0: rate=2088396.26 pkt/s 3006.42 MB/s (errors=0)
  RX queue  1: rate=2106767.06 pkt/s 3033.04 MB/s (errors=0)
  RX queue  2: rate=2108027.29 pkt/s 3034.99 MB/s (errors=0)
  RX queue  3: rate=2115893.50 pkt/s 3046.22 MB/s (errors=0)
DOCA software EGRESS host=2 packets=167180629 bytes=243414995824
DOCA software EGRESS host=3 packets=170178849 bytes=247780404144
DOCA ARP port=0 to_host=0 to_uplink=0
DOCA ARP port=1 to_host=0 to_uplink=0
DOCA Monitor output pipe: 8453912.26 pkt/s 12174.04 MB/s
DOCA Monitor output pipe: 8417708.26 pkt/s 12121.91 MB/s
DOCA To-Host pipe: 0.00 pkt/s 0.00 MB/s
DOCA To-Host pipe: 0.00 pkt/s 0.00 MB/s
DOCA Host decrypt pipe: 1058172.79 pkt/s 1523.82 MB/s
DOCA Host decrypt pipe: 1058044.86 pkt/s 1523.64 MB/s
DOCA Host decrypt pipe: 1054718.88 pkt/s 1518.85 MB/s
DOCA Host decrypt pipe: 1058300.71 pkt/s 1524.00 MB/s
DOCA Host decrypt pipe: 1056253.95 pkt/s 1521.06 MB/s
DOCA Host decrypt pipe: 1054654.92 pkt/s 1518.75 MB/s
DOCA Host decrypt pipe: 1055342.51 pkt/s 1519.74 MB/s
DOCA Host decrypt pipe: 1058428.63 pkt/s 1524.19 MB/s
DOCA Host decrypt pipe: 1039624.06 pkt/s 1497.11 MB/s
DOCA Host decrypt pipe: 1050113.68 pkt/s 1512.21 MB/s
DOCA Host decrypt pipe: 1047619.20 pkt/s 1508.62 MB/s
DOCA Host decrypt pipe: 1057916.94 pkt/s 1523.45 MB/s
DOCA Host decrypt pipe: 1049206.24 pkt/s 1510.91 MB/s
DOCA Host decrypt pipe: 1057021.49 pkt/s 1522.16 MB/s
DOCA Host decrypt pipe: 1057778.03 pkt/s 1523.25 MB/s
DOCA Host decrypt pipe: 1058428.63 pkt/s 1524.19 MB/s
DOCA Authenticated ESP RSS pipe: 2114426.74 pkt/s 3044.88 MB/s
DOCA Authenticated ESP RSS pipe: 2112699.79 pkt/s 3042.39 MB/s
DOCA Authenticated ESP RSS pipe: 2110067.39 pkt/s 3038.60 MB/s
DOCA Authenticated ESP RSS pipe: 2116729.34 pkt/s 3048.19 MB/s
DOCA Authenticated ESP RSS pipe: 2088836.29 pkt/s 3008.02 MB/s
DOCA Authenticated ESP RSS pipe: 2107135.17 pkt/s 3034.38 MB/s
DOCA Authenticated ESP RSS pipe: 2105398.23 pkt/s 3031.87 MB/s
DOCA Authenticated ESP RSS pipe: 2116345.57 pkt/s 3047.64 MB/s
DOCA Drop pipe: 0.00 pkt/s 0.00 MB/s
DOCA Drop pipe: 0.00 pkt/s 0.00 MB/s

=== monitoring snapshot ===
Worker statistics:
  lcore=2 queue=0 rate=4204875.63 pkt/s 6055.22 MB/s
  lcore=3 queue=1 rate=4219943.52 pkt/s 6076.92 MB/s
  lcore=4 queue=2 rate=4220464.20 pkt/s 6077.67 MB/s
  lcore=5 queue=3 rate=4227631.87 pkt/s 6087.99 MB/s

Port 0 statistics:
  RX rate: 8450094.19 pkt/s 12167.97 MB/s (missed=4731 errors=0 no_mbuf=0)
  RX queue  0: rate=2115196.68 pkt/s 3045.41 MB/s (errors=0)
  RX queue  1: rate=2112465.33 pkt/s 3042.05 MB/s (errors=0)
  RX queue  2: rate=2111550.89 pkt/s 3040.74 MB/s (errors=0)
  RX queue  3: rate=2110881.29 pkt/s 3039.77 MB/s (errors=0)

Port 1 statistics:
  RX rate: 8422867.98 pkt/s 12126.16 MB/s (missed=4613 errors=0 no_mbuf=0)
  RX queue  0: rate=2089759.92 pkt/s 3008.50 MB/s (errors=0)
  RX queue  1: rate=2107436.20 pkt/s 3033.90 MB/s (errors=0)
  RX queue  2: rate=2108910.31 pkt/s 3036.20 MB/s (errors=0)
  RX queue  3: rate=2116761.55 pkt/s 3047.56 MB/s (errors=0)
DOCA software EGRESS host=2 packets=175631155 bytes=255718961680
DOCA software EGRESS host=3 packets=178597212 bytes=260037540672
DOCA ARP port=0 to_host=0 to_uplink=0
DOCA ARP port=1 to_host=0 to_uplink=0
DOCA Monitor output pipe: 8445588.18 pkt/s 12162.05 MB/s
DOCA Monitor output pipe: 8413175.71 pkt/s 12115.38 MB/s
DOCA To-Host pipe: 0.00 pkt/s 0.00 MB/s
DOCA To-Host pipe: 0.00 pkt/s 0.00 MB/s
DOCA Host decrypt pipe: 1057347.03 pkt/s 1522.63 MB/s
DOCA Host decrypt pipe: 1057125.16 pkt/s 1522.31 MB/s
DOCA Host decrypt pipe: 1055172.34 pkt/s 1519.50 MB/s
DOCA Host decrypt pipe: 1054212.92 pkt/s 1518.12 MB/s
DOCA Host decrypt pipe: 1055492.15 pkt/s 1519.96 MB/s
DOCA Host decrypt pipe: 1053829.15 pkt/s 1517.56 MB/s
DOCA Host decrypt pipe: 1054596.69 pkt/s 1518.67 MB/s
DOCA Host decrypt pipe: 1057794.76 pkt/s 1523.28 MB/s
DOCA Host decrypt pipe: 1038862.17 pkt/s 1496.01 MB/s
DOCA Host decrypt pipe: 1049032.04 pkt/s 1510.66 MB/s
DOCA Host decrypt pipe: 1049543.73 pkt/s 1511.39 MB/s
DOCA Host decrypt pipe: 1056835.34 pkt/s 1521.89 MB/s
DOCA Host decrypt pipe: 1048392.42 pkt/s 1509.74 MB/s
DOCA Host decrypt pipe: 1056067.80 pkt/s 1520.79 MB/s
DOCA Host decrypt pipe: 1056910.29 pkt/s 1522.00 MB/s
DOCA Host decrypt pipe: 1057538.91 pkt/s 1522.91 MB/s
DOCA Authenticated ESP RSS pipe: 2112839.18 pkt/s 3042.59 MB/s
DOCA Authenticated ESP RSS pipe: 2110954.31 pkt/s 3039.88 MB/s
DOCA Authenticated ESP RSS pipe: 2109769.03 pkt/s 3038.17 MB/s
DOCA Authenticated ESP RSS pipe: 2112007.68 pkt/s 3041.39 MB/s
DOCA Authenticated ESP RSS pipe: 2087248.59 pkt/s 3005.74 MB/s
DOCA Authenticated ESP RSS pipe: 2105099.84 pkt/s 3031.45 MB/s
DOCA Authenticated ESP RSS pipe: 2106463.02 pkt/s 3033.41 MB/s
DOCA Authenticated ESP RSS pipe: 2114374.25 pkt/s 3044.80 MB/s
DOCA Drop pipe: 0.00 pkt/s 0.00 MB/s
DOCA Drop pipe: 0.00 pkt/s 0.00 MB/s

=== monitoring snapshot ===
Worker statistics:
  lcore=2 queue=0 rate=4205003.07 pkt/s 6055.41 MB/s
  lcore=3 queue=1 rate=4219277.44 pkt/s 6075.96 MB/s
  lcore=4 queue=2 rate=4220988.40 pkt/s 6078.43 MB/s
  lcore=5 queue=3 rate=4229973.97 pkt/s 6091.37 MB/s

Port 0 statistics:
  RX rate: 8451854.97 pkt/s 12170.56 MB/s (missed=4731 errors=0 no_mbuf=0)
  RX queue  0: rate=2115069.21 pkt/s 3045.28 MB/s (errors=0)
  RX queue  1: rate=2111903.14 pkt/s 3041.24 MB/s (errors=0)
  RX queue  2: rate=2111484.39 pkt/s 3040.64 MB/s (errors=0)
  RX queue  3: rate=2113398.23 pkt/s 3043.40 MB/s (errors=0)

Port 1 statistics:
  RX rate: 8423194.37 pkt/s 12126.90 MB/s (missed=4613 errors=0 no_mbuf=0)
  RX queue  0: rate=2089798.20 pkt/s 3008.66 MB/s (errors=0)
  RX queue  1: rate=2107438.61 pkt/s 3034.06 MB/s (errors=0)
  RX queue  2: rate=2109408.42 pkt/s 3036.94 MB/s (errors=0)
  RX queue  3: rate=2116549.14 pkt/s 3047.24 MB/s (errors=0)
DOCA software EGRESS host=2 packets=192535092 bytes=280331093952
DOCA software EGRESS host=3 packets=187022483 bytes=272304735248
DOCA ARP port=0 to_host=0 to_uplink=0
DOCA ARP port=1 to_host=0 to_uplink=0
DOCA Monitor output pipe: 16893758.39 pkt/s 24327.83 MB/s
DOCA Monitor output pipe: 8420191.19 pkt/s 12125.48 MB/s
DOCA To-Host pipe: 0.00 pkt/s 0.00 MB/s
DOCA To-Host pipe: 0.00 pkt/s 0.00 MB/s
DOCA Host decrypt pipe: 2116171.63 pkt/s 3047.39 MB/s
DOCA Host decrypt pipe: 2114026.92 pkt/s 3044.30 MB/s
DOCA Host decrypt pipe: 2110734.89 pkt/s 3039.56 MB/s
DOCA Host decrypt pipe: 2107728.69 pkt/s 3035.23 MB/s
DOCA Host decrypt pipe: 2112014.12 pkt/s 3041.40 MB/s
DOCA Host decrypt pipe: 2108304.35 pkt/s 3036.06 MB/s
DOCA Host decrypt pipe: 2110223.20 pkt/s 3038.82 MB/s
DOCA Host decrypt pipe: 2114572.59 pkt/s 3045.09 MB/s
DOCA Host decrypt pipe: 1039440.99 pkt/s 1496.85 MB/s
DOCA Host decrypt pipe: 1049738.82 pkt/s 1511.67 MB/s
DOCA Host decrypt pipe: 1051414.81 pkt/s 1514.09 MB/s
DOCA Host decrypt pipe: 1057542.14 pkt/s 1522.91 MB/s
DOCA Host decrypt pipe: 1049355.05 pkt/s 1511.12 MB/s
DOCA Host decrypt pipe: 1056838.56 pkt/s 1521.90 MB/s
DOCA Host decrypt pipe: 1057606.10 pkt/s 1523.00 MB/s
DOCA Host decrypt pipe: 1058245.72 pkt/s 1523.92 MB/s
DOCA Authenticated ESP RSS pipe: 4228185.75 pkt/s 6088.79 MB/s
DOCA Authenticated ESP RSS pipe: 4222331.26 pkt/s 6080.36 MB/s
DOCA Authenticated ESP RSS pipe: 4220958.08 pkt/s 6078.38 MB/s
DOCA Authenticated ESP RSS pipe: 4222301.28 pkt/s 6080.32 MB/s
DOCA Authenticated ESP RSS pipe: 2088802.03 pkt/s 3007.98 MB/s
DOCA Authenticated ESP RSS pipe: 2106577.38 pkt/s 3033.57 MB/s
DOCA Authenticated ESP RSS pipe: 2109018.92 pkt/s 3037.09 MB/s
DOCA Authenticated ESP RSS pipe: 2115787.86 pkt/s 3046.84 MB/s
DOCA Drop pipe: 0.00 pkt/s 0.00 MB/s
DOCA Drop pipe: 0.00 pkt/s 0.00 MB/s

=== monitoring snapshot ===
Worker statistics:
  lcore=2 queue=0 rate=4197745.13 pkt/s 6044.96 MB/s
  lcore=3 queue=1 rate=4213213.19 pkt/s 6067.23 MB/s
  lcore=4 queue=2 rate=4213579.98 pkt/s 6067.76 MB/s
  lcore=5 queue=3 rate=4224033.94 pkt/s 6082.81 MB/s

Port 0 statistics:
  RX rate: 8439580.06 pkt/s 12152.85 MB/s (missed=4731 errors=0 no_mbuf=0)
  RX queue  0: rate=2111876.38 pkt/s 3040.65 MB/s (errors=0)
  RX queue  1: rate=2109093.97 pkt/s 3037.20 MB/s (errors=0)
  RX queue  2: rate=2108230.47 pkt/s 3035.95 MB/s (errors=0)
  RX queue  3: rate=2110379.24 pkt/s 3039.05 MB/s (errors=0)

Port 1 statistics:
  RX rate: 8409160.82 pkt/s 12106.47 MB/s (missed=4613 errors=0 no_mbuf=0)
  RX queue  0: rate=2085974.04 pkt/s 3003.11 MB/s (errors=0)
  RX queue  1: rate=2104043.70 pkt/s 3029.15 MB/s (errors=0)
  RX queue  2: rate=2105452.90 pkt/s 3031.08 MB/s (errors=0)
  RX queue  3: rate=2113690.18 pkt/s 3043.13 MB/s (errors=0)
DOCA software EGRESS host=2 packets=200975504 bytes=292620333824
DOCA software EGRESS host=3 packets=195430189 bytes=284546355184
DOCA ARP port=0 to_host=0 to_uplink=0
DOCA ARP port=1 to_host=0 to_uplink=0
DOCA Monitor output pipe: 8435627.80 pkt/s 12147.71 MB/s
DOCA Monitor output pipe: 8403384.29 pkt/s 12101.28 MB/s
DOCA To-Host pipe: 0.00 pkt/s 0.00 MB/s
DOCA To-Host pipe: 0.00 pkt/s 0.00 MB/s
DOCA Host decrypt pipe: 1056226.21 pkt/s 1521.02 MB/s
DOCA Host decrypt pipe: 1055609.56 pkt/s 1520.13 MB/s
DOCA Host decrypt pipe: 1053667.68 pkt/s 1517.33 MB/s
DOCA Host decrypt pipe: 1052388.41 pkt/s 1515.49 MB/s
DOCA Host decrypt pipe: 1054691.09 pkt/s 1518.81 MB/s
DOCA Host decrypt pipe: 1052516.34 pkt/s 1515.67 MB/s
DOCA Host decrypt pipe: 1053539.75 pkt/s 1517.15 MB/s
DOCA Host decrypt pipe: 1056985.77 pkt/s 1522.11 MB/s
DOCA Host decrypt pipe: 1037357.03 pkt/s 1493.84 MB/s
DOCA Host decrypt pipe: 1047847.01 pkt/s 1508.95 MB/s
DOCA Host decrypt pipe: 1048473.65 pkt/s 1509.85 MB/s
DOCA Host decrypt pipe: 1055650.54 pkt/s 1520.19 MB/s
DOCA Host decrypt pipe: 1046951.53 pkt/s 1507.66 MB/s
DOCA Host decrypt pipe: 1054973.93 pkt/s 1519.21 MB/s
DOCA Host decrypt pipe: 1055700.51 pkt/s 1520.26 MB/s
DOCA Host decrypt pipe: 1056418.10 pkt/s 1521.29 MB/s
DOCA Authenticated ESP RSS pipe: 2110917.30 pkt/s 3039.82 MB/s
DOCA Authenticated ESP RSS pipe: 2108122.90 pkt/s 3035.80 MB/s
DOCA Authenticated ESP RSS pipe: 2107207.42 pkt/s 3034.48 MB/s
DOCA Authenticated ESP RSS pipe: 2109370.18 pkt/s 3037.59 MB/s
DOCA Authenticated ESP RSS pipe: 2084308.56 pkt/s 3001.50 MB/s
DOCA Authenticated ESP RSS pipe: 2102819.94 pkt/s 3028.16 MB/s
DOCA Authenticated ESP RSS pipe: 2104162.17 pkt/s 3030.09 MB/s
DOCA Authenticated ESP RSS pipe: 2112068.64 pkt/s 3041.48 MB/s
DOCA Drop pipe: 0.00 pkt/s 0.00 MB/s
DOCA Drop pipe: 0.00 pkt/s 0.00 MB/s

=== monitoring snapshot ===
Worker statistics:
  lcore=2 queue=0 rate=4205833.36 pkt/s 6056.60 MB/s
  lcore=3 queue=1 rate=4218621.09 pkt/s 6075.02 MB/s
  lcore=4 queue=2 rate=4221142.66 pkt/s 6078.65 MB/s
  lcore=5 queue=3 rate=4230555.31 pkt/s 6092.20 MB/s

Port 0 statistics:
  RX rate: 8451142.75 pkt/s 12169.49 MB/s (missed=4731 errors=0 no_mbuf=0)
  RX queue  0: rate=2115125.86 pkt/s 3045.32 MB/s (errors=0)
  RX queue  1: rate=2111249.06 pkt/s 3040.29 MB/s (errors=0)
  RX queue  2: rate=2111253.06 pkt/s 3040.31 MB/s (errors=0)
  RX queue  3: rate=2113514.77 pkt/s 3043.56 MB/s (errors=0)

Port 1 statistics:
  RX rate: 8424878.72 pkt/s 12129.15 MB/s (missed=4613 errors=0 no_mbuf=0)
  RX queue  0: rate=2090643.28 pkt/s 3009.91 MB/s (errors=0)
  RX queue  1: rate=2107379.50 pkt/s 3033.88 MB/s (errors=0)
  RX queue  2: rate=2109837.07 pkt/s 3037.32 MB/s (errors=0)
  RX queue  3: rate=2117018.87 pkt/s 3048.03 MB/s (errors=0)
DOCA software EGRESS host=2 packets=209427689 bytes=304926715184
DOCA software EGRESS host=3 packets=203855823 bytes=296814078288
DOCA ARP port=0 to_host=0 to_uplink=0
DOCA ARP port=1 to_host=0 to_uplink=0
DOCA Monitor output pipe: 8447231.86 pkt/s 12164.42 MB/s
DOCA Monitor output pipe: 8420856.28 pkt/s 12126.44 MB/s
DOCA To-Host pipe: 0.00 pkt/s 0.00 MB/s
DOCA To-Host pipe: 0.00 pkt/s 0.00 MB/s
DOCA Host decrypt pipe: 1058069.34 pkt/s 1523.67 MB/s
DOCA Host decrypt pipe: 1055999.55 pkt/s 1520.69 MB/s
DOCA Host decrypt pipe: 1055254.99 pkt/s 1519.62 MB/s
DOCA Host decrypt pipe: 1053911.77 pkt/s 1517.68 MB/s
DOCA Host decrypt pipe: 1056086.50 pkt/s 1520.82 MB/s
DOCA Host decrypt pipe: 1054254.57 pkt/s 1518.18 MB/s
DOCA Host decrypt pipe: 1055063.10 pkt/s 1519.34 MB/s
DOCA Host decrypt pipe: 1058589.04 pkt/s 1524.42 MB/s
DOCA Host decrypt pipe: 1040287.74 pkt/s 1498.06 MB/s
DOCA Host decrypt pipe: 1049690.24 pkt/s 1511.60 MB/s
DOCA Host decrypt pipe: 1050969.49 pkt/s 1513.45 MB/s
DOCA Host decrypt pipe: 1057877.45 pkt/s 1523.39 MB/s
DOCA Host decrypt pipe: 1049434.39 pkt/s 1511.24 MB/s
DOCA Host decrypt pipe: 1056781.09 pkt/s 1521.82 MB/s
DOCA Host decrypt pipe: 1057635.60 pkt/s 1523.05 MB/s
DOCA Host decrypt pipe: 1058197.27 pkt/s 1523.86 MB/s
DOCA Authenticated ESP RSS pipe: 2114155.84 pkt/s 3044.49 MB/s
DOCA Authenticated ESP RSS pipe: 2110240.13 pkt/s 3038.85 MB/s
DOCA Authenticated ESP RSS pipe: 2110316.09 pkt/s 3038.96 MB/s
DOCA Authenticated ESP RSS pipe: 2112504.81 pkt/s 3042.11 MB/s
DOCA Authenticated ESP RSS pipe: 2089722.13 pkt/s 3009.30 MB/s
DOCA Authenticated ESP RSS pipe: 2106465.34 pkt/s 3033.41 MB/s
DOCA Authenticated ESP RSS pipe: 2108619.08 pkt/s 3036.51 MB/s
DOCA Authenticated ESP RSS pipe: 2116074.72 pkt/s 3047.25 MB/s
DOCA Drop pipe: 0.00 pkt/s 0.00 MB/s
DOCA Drop pipe: 0.00 pkt/s 0.00 MB/s

=== monitoring snapshot ===
Worker statistics:
  lcore=2 queue=0 rate=4205781.15 pkt/s 6056.53 MB/s
  lcore=3 queue=1 rate=4221045.41 pkt/s 6078.51 MB/s
  lcore=4 queue=2 rate=4221800.98 pkt/s 6079.60 MB/s
  lcore=5 queue=3 rate=4230860.79 pkt/s 6092.64 MB/s

Port 0 statistics:
  RX rate: 8454030.62 pkt/s 12173.74 MB/s (missed=4731 errors=0 no_mbuf=0)
  RX queue  0: rate=2115420.31 pkt/s 3045.84 MB/s (errors=0)
  RX queue  1: rate=2113284.53 pkt/s 3043.23 MB/s (errors=0)
  RX queue  2: rate=2111620.49 pkt/s 3040.84 MB/s (errors=0)
  RX queue  3: rate=2113705.29 pkt/s 3043.84 MB/s (errors=0)

Port 1 statistics:
  RX rate: 8425547.83 pkt/s 12129.85 MB/s (missed=4613 errors=0 no_mbuf=0)
  RX queue  0: rate=2090448.66 pkt/s 3009.44 MB/s (errors=0)
  RX queue  1: rate=2107740.95 pkt/s 3034.33 MB/s (errors=0)
  RX queue  2: rate=2110177.58 pkt/s 3038.03 MB/s (errors=0)
  RX queue  3: rate=2117180.64 pkt/s 3048.05 MB/s (errors=0)
DOCA software EGRESS host=2 packets=217882726 bytes=317237249056
DOCA software EGRESS host=3 packets=212282084 bytes=309082714304
DOCA ARP port=0 to_host=0 to_uplink=0
DOCA ARP port=1 to_host=0 to_uplink=0
DOCA Monitor output pipe: 8450304.27 pkt/s 12168.85 MB/s
DOCA Monitor output pipe: 8420904.87 pkt/s 12126.51 MB/s
DOCA To-Host pipe: 0.00 pkt/s 0.00 MB/s
DOCA To-Host pipe: 0.00 pkt/s 0.00 MB/s
DOCA Host decrypt pipe: 1058090.64 pkt/s 1523.70 MB/s
DOCA Host decrypt pipe: 1057962.71 pkt/s 1523.52 MB/s
DOCA Host decrypt pipe: 1055404.16 pkt/s 1519.83 MB/s
DOCA Host decrypt pipe: 1054060.92 pkt/s 1517.90 MB/s
DOCA Host decrypt pipe: 1056363.62 pkt/s 1521.21 MB/s
DOCA Host decrypt pipe: 1054421.71 pkt/s 1518.42 MB/s
DOCA Host decrypt pipe: 1055276.23 pkt/s 1519.65 MB/s
DOCA Host decrypt pipe: 1058730.28 pkt/s 1524.62 MB/s
DOCA Host decrypt pipe: 1040180.75 pkt/s 1497.91 MB/s
DOCA Host decrypt pipe: 1049711.37 pkt/s 1511.63 MB/s
DOCA Host decrypt pipe: 1051322.46 pkt/s 1513.96 MB/s
DOCA Host decrypt pipe: 1057834.79 pkt/s 1523.33 MB/s
DOCA Host decrypt pipe: 1049263.62 pkt/s 1510.99 MB/s
DOCA Host decrypt pipe: 1056793.37 pkt/s 1521.83 MB/s
DOCA Host decrypt pipe: 1057578.93 pkt/s 1522.96 MB/s
DOCA Host decrypt pipe: 1058218.57 pkt/s 1523.89 MB/s
DOCA Authenticated ESP RSS pipe: 2114454.26 pkt/s 3044.92 MB/s
DOCA Authenticated ESP RSS pipe: 2112401.42 pkt/s 3041.96 MB/s
DOCA Authenticated ESP RSS pipe: 2110682.39 pkt/s 3039.48 MB/s
DOCA Authenticated ESP RSS pipe: 2112791.20 pkt/s 3042.52 MB/s
DOCA Authenticated ESP RSS pipe: 2089444.38 pkt/s 3008.90 MB/s
DOCA Authenticated ESP RSS pipe: 2106511.74 pkt/s 3033.48 MB/s
DOCA Authenticated ESP RSS pipe: 2108890.40 pkt/s 3036.90 MB/s
DOCA Authenticated ESP RSS pipe: 2116053.35 pkt/s 3047.22 MB/s
DOCA Drop pipe: 0.00 pkt/s 0.00 MB/s
DOCA Drop pipe: 0.00 pkt/s 0.00 MB/s

=== monitoring snapshot ===
Worker statistics:
  lcore=2 queue=0 rate=4206114.98 pkt/s 6057.01 MB/s
  lcore=3 queue=1 rate=4221267.99 pkt/s 6078.83 MB/s
  lcore=4 queue=2 rate=4222102.49 pkt/s 6080.03 MB/s
  lcore=5 queue=3 rate=4231392.98 pkt/s 6093.41 MB/s

Port 0 statistics:
  RX rate: 8454562.72 pkt/s 12174.47 MB/s (missed=4731 errors=0 no_mbuf=0)
  RX queue  0: rate=2115399.62 pkt/s 3045.77 MB/s (errors=0)
  RX queue  1: rate=2113480.78 pkt/s 3043.51 MB/s (errors=0)
  RX queue  2: rate=2111689.85 pkt/s 3040.94 MB/s (errors=0)
  RX queue  3: rate=2113992.47 pkt/s 3044.25 MB/s (errors=0)

Port 1 statistics:
  RX rate: 8426300.25 pkt/s 12131.49 MB/s (missed=4613 errors=0 no_mbuf=0)
  RX queue  0: rate=2090657.80 pkt/s 3010.07 MB/s (errors=0)
  RX queue  1: rate=2107863.54 pkt/s 3034.58 MB/s (errors=0)
  RX queue  2: rate=2110419.02 pkt/s 3038.39 MB/s (errors=0)
  RX queue  3: rate=2117359.88 pkt/s 3048.46 MB/s (errors=0)
DOCA software EGRESS host=2 packets=226338374 bytes=329548672544
DOCA software EGRESS host=3 packets=220708947 bytes=321352226832
DOCA ARP port=0 to_host=0 to_uplink=0
DOCA ARP port=1 to_host=0 to_uplink=0
DOCA Monitor output pipe: 8450576.09 pkt/s 12169.24 MB/s
DOCA Monitor output pipe: 8421904.19 pkt/s 12127.95 MB/s
DOCA To-Host pipe: 0.00 pkt/s 0.00 MB/s
DOCA To-Host pipe: 0.00 pkt/s 0.00 MB/s
DOCA Host decrypt pipe: 1057992.02 pkt/s 1523.56 MB/s
DOCA Host decrypt pipe: 1057993.02 pkt/s 1523.56 MB/s
DOCA Host decrypt pipe: 1055434.54 pkt/s 1519.88 MB/s
DOCA Host decrypt pipe: 1054219.27 pkt/s 1518.13 MB/s
DOCA Host decrypt pipe: 1056393.97 pkt/s 1521.26 MB/s
DOCA Host decrypt pipe: 1054539.08 pkt/s 1518.59 MB/s
DOCA Host decrypt pipe: 1055242.66 pkt/s 1519.60 MB/s
DOCA Host decrypt pipe: 1058760.56 pkt/s 1524.67 MB/s
DOCA Host decrypt pipe: 1040339.54 pkt/s 1498.14 MB/s
DOCA Host decrypt pipe: 1049741.94 pkt/s 1511.68 MB/s
DOCA Host decrypt pipe: 1051641.80 pkt/s 1514.41 MB/s
DOCA Host decrypt pipe: 1057929.05 pkt/s 1523.47 MB/s
DOCA Host decrypt pipe: 1049294.20 pkt/s 1511.03 MB/s
DOCA Host decrypt pipe: 1056905.66 pkt/s 1522.00 MB/s
DOCA Host decrypt pipe: 1057673.21 pkt/s 1523.10 MB/s
DOCA Host decrypt pipe: 1058376.79 pkt/s 1524.11 MB/s
DOCA Authenticated ESP RSS pipe: 2114378.99 pkt/s 3044.81 MB/s
DOCA Authenticated ESP RSS pipe: 2112532.09 pkt/s 3042.15 MB/s
DOCA Authenticated ESP RSS pipe: 2110677.20 pkt/s 3039.48 MB/s
DOCA Authenticated ESP RSS pipe: 2112979.82 pkt/s 3042.79 MB/s
DOCA Authenticated ESP RSS pipe: 2089633.75 pkt/s 3009.17 MB/s
DOCA Authenticated ESP RSS pipe: 2106647.60 pkt/s 3033.67 MB/s
DOCA Authenticated ESP RSS pipe: 2109308.01 pkt/s 3037.51 MB/s
DOCA Authenticated ESP RSS pipe: 2116305.84 pkt/s 3047.58 MB/s
DOCA Drop pipe: 0.00 pkt/s 0.00 MB/s
DOCA Drop pipe: 0.00 pkt/s 0.00 MB/s

=== monitoring snapshot ===
Worker statistics:
  lcore=2 queue=0 rate=4205835.66 pkt/s 6056.61 MB/s
  lcore=3 queue=1 rate=4221063.56 pkt/s 6078.54 MB/s
  lcore=4 queue=2 rate=4221775.13 pkt/s 6079.56 MB/s
  lcore=5 queue=3 rate=4230764.76 pkt/s 6092.51 MB/s

Port 0 statistics:
  RX rate: 8454149.91 pkt/s 12173.96 MB/s (missed=4731 errors=0 no_mbuf=0)
  RX queue  0: rate=2115361.90 pkt/s 3045.80 MB/s (errors=0)
  RX queue  1: rate=2113375.07 pkt/s 3043.36 MB/s (errors=0)
  RX queue  2: rate=2111586.13 pkt/s 3040.79 MB/s (errors=0)
  RX queue  3: rate=2113826.81 pkt/s 3044.01 MB/s (errors=0)

Port 1 statistics:
  RX rate: 8425335.56 pkt/s 12130.00 MB/s (missed=4613 errors=0 no_mbuf=0)
  RX queue  0: rate=2090537.69 pkt/s 3009.70 MB/s (errors=0)
  RX queue  1: rate=2107681.60 pkt/s 3034.49 MB/s (errors=0)
  RX queue  2: rate=2110182.13 pkt/s 3038.11 MB/s (errors=0)
  RX queue  3: rate=2116934.15 pkt/s 3047.70 MB/s (errors=0)
DOCA software EGRESS host=2 packets=234793509 bytes=341859349104
DOCA software EGRESS host=3 packets=229135317 bytes=333621021552
DOCA ARP port=0 to_host=0 to_uplink=0
DOCA ARP port=1 to_host=0 to_uplink=0
DOCA Monitor output pipe: 8450144.60 pkt/s 12168.62 MB/s
DOCA Monitor output pipe: 8421476.21 pkt/s 12127.33 MB/s
DOCA To-Host pipe: 0.00 pkt/s 0.00 MB/s
DOCA To-Host pipe: 0.00 pkt/s 0.00 MB/s
DOCA Host decrypt pipe: 1058012.07 pkt/s 1523.59 MB/s
DOCA Host decrypt pipe: 1058075.03 pkt/s 1523.68 MB/s
DOCA Host decrypt pipe: 1055388.58 pkt/s 1519.81 MB/s
DOCA Host decrypt pipe: 1053981.40 pkt/s 1517.78 MB/s
DOCA Host decrypt pipe: 1056348.03 pkt/s 1521.19 MB/s
DOCA Host decrypt pipe: 1054237.25 pkt/s 1518.15 MB/s
DOCA Host decrypt pipe: 1055260.66 pkt/s 1519.63 MB/s
DOCA Host decrypt pipe: 1058842.58 pkt/s 1524.78 MB/s
DOCA Host decrypt pipe: 1040229.37 pkt/s 1497.98 MB/s
DOCA Host decrypt pipe: 1049795.82 pkt/s 1511.76 MB/s
DOCA Host decrypt pipe: 1051493.84 pkt/s 1514.20 MB/s
DOCA Host decrypt pipe: 1057819.18 pkt/s 1523.31 MB/s
DOCA Host decrypt pipe: 1049184.18 pkt/s 1510.88 MB/s
DOCA Host decrypt pipe: 1056859.73 pkt/s 1521.93 MB/s
DOCA Host decrypt pipe: 1057755.21 pkt/s 1523.22 MB/s
DOCA Host decrypt pipe: 1058330.88 pkt/s 1524.05 MB/s
DOCA Authenticated ESP RSS pipe: 2114367.09 pkt/s 3044.79 MB/s
DOCA Authenticated ESP RSS pipe: 2112312.28 pkt/s 3041.83 MB/s
DOCA Authenticated ESP RSS pipe: 2110649.24 pkt/s 3039.44 MB/s
DOCA Authenticated ESP RSS pipe: 2112823.98 pkt/s 3042.57 MB/s
DOCA Authenticated ESP RSS pipe: 2089413.55 pkt/s 3008.86 MB/s
DOCA Authenticated ESP RSS pipe: 2106652.56 pkt/s 3033.68 MB/s
DOCA Authenticated ESP RSS pipe: 2109267.04 pkt/s 3037.45 MB/s
DOCA Authenticated ESP RSS pipe: 2116150.06 pkt/s 3047.36 MB/s
DOCA Drop pipe: 0.00 pkt/s 0.00 MB/s
DOCA Drop pipe: 0.00 pkt/s 0.00 MB/s

=== monitoring snapshot ===
Worker statistics:
  lcore=2 queue=0 rate=4201210.57 pkt/s 6049.95 MB/s
  lcore=3 queue=1 rate=4219225.71 pkt/s 6075.89 MB/s
  lcore=4 queue=2 rate=4219790.40 pkt/s 6076.70 MB/s
  lcore=5 queue=3 rate=4232114.65 pkt/s 6094.45 MB/s

Port 0 statistics:
  RX rate: 8450858.01 pkt/s 12169.22 MB/s (missed=4731 errors=0 no_mbuf=0)
  RX queue  0: rate=2111872.71 pkt/s 3040.78 MB/s (errors=0)
  RX queue  1: rate=2112007.64 pkt/s 3041.39 MB/s (errors=0)
  RX queue  2: rate=2110944.21 pkt/s 3039.86 MB/s (errors=0)
  RX queue  3: rate=2116033.45 pkt/s 3047.19 MB/s (errors=0)

Port 1 statistics:
  RX rate: 8421421.20 pkt/s 12124.43 MB/s (missed=4613 errors=0 no_mbuf=0)
  RX queue  0: rate=2089280.97 pkt/s 3008.04 MB/s (errors=0)
  RX queue  1: rate=2107128.07 pkt/s 3033.51 MB/s (errors=0)
  RX queue  2: rate=2108846.11 pkt/s 3036.20 MB/s (errors=0)
  RX queue  3: rate=2116166.05 pkt/s 3046.67 MB/s (errors=0)
DOCA software EGRESS host=2 packets=243245317 bytes=354165181552
DOCA software EGRESS host=3 packets=237556670 bytes=345882511520
DOCA ARP port=0 to_host=0 to_uplink=0
DOCA ARP port=1 to_host=0 to_uplink=0
DOCA Monitor output pipe: 8447108.08 pkt/s 12164.24 MB/s
DOCA Monitor output pipe: 8416546.34 pkt/s 12120.23 MB/s
DOCA To-Host pipe: 0.00 pkt/s 0.00 MB/s
DOCA To-Host pipe: 0.00 pkt/s 0.00 MB/s
DOCA Host decrypt pipe: 1055147.93 pkt/s 1519.46 MB/s
DOCA Host decrypt pipe: 1057258.74 pkt/s 1522.50 MB/s
DOCA Host decrypt pipe: 1055083.96 pkt/s 1519.37 MB/s
DOCA Host decrypt pipe: 1056747.02 pkt/s 1521.77 MB/s
DOCA Host decrypt pipe: 1055809.55 pkt/s 1520.42 MB/s
DOCA Host decrypt pipe: 1053813.68 pkt/s 1517.54 MB/s
DOCA Host decrypt pipe: 1054892.07 pkt/s 1519.10 MB/s
DOCA Host decrypt pipe: 1058346.12 pkt/s 1524.07 MB/s
DOCA Host decrypt pipe: 1039938.52 pkt/s 1497.56 MB/s
DOCA Host decrypt pipe: 1049355.20 pkt/s 1511.12 MB/s
DOCA Host decrypt pipe: 1050478.57 pkt/s 1512.74 MB/s
DOCA Host decrypt pipe: 1056897.94 pkt/s 1521.98 MB/s
DOCA Host decrypt pipe: 1048367.76 pkt/s 1509.70 MB/s
DOCA Host decrypt pipe: 1056427.21 pkt/s 1521.31 MB/s
DOCA Host decrypt pipe: 1057258.74 pkt/s 1522.50 MB/s
DOCA Host decrypt pipe: 1057834.41 pkt/s 1523.33 MB/s
DOCA Authenticated ESP RSS pipe: 2110939.49 pkt/s 3039.85 MB/s
DOCA Authenticated ESP RSS pipe: 2111063.42 pkt/s 3040.03 MB/s
DOCA Authenticated ESP RSS pipe: 2109976.04 pkt/s 3038.47 MB/s
DOCA Authenticated ESP RSS pipe: 2115093.15 pkt/s 3045.84 MB/s
DOCA Authenticated ESP RSS pipe: 2088296.28 pkt/s 3007.25 MB/s
DOCA Authenticated ESP RSS pipe: 2105785.40 pkt/s 3032.43 MB/s
DOCA Authenticated ESP RSS pipe: 2107737.30 pkt/s 3035.24 MB/s
DOCA Authenticated ESP RSS pipe: 2114724.35 pkt/s 3045.31 MB/s
DOCA Drop pipe: 0.00 pkt/s 0.00 MB/s
DOCA Drop pipe: 0.00 pkt/s 0.00 MB/s

=== monitoring snapshot ===
Worker statistics:
  lcore=2 queue=0 rate=1113491.90 pkt/s 1603.48 MB/s
  lcore=3 queue=1 rate=1118471.95 pkt/s 1610.65 MB/s
  lcore=4 queue=2 rate=1118741.79 pkt/s 1611.04 MB/s
  lcore=5 queue=3 rate=1122149.76 pkt/s 1615.95 MB/s

Port 0 statistics:
  RX rate: 2240065.64 pkt/s 3225.68 MB/s (missed=4731 errors=0 no_mbuf=0)
  RX queue  0: rate=559417.51 pkt/s 805.47 MB/s (errors=0)
  RX queue  1: rate=559798.29 pkt/s 806.14 MB/s (errors=0)
  RX queue  2: rate=559644.38 pkt/s 805.91 MB/s (errors=0)
  RX queue  3: rate=561205.46 pkt/s 808.16 MB/s (errors=0)

Port 1 statistics:
  RX rate: 2230925.81 pkt/s 3211.85 MB/s (missed=4613 errors=0 no_mbuf=0)
  RX queue  0: rate=553542.57 pkt/s 796.96 MB/s (errors=0)
  RX queue  1: rate=558272.89 pkt/s 803.71 MB/s (errors=0)
  RX queue  2: rate=558659.68 pkt/s 804.33 MB/s (errors=0)
  RX queue  3: rate=560450.66 pkt/s 806.85 MB/s (errors=0)
DOCA software EGRESS host=2 packets=245510341 bytes=357463056496
DOCA software EGRESS host=3 packets=244589627 bytes=356122496912
DOCA ARP port=0 to_host=0 to_uplink=0
DOCA ARP port=1 to_host=0 to_uplink=0
DOCA Monitor output pipe: 2263591.38 pkt/s 3259.68 MB/s
DOCA Monitor output pipe: 7028865.13 pkt/s 10121.90 MB/s
DOCA To-Host pipe: 0.00 pkt/s 0.00 MB/s
DOCA To-Host pipe: 0.00 pkt/s 0.00 MB/s
DOCA Host decrypt pipe: 282402.23 pkt/s 406.67 MB/s
DOCA Host decrypt pipe: 283361.69 pkt/s 408.05 MB/s
DOCA Host decrypt pipe: 282786.01 pkt/s 407.23 MB/s
DOCA Host decrypt pipe: 283489.62 pkt/s 408.24 MB/s
DOCA Host decrypt pipe: 282891.95 pkt/s 407.38 MB/s
DOCA Host decrypt pipe: 282329.27 pkt/s 406.57 MB/s
DOCA Host decrypt pipe: 282722.05 pkt/s 407.13 MB/s
DOCA Host decrypt pipe: 283617.55 pkt/s 408.42 MB/s
DOCA Host decrypt pipe: 868492.79 pkt/s 1250.67 MB/s
DOCA Host decrypt pipe: 876438.35 pkt/s 1262.11 MB/s
DOCA Host decrypt pipe: 877333.85 pkt/s 1263.40 MB/s
DOCA Host decrypt pipe: 882811.79 pkt/s 1271.29 MB/s
DOCA Host decrypt pipe: 875350.96 pkt/s 1260.55 MB/s
DOCA Host decrypt pipe: 882323.07 pkt/s 1270.59 MB/s
DOCA Host decrypt pipe: 882834.78 pkt/s 1271.32 MB/s
DOCA Host decrypt pipe: 883282.53 pkt/s 1271.97 MB/s
DOCA Authenticated ESP RSS pipe: 565312.17 pkt/s 814.08 MB/s
DOCA Authenticated ESP RSS pipe: 565699.96 pkt/s 814.64 MB/s
DOCA Authenticated ESP RSS pipe: 565508.06 pkt/s 814.36 MB/s
DOCA Authenticated ESP RSS pipe: 567107.17 pkt/s 816.66 MB/s
DOCA Authenticated ESP RSS pipe: 1743853.75 pkt/s 2511.23 MB/s
DOCA Authenticated ESP RSS pipe: 1758761.42 pkt/s 2532.70 MB/s
DOCA Authenticated ESP RSS pipe: 1760168.63 pkt/s 2534.73 MB/s
DOCA Authenticated ESP RSS pipe: 1766102.32 pkt/s 2543.27 MB/s
DOCA Drop pipe: 0.00 pkt/s 0.00 MB/s
DOCA Drop pipe: 0.00 pkt/s 0.00 MB/s

=== monitoring snapshot ===
Worker statistics:
  lcore=2 queue=0 rate=0.00 pkt/s 0.00 MB/s
  lcore=3 queue=1 rate=0.00 pkt/s 0.00 MB/s
  lcore=4 queue=2 rate=0.00 pkt/s 0.00 MB/s
  lcore=5 queue=3 rate=0.00 pkt/s 0.00 MB/s

Port 0 statistics:
  RX rate: 0.00 pkt/s 0.00 MB/s (missed=4731 errors=0 no_mbuf=0)
  RX queue  0: rate=0.00 pkt/s 0.00 MB/s (errors=0)
  RX queue  1: rate=0.00 pkt/s 0.00 MB/s (errors=0)
  RX queue  2: rate=0.00 pkt/s 0.00 MB/s (errors=0)
  RX queue  3: rate=0.00 pkt/s 0.00 MB/s (errors=0)

Port 1 statistics:
  RX rate: 0.00 pkt/s 0.00 MB/s (missed=4613 errors=0 no_mbuf=0)
  RX queue  0: rate=0.00 pkt/s 0.00 MB/s (errors=0)
  RX queue  1: rate=0.00 pkt/s 0.00 MB/s (errors=0)
  RX queue  2: rate=0.00 pkt/s 0.00 MB/s (errors=0)
  RX queue  3: rate=0.00 pkt/s 0.00 MB/s (errors=0)
DOCA software EGRESS host=2 packets=245510341 bytes=357463056496
DOCA software EGRESS host=3 packets=244589627 bytes=356122496912
DOCA ARP port=0 to_host=0 to_uplink=0
DOCA ARP port=1 to_host=0 to_uplink=0
DOCA Monitor output pipe: 0.00 pkt/s 0.00 MB/s
DOCA Monitor output pipe: 0.00 pkt/s 0.00 MB/s
DOCA To-Host pipe: 0.00 pkt/s 0.00 MB/s
DOCA To-Host pipe: 0.00 pkt/s 0.00 MB/s
DOCA Host decrypt pipe: 0.00 pkt/s 0.00 MB/s
DOCA Host decrypt pipe: 0.00 pkt/s 0.00 MB/s
DOCA Host decrypt pipe: 0.00 pkt/s 0.00 MB/s
DOCA Host decrypt pipe: 0.00 pkt/s 0.00 MB/s
DOCA Host decrypt pipe: 0.00 pkt/s 0.00 MB/s
DOCA Host decrypt pipe: 0.00 pkt/s 0.00 MB/s
DOCA Host decrypt pipe: 0.00 pkt/s 0.00 MB/s
DOCA Host decrypt pipe: 0.00 pkt/s 0.00 MB/s
DOCA Host decrypt pipe: 0.00 pkt/s 0.00 MB/s
DOCA Host decrypt pipe: 0.00 pkt/s 0.00 MB/s
DOCA Host decrypt pipe: 0.00 pkt/s 0.00 MB/s
DOCA Host decrypt pipe: 0.00 pkt/s 0.00 MB/s
DOCA Host decrypt pipe: 0.00 pkt/s 0.00 MB/s
DOCA Host decrypt pipe: 0.00 pkt/s 0.00 MB/s
DOCA Host decrypt pipe: 0.00 pkt/s 0.00 MB/s
DOCA Host decrypt pipe: 0.00 pkt/s 0.00 MB/s
DOCA Authenticated ESP RSS pipe: 0.00 pkt/s 0.00 MB/s
DOCA Authenticated ESP RSS pipe: 0.00 pkt/s 0.00 MB/s
DOCA Authenticated ESP RSS pipe: 0.00 pkt/s 0.00 MB/s
DOCA Authenticated ESP RSS pipe: 0.00 pkt/s 0.00 MB/s
DOCA Authenticated ESP RSS pipe: 0.00 pkt/s 0.00 MB/s
DOCA Authenticated ESP RSS pipe: 0.00 pkt/s 0.00 MB/s
DOCA Authenticated ESP RSS pipe: 0.00 pkt/s 0.00 MB/s
DOCA Authenticated ESP RSS pipe: 0.00 pkt/s 0.00 MB/s
DOCA Drop pipe: 0.00 pkt/s 0.00 MB/s
DOCA Drop pipe: 0.00 pkt/s 0.00 MB/s

=== monitoring snapshot ===
Worker statistics:
  lcore=2 queue=0 rate=0.00 pkt/s 0.00 MB/s
  lcore=3 queue=1 rate=0.00 pkt/s 0.00 MB/s
  lcore=4 queue=2 rate=0.00 pkt/s 0.00 MB/s
  lcore=5 queue=3 rate=0.00 pkt/s 0.00 MB/s

Port 0 statistics:
  RX rate: 0.00 pkt/s 0.00 MB/s (missed=4731 errors=0 no_mbuf=0)
  RX queue  0: rate=0.00 pkt/s 0.00 MB/s (errors=0)
  RX queue  1: rate=0.00 pkt/s 0.00 MB/s (errors=0)
  RX queue  2: rate=0.00 pkt/s 0.00 MB/s (errors=0)
  RX queue  3: rate=0.00 pkt/s 0.00 MB/s (errors=0)

Port 1 statistics:
  RX rate: 0.00 pkt/s 0.00 MB/s (missed=4613 errors=0 no_mbuf=0)
  RX queue  0: rate=0.00 pkt/s 0.00 MB/s (errors=0)
  RX queue  1: rate=0.00 pkt/s 0.00 MB/s (errors=0)
  RX queue  2: rate=0.00 pkt/s 0.00 MB/s (errors=0)
  RX queue  3: rate=0.00 pkt/s 0.00 MB/s (errors=0)
DOCA software EGRESS host=2 packets=245510341 bytes=357463056496
DOCA software EGRESS host=3 packets=244589627 bytes=356122496912
DOCA ARP port=0 to_host=0 to_uplink=0
DOCA ARP port=1 to_host=0 to_uplink=0
DOCA Monitor output pipe: 0.00 pkt/s 0.00 MB/s
DOCA Monitor output pipe: 0.00 pkt/s 0.00 MB/s
DOCA To-Host pipe: 0.00 pkt/s 0.00 MB/s
DOCA To-Host pipe: 0.00 pkt/s 0.00 MB/s
DOCA Host decrypt pipe: 0.00 pkt/s 0.00 MB/s
DOCA Host decrypt pipe: 0.00 pkt/s 0.00 MB/s
DOCA Host decrypt pipe: 0.00 pkt/s 0.00 MB/s
DOCA Host decrypt pipe: 0.00 pkt/s 0.00 MB/s
DOCA Host decrypt pipe: 0.00 pkt/s 0.00 MB/s
DOCA Host decrypt pipe: 0.00 pkt/s 0.00 MB/s
DOCA Host decrypt pipe: 0.00 pkt/s 0.00 MB/s
DOCA Host decrypt pipe: 0.00 pkt/s 0.00 MB/s
DOCA Host decrypt pipe: 0.00 pkt/s 0.00 MB/s
DOCA Host decrypt pipe: 0.00 pkt/s 0.00 MB/s
DOCA Host decrypt pipe: 0.00 pkt/s 0.00 MB/s
DOCA Host decrypt pipe: 0.00 pkt/s 0.00 MB/s
DOCA Host decrypt pipe: 0.00 pkt/s 0.00 MB/s
DOCA Host decrypt pipe: 0.00 pkt/s 0.00 MB/s
DOCA Host decrypt pipe: 0.00 pkt/s 0.00 MB/s
DOCA Host decrypt pipe: 0.00 pkt/s 0.00 MB/s
DOCA Authenticated ESP RSS pipe: 0.00 pkt/s 0.00 MB/s
DOCA Authenticated ESP RSS pipe: 0.00 pkt/s 0.00 MB/s
DOCA Authenticated ESP RSS pipe: 0.00 pkt/s 0.00 MB/s
DOCA Authenticated ESP RSS pipe: 0.00 pkt/s 0.00 MB/s
DOCA Authenticated ESP RSS pipe: 0.00 pkt/s 0.00 MB/s
DOCA Authenticated ESP RSS pipe: 0.00 pkt/s 0.00 MB/s
DOCA Authenticated ESP RSS pipe: 0.00 pkt/s 0.00 MB/s
DOCA Authenticated ESP RSS pipe: 0.00 pkt/s 0.00 MB/s
DOCA Drop pipe: 0.00 pkt/s 0.00 MB/s
DOCA Drop pipe: 0.00 pkt/s 0.00 MB/s

=== monitoring snapshot ===
Worker statistics:
  lcore=2 queue=0 rate=0.00 pkt/s 0.00 MB/s
  lcore=3 queue=1 rate=0.00 pkt/s 0.00 MB/s
  lcore=4 queue=2 rate=0.00 pkt/s 0.00 MB/s
  lcore=5 queue=3 rate=0.00 pkt/s 0.00 MB/s

Port 0 statistics:
  RX rate: 0.00 pkt/s 0.00 MB/s (missed=4731 errors=0 no_mbuf=0)
  RX queue  0: rate=0.00 pkt/s 0.00 MB/s (errors=0)
  RX queue  1: rate=0.00 pkt/s 0.00 MB/s (errors=0)
  RX queue  2: rate=0.00 pkt/s 0.00 MB/s (errors=0)
  RX queue  3: rate=0.00 pkt/s 0.00 MB/s (errors=0)

Port 1 statistics:
  RX rate: 0.00 pkt/s 0.00 MB/s (missed=4613 errors=0 no_mbuf=0)
  RX queue  0: rate=0.00 pkt/s 0.00 MB/s (errors=0)
  RX queue  1: rate=0.00 pkt/s 0.00 MB/s (errors=0)
  RX queue  2: rate=0.00 pkt/s 0.00 MB/s (errors=0)
  RX queue  3: rate=0.00 pkt/s 0.00 MB/s (errors=0)
DOCA software EGRESS host=2 packets=245510341 bytes=357463056496
DOCA software EGRESS host=3 packets=244589627 bytes=356122496912
DOCA ARP port=0 to_host=0 to_uplink=0
DOCA ARP port=1 to_host=0 to_uplink=0
DOCA Monitor output pipe: 0.00 pkt/s 0.00 MB/s
DOCA Monitor output pipe: 0.00 pkt/s 0.00 MB/s
DOCA To-Host pipe: 0.00 pkt/s 0.00 MB/s
DOCA To-Host pipe: 0.00 pkt/s 0.00 MB/s
DOCA Host decrypt pipe: 0.00 pkt/s 0.00 MB/s
DOCA Host decrypt pipe: 0.00 pkt/s 0.00 MB/s
DOCA Host decrypt pipe: 0.00 pkt/s 0.00 MB/s
DOCA Host decrypt pipe: 0.00 pkt/s 0.00 MB/s
DOCA Host decrypt pipe: 0.00 pkt/s 0.00 MB/s
DOCA Host decrypt pipe: 0.00 pkt/s 0.00 MB/s
DOCA Host decrypt pipe: 0.00 pkt/s 0.00 MB/s
DOCA Host decrypt pipe: 0.00 pkt/s 0.00 MB/s
DOCA Host decrypt pipe: 0.00 pkt/s 0.00 MB/s
DOCA Host decrypt pipe: 0.00 pkt/s 0.00 MB/s
DOCA Host decrypt pipe: 0.00 pkt/s 0.00 MB/s
DOCA Host decrypt pipe: 0.00 pkt/s 0.00 MB/s
DOCA Host decrypt pipe: 0.00 pkt/s 0.00 MB/s
DOCA Host decrypt pipe: 0.00 pkt/s 0.00 MB/s
DOCA Host decrypt pipe: 0.00 pkt/s 0.00 MB/s
DOCA Host decrypt pipe: 0.00 pkt/s 0.00 MB/s
DOCA Authenticated ESP RSS pipe: 0.00 pkt/s 0.00 MB/s
DOCA Authenticated ESP RSS pipe: 0.00 pkt/s 0.00 MB/s
DOCA Authenticated ESP RSS pipe: 0.00 pkt/s 0.00 MB/s
DOCA Authenticated ESP RSS pipe: 0.00 pkt/s 0.00 MB/s
DOCA Authenticated ESP RSS pipe: 0.00 pkt/s 0.00 MB/s
DOCA Authenticated ESP RSS pipe: 0.00 pkt/s 0.00 MB/s
DOCA Authenticated ESP RSS pipe: 0.00 pkt/s 0.00 MB/s
DOCA Authenticated ESP RSS pipe: 0.00 pkt/s 0.00 MB/s
DOCA Drop pipe: 0.00 pkt/s 0.00 MB/s
DOCA Drop pipe: 0.00 pkt/s 0.00 MB/s

=== monitoring snapshot ===
Worker statistics:
  lcore=2 queue=0 rate=0.00 pkt/s 0.00 MB/s
  lcore=3 queue=1 rate=0.00 pkt/s 0.00 MB/s
  lcore=4 queue=2 rate=0.00 pkt/s 0.00 MB/s
  lcore=5 queue=3 rate=0.00 pkt/s 0.00 MB/s

Port 0 statistics:
  RX rate: 0.00 pkt/s 0.00 MB/s (missed=4731 errors=0 no_mbuf=0)
  RX queue  0: rate=0.00 pkt/s 0.00 MB/s (errors=0)
  RX queue  1: rate=0.00 pkt/s 0.00 MB/s (errors=0)
  RX queue  2: rate=0.00 pkt/s 0.00 MB/s (errors=0)
  RX queue  3: rate=0.00 pkt/s 0.00 MB/s (errors=0)

Port 1 statistics:
  RX rate: 0.00 pkt/s 0.00 MB/s (missed=4613 errors=0 no_mbuf=0)
  RX queue  0: rate=0.00 pkt/s 0.00 MB/s (errors=0)
  RX queue  1: rate=0.00 pkt/s 0.00 MB/s (errors=0)
  RX queue  2: rate=0.00 pkt/s 0.00 MB/s (errors=0)
  RX queue  3: rate=0.00 pkt/s 0.00 MB/s (errors=0)
DOCA software EGRESS host=2 packets=245510341 bytes=357463056496
DOCA software EGRESS host=3 packets=244589627 bytes=356122496912
DOCA ARP port=0 to_host=0 to_uplink=0
DOCA ARP port=1 to_host=0 to_uplink=0
DOCA Monitor output pipe: 0.00 pkt/s 0.00 MB/s
DOCA Monitor output pipe: 0.00 pkt/s 0.00 MB/s
DOCA To-Host pipe: 0.00 pkt/s 0.00 MB/s
DOCA To-Host pipe: 0.00 pkt/s 0.00 MB/s
DOCA Host decrypt pipe: 0.00 pkt/s 0.00 MB/s
DOCA Host decrypt pipe: 0.00 pkt/s 0.00 MB/s
DOCA Host decrypt pipe: 0.00 pkt/s 0.00 MB/s
DOCA Host decrypt pipe: 0.00 pkt/s 0.00 MB/s
DOCA Host decrypt pipe: 0.00 pkt/s 0.00 MB/s
DOCA Host decrypt pipe: 0.00 pkt/s 0.00 MB/s
DOCA Host decrypt pipe: 0.00 pkt/s 0.00 MB/s
DOCA Host decrypt pipe: 0.00 pkt/s 0.00 MB/s
DOCA Host decrypt pipe: 0.00 pkt/s 0.00 MB/s
DOCA Host decrypt pipe: 0.00 pkt/s 0.00 MB/s
DOCA Host decrypt pipe: 0.00 pkt/s 0.00 MB/s
DOCA Host decrypt pipe: 0.00 pkt/s 0.00 MB/s
DOCA Host decrypt pipe: 0.00 pkt/s 0.00 MB/s
DOCA Host decrypt pipe: 0.00 pkt/s 0.00 MB/s
DOCA Host decrypt pipe: 0.00 pkt/s 0.00 MB/s
DOCA Host decrypt pipe: 0.00 pkt/s 0.00 MB/s
DOCA Authenticated ESP RSS pipe: 0.00 pkt/s 0.00 MB/s
DOCA Authenticated ESP RSS pipe: 0.00 pkt/s 0.00 MB/s
DOCA Authenticated ESP RSS pipe: 0.00 pkt/s 0.00 MB/s
DOCA Authenticated ESP RSS pipe: 0.00 pkt/s 0.00 MB/s
DOCA Authenticated ESP RSS pipe: 0.00 pkt/s 0.00 MB/s
DOCA Authenticated ESP RSS pipe: 0.00 pkt/s 0.00 MB/s
DOCA Authenticated ESP RSS pipe: 0.00 pkt/s 0.00 MB/s
DOCA Authenticated ESP RSS pipe: 0.00 pkt/s 0.00 MB/s
DOCA Drop pipe: 0.00 pkt/s 0.00 MB/s
DOCA Drop pipe: 0.00 pkt/s 0.00 MB/s

=== monitoring snapshot ===
Worker statistics:
  lcore=2 queue=0 rate=0.00 pkt/s 0.00 MB/s
  lcore=3 queue=1 rate=0.00 pkt/s 0.00 MB/s
  lcore=4 queue=2 rate=0.00 pkt/s 0.00 MB/s
  lcore=5 queue=3 rate=0.00 pkt/s 0.00 MB/s

Port 0 statistics:
  RX rate: 0.00 pkt/s 0.00 MB/s (missed=4731 errors=0 no_mbuf=0)
  RX queue  0: rate=0.00 pkt/s 0.00 MB/s (errors=0)
  RX queue  1: rate=0.00 pkt/s 0.00 MB/s (errors=0)
  RX queue  2: rate=0.00 pkt/s 0.00 MB/s (errors=0)
  RX queue  3: rate=0.00 pkt/s 0.00 MB/s (errors=0)

Port 1 statistics:
  RX rate: 0.00 pkt/s 0.00 MB/s (missed=4613 errors=0 no_mbuf=0)
  RX queue  0: rate=0.00 pkt/s 0.00 MB/s (errors=0)
  RX queue  1: rate=0.00 pkt/s 0.00 MB/s (errors=0)
  RX queue  2: rate=0.00 pkt/s 0.00 MB/s (errors=0)
  RX queue  3: rate=0.00 pkt/s 0.00 MB/s (errors=0)
DOCA software EGRESS host=2 packets=245510341 bytes=357463056496
DOCA software EGRESS host=3 packets=244589627 bytes=356122496912
DOCA ARP port=0 to_host=0 to_uplink=0
DOCA ARP port=1 to_host=0 to_uplink=0
DOCA Monitor output pipe: 0.00 pkt/s 0.00 MB/s
DOCA Monitor output pipe: 0.00 pkt/s 0.00 MB/s
DOCA To-Host pipe: 0.00 pkt/s 0.00 MB/s
DOCA To-Host pipe: 0.00 pkt/s 0.00 MB/s
DOCA Host decrypt pipe: 0.00 pkt/s 0.00 MB/s
DOCA Host decrypt pipe: 0.00 pkt/s 0.00 MB/s
DOCA Host decrypt pipe: 0.00 pkt/s 0.00 MB/s
DOCA Host decrypt pipe: 0.00 pkt/s 0.00 MB/s
DOCA Host decrypt pipe: 0.00 pkt/s 0.00 MB/s
DOCA Host decrypt pipe: 0.00 pkt/s 0.00 MB/s
DOCA Host decrypt pipe: 0.00 pkt/s 0.00 MB/s
DOCA Host decrypt pipe: 0.00 pkt/s 0.00 MB/s
DOCA Host decrypt pipe: 0.00 pkt/s 0.00 MB/s
DOCA Host decrypt pipe: 0.00 pkt/s 0.00 MB/s
DOCA Host decrypt pipe: 0.00 pkt/s 0.00 MB/s
DOCA Host decrypt pipe: 0.00 pkt/s 0.00 MB/s
DOCA Host decrypt pipe: 0.00 pkt/s 0.00 MB/s
DOCA Host decrypt pipe: 0.00 pkt/s 0.00 MB/s
DOCA Host decrypt pipe: 0.00 pkt/s 0.00 MB/s
DOCA Host decrypt pipe: 0.00 pkt/s 0.00 MB/s
DOCA Authenticated ESP RSS pipe: 0.00 pkt/s 0.00 MB/s
DOCA Authenticated ESP RSS pipe: 0.00 pkt/s 0.00 MB/s
DOCA Authenticated ESP RSS pipe: 0.00 pkt/s 0.00 MB/s
DOCA Authenticated ESP RSS pipe: 0.00 pkt/s 0.00 MB/s
DOCA Authenticated ESP RSS pipe: 0.00 pkt/s 0.00 MB/s
DOCA Authenticated ESP RSS pipe: 0.00 pkt/s 0.00 MB/s
DOCA Authenticated ESP RSS pipe: 0.00 pkt/s 0.00 MB/s
DOCA Authenticated ESP RSS pipe: 0.00 pkt/s 0.00 MB/s
DOCA Drop pipe: 0.00 pkt/s 0.00 MB/s
DOCA Drop pipe: 0.00 pkt/s 0.00 MB/s

=== monitoring snapshot ===
Worker statistics:
  lcore=2 queue=0 rate=0.00 pkt/s 0.00 MB/s
  lcore=3 queue=1 rate=0.00 pkt/s 0.00 MB/s
  lcore=4 queue=2 rate=0.00 pkt/s 0.00 MB/s
  lcore=5 queue=3 rate=0.00 pkt/s 0.00 MB/s

Port 0 statistics:
  RX rate: 0.00 pkt/s 0.00 MB/s (missed=4731 errors=0 no_mbuf=0)
  RX queue  0: rate=0.00 pkt/s 0.00 MB/s (errors=0)
  RX queue  1: rate=0.00 pkt/s 0.00 MB/s (errors=0)
  RX queue  2: rate=0.00 pkt/s 0.00 MB/s (errors=0)
  RX queue  3: rate=0.00 pkt/s 0.00 MB/s (errors=0)

Port 1 statistics:
  RX rate: 0.00 pkt/s 0.00 MB/s (missed=4613 errors=0 no_mbuf=0)
  RX queue  0: rate=0.00 pkt/s 0.00 MB/s (errors=0)
  RX queue  1: rate=0.00 pkt/s 0.00 MB/s (errors=0)
  RX queue  2: rate=0.00 pkt/s 0.00 MB/s (errors=0)
  RX queue  3: rate=0.00 pkt/s 0.00 MB/s (errors=0)
DOCA software EGRESS host=2 packets=245510341 bytes=357463056496
DOCA software EGRESS host=3 packets=244589627 bytes=356122496912
DOCA ARP port=0 to_host=0 to_uplink=0
DOCA ARP port=1 to_host=0 to_uplink=0
DOCA Monitor output pipe: 0.00 pkt/s 0.00 MB/s
DOCA Monitor output pipe: 0.00 pkt/s 0.00 MB/s
DOCA To-Host pipe: 0.00 pkt/s 0.00 MB/s
DOCA To-Host pipe: 0.00 pkt/s 0.00 MB/s
DOCA Host decrypt pipe: 0.00 pkt/s 0.00 MB/s
DOCA Host decrypt pipe: 0.00 pkt/s 0.00 MB/s
DOCA Host decrypt pipe: 0.00 pkt/s 0.00 MB/s
DOCA Host decrypt pipe: 0.00 pkt/s 0.00 MB/s
DOCA Host decrypt pipe: 0.00 pkt/s 0.00 MB/s
DOCA Host decrypt pipe: 0.00 pkt/s 0.00 MB/s
DOCA Host decrypt pipe: 0.00 pkt/s 0.00 MB/s
DOCA Host decrypt pipe: 0.00 pkt/s 0.00 MB/s
DOCA Host decrypt pipe: 0.00 pkt/s 0.00 MB/s
DOCA Host decrypt pipe: 0.00 pkt/s 0.00 MB/s
DOCA Host decrypt pipe: 0.00 pkt/s 0.00 MB/s
DOCA Host decrypt pipe: 0.00 pkt/s 0.00 MB/s
DOCA Host decrypt pipe: 0.00 pkt/s 0.00 MB/s
DOCA Host decrypt pipe: 0.00 pkt/s 0.00 MB/s
DOCA Host decrypt pipe: 0.00 pkt/s 0.00 MB/s
DOCA Host decrypt pipe: 0.00 pkt/s 0.00 MB/s
DOCA Authenticated ESP RSS pipe: 0.00 pkt/s 0.00 MB/s
DOCA Authenticated ESP RSS pipe: 0.00 pkt/s 0.00 MB/s
DOCA Authenticated ESP RSS pipe: 0.00 pkt/s 0.00 MB/s
DOCA Authenticated ESP RSS pipe: 0.00 pkt/s 0.00 MB/s
DOCA Authenticated ESP RSS pipe: 0.00 pkt/s 0.00 MB/s
DOCA Authenticated ESP RSS pipe: 0.00 pkt/s 0.00 MB/s
DOCA Authenticated ESP RSS pipe: 0.00 pkt/s 0.00 MB/s
DOCA Authenticated ESP RSS pipe: 0.00 pkt/s 0.00 MB/s
DOCA Drop pipe: 0.00 pkt/s 0.00 MB/s
DOCA Drop pipe: 0.00 pkt/s 0.00 MB/s

=== monitoring snapshot ===
Worker statistics:
  lcore=2 queue=0 rate=0.00 pkt/s 0.00 MB/s
  lcore=3 queue=1 rate=0.00 pkt/s 0.00 MB/s
  lcore=4 queue=2 rate=0.00 pkt/s 0.00 MB/s
  lcore=5 queue=3 rate=0.00 pkt/s 0.00 MB/s

Port 0 statistics:
  RX rate: 0.00 pkt/s 0.00 MB/s (missed=4731 errors=0 no_mbuf=0)
  RX queue  0: rate=0.00 pkt/s 0.00 MB/s (errors=0)
  RX queue  1: rate=0.00 pkt/s 0.00 MB/s (errors=0)
  RX queue  2: rate=0.00 pkt/s 0.00 MB/s (errors=0)
  RX queue  3: rate=0.00 pkt/s 0.00 MB/s (errors=0)

Port 1 statistics:
  RX rate: 0.00 pkt/s 0.00 MB/s (missed=4613 errors=0 no_mbuf=0)
  RX queue  0: rate=0.00 pkt/s 0.00 MB/s (errors=0)
  RX queue  1: rate=0.00 pkt/s 0.00 MB/s (errors=0)
  RX queue  2: rate=0.00 pkt/s 0.00 MB/s (errors=0)
  RX queue  3: rate=0.00 pkt/s 0.00 MB/s (errors=0)
DOCA software EGRESS host=2 packets=245510341 bytes=357463056496
DOCA software EGRESS host=3 packets=244589627 bytes=356122496912
DOCA ARP port=0 to_host=0 to_uplink=0
DOCA ARP port=1 to_host=0 to_uplink=0
DOCA Monitor output pipe: 0.00 pkt/s 0.00 MB/s
DOCA Monitor output pipe: 0.00 pkt/s 0.00 MB/s
DOCA To-Host pipe: 0.00 pkt/s 0.00 MB/s
DOCA To-Host pipe: 0.00 pkt/s 0.00 MB/s
DOCA Host decrypt pipe: 0.00 pkt/s 0.00 MB/s
DOCA Host decrypt pipe: 0.00 pkt/s 0.00 MB/s
DOCA Host decrypt pipe: 0.00 pkt/s 0.00 MB/s
DOCA Host decrypt pipe: 0.00 pkt/s 0.00 MB/s
DOCA Host decrypt pipe: 0.00 pkt/s 0.00 MB/s
DOCA Host decrypt pipe: 0.00 pkt/s 0.00 MB/s
DOCA Host decrypt pipe: 0.00 pkt/s 0.00 MB/s
DOCA Host decrypt pipe: 0.00 pkt/s 0.00 MB/s
DOCA Host decrypt pipe: 0.00 pkt/s 0.00 MB/s
DOCA Host decrypt pipe: 0.00 pkt/s 0.00 MB/s
DOCA Host decrypt pipe: 0.00 pkt/s 0.00 MB/s
DOCA Host decrypt pipe: 0.00 pkt/s 0.00 MB/s
DOCA Host decrypt pipe: 0.00 pkt/s 0.00 MB/s
DOCA Host decrypt pipe: 0.00 pkt/s 0.00 MB/s
DOCA Host decrypt pipe: 0.00 pkt/s 0.00 MB/s
DOCA Host decrypt pipe: 0.00 pkt/s 0.00 MB/s
DOCA Authenticated ESP RSS pipe: 0.00 pkt/s 0.00 MB/s
DOCA Authenticated ESP RSS pipe: 0.00 pkt/s 0.00 MB/s
DOCA Authenticated ESP RSS pipe: 0.00 pkt/s 0.00 MB/s
DOCA Authenticated ESP RSS pipe: 0.00 pkt/s 0.00 MB/s
DOCA Authenticated ESP RSS pipe: 0.00 pkt/s 0.00 MB/s
DOCA Authenticated ESP RSS pipe: 0.00 pkt/s 0.00 MB/s
DOCA Authenticated ESP RSS pipe: 0.00 pkt/s 0.00 MB/s
DOCA Authenticated ESP RSS pipe: 0.00 pkt/s 0.00 MB/s
DOCA Drop pipe: 0.00 pkt/s 0.00 MB/s
DOCA Drop pipe: 0.00 pkt/s 0.00 MB/s

=== monitoring snapshot ===
Worker statistics:
  lcore=2 queue=0 rate=0.00 pkt/s 0.00 MB/s
  lcore=3 queue=1 rate=0.00 pkt/s 0.00 MB/s
  lcore=4 queue=2 rate=0.00 pkt/s 0.00 MB/s
  lcore=5 queue=3 rate=0.00 pkt/s 0.00 MB/s

Port 0 statistics:
  RX rate: 0.00 pkt/s 0.00 MB/s (missed=4731 errors=0 no_mbuf=0)
  RX queue  0: rate=0.00 pkt/s 0.00 MB/s (errors=0)
  RX queue  1: rate=0.00 pkt/s 0.00 MB/s (errors=0)
  RX queue  2: rate=0.00 pkt/s 0.00 MB/s (errors=0)
  RX queue  3: rate=0.00 pkt/s 0.00 MB/s (errors=0)

Port 1 statistics:
  RX rate: 0.00 pkt/s 0.00 MB/s (missed=4613 errors=0 no_mbuf=0)
  RX queue  0: rate=0.00 pkt/s 0.00 MB/s (errors=0)
  RX queue  1: rate=0.00 pkt/s 0.00 MB/s (errors=0)
  RX queue  2: rate=0.00 pkt/s 0.00 MB/s (errors=0)
  RX queue  3: rate=0.00 pkt/s 0.00 MB/s (errors=0)
DOCA software EGRESS host=2 packets=245510341 bytes=357463056496
DOCA software EGRESS host=3 packets=244589627 bytes=356122496912
DOCA ARP port=0 to_host=0 to_uplink=0
DOCA ARP port=1 to_host=0 to_uplink=0
DOCA Monitor output pipe: 0.00 pkt/s 0.00 MB/s
DOCA Monitor output pipe: 0.00 pkt/s 0.00 MB/s
DOCA To-Host pipe: 0.00 pkt/s 0.00 MB/s
DOCA To-Host pipe: 0.00 pkt/s 0.00 MB/s
DOCA Host decrypt pipe: 0.00 pkt/s 0.00 MB/s
DOCA Host decrypt pipe: 0.00 pkt/s 0.00 MB/s
DOCA Host decrypt pipe: 0.00 pkt/s 0.00 MB/s
DOCA Host decrypt pipe: 0.00 pkt/s 0.00 MB/s
DOCA Host decrypt pipe: 0.00 pkt/s 0.00 MB/s
DOCA Host decrypt pipe: 0.00 pkt/s 0.00 MB/s
DOCA Host decrypt pipe: 0.00 pkt/s 0.00 MB/s
DOCA Host decrypt pipe: 0.00 pkt/s 0.00 MB/s
DOCA Host decrypt pipe: 0.00 pkt/s 0.00 MB/s
DOCA Host decrypt pipe: 0.00 pkt/s 0.00 MB/s
DOCA Host decrypt pipe: 0.00 pkt/s 0.00 MB/s
DOCA Host decrypt pipe: 0.00 pkt/s 0.00 MB/s
DOCA Host decrypt pipe: 0.00 pkt/s 0.00 MB/s
DOCA Host decrypt pipe: 0.00 pkt/s 0.00 MB/s
DOCA Host decrypt pipe: 0.00 pkt/s 0.00 MB/s
DOCA Host decrypt pipe: 0.00 pkt/s 0.00 MB/s
DOCA Authenticated ESP RSS pipe: 0.00 pkt/s 0.00 MB/s
DOCA Authenticated ESP RSS pipe: 0.00 pkt/s 0.00 MB/s
DOCA Authenticated ESP RSS pipe: 0.00 pkt/s 0.00 MB/s
DOCA Authenticated ESP RSS pipe: 0.00 pkt/s 0.00 MB/s
DOCA Authenticated ESP RSS pipe: 0.00 pkt/s 0.00 MB/s
DOCA Authenticated ESP RSS pipe: 0.00 pkt/s 0.00 MB/s
DOCA Authenticated ESP RSS pipe: 0.00 pkt/s 0.00 MB/s
DOCA Authenticated ESP RSS pipe: 0.00 pkt/s 0.00 MB/s
DOCA Drop pipe: 0.00 pkt/s 0.00 MB/s
DOCA Drop pipe: 0.00 pkt/s 0.00 MB/s

=== monitoring snapshot ===
Worker statistics:
  lcore=2 queue=0 rate=0.00 pkt/s 0.00 MB/s
  lcore=3 queue=1 rate=0.00 pkt/s 0.00 MB/s
  lcore=4 queue=2 rate=0.00 pkt/s 0.00 MB/s
  lcore=5 queue=3 rate=0.00 pkt/s 0.00 MB/s

Port 0 statistics:
  RX rate: 0.00 pkt/s 0.00 MB/s (missed=4731 errors=0 no_mbuf=0)
  RX queue  0: rate=0.00 pkt/s 0.00 MB/s (errors=0)
  RX queue  1: rate=0.00 pkt/s 0.00 MB/s (errors=0)
  RX queue  2: rate=0.00 pkt/s 0.00 MB/s (errors=0)
  RX queue  3: rate=0.00 pkt/s 0.00 MB/s (errors=0)

Port 1 statistics:
  RX rate: 0.00 pkt/s 0.00 MB/s (missed=4613 errors=0 no_mbuf=0)
  RX queue  0: rate=0.00 pkt/s 0.00 MB/s (errors=0)
  RX queue  1: rate=0.00 pkt/s 0.00 MB/s (errors=0)
  RX queue  2: rate=0.00 pkt/s 0.00 MB/s (errors=0)
  RX queue  3: rate=0.00 pkt/s 0.00 MB/s (errors=0)
DOCA software EGRESS host=2 packets=245510341 bytes=357463056496
DOCA software EGRESS host=3 packets=244589627 bytes=356122496912
DOCA ARP port=0 to_host=0 to_uplink=0
DOCA ARP port=1 to_host=0 to_uplink=0
DOCA Monitor output pipe: 0.00 pkt/s 0.00 MB/s
DOCA Monitor output pipe: 0.00 pkt/s 0.00 MB/s
DOCA To-Host pipe: 0.00 pkt/s 0.00 MB/s
DOCA To-Host pipe: 0.00 pkt/s 0.00 MB/s
DOCA Host decrypt pipe: 0.00 pkt/s 0.00 MB/s
DOCA Host decrypt pipe: 0.00 pkt/s 0.00 MB/s
DOCA Host decrypt pipe: 0.00 pkt/s 0.00 MB/s
DOCA Host decrypt pipe: 0.00 pkt/s 0.00 MB/s
DOCA Host decrypt pipe: 0.00 pkt/s 0.00 MB/s
DOCA Host decrypt pipe: 0.00 pkt/s 0.00 MB/s
DOCA Host decrypt pipe: 0.00 pkt/s 0.00 MB/s
DOCA Host decrypt pipe: 0.00 pkt/s 0.00 MB/s
DOCA Host decrypt pipe: 0.00 pkt/s 0.00 MB/s
DOCA Host decrypt pipe: 0.00 pkt/s 0.00 MB/s
DOCA Host decrypt pipe: 0.00 pkt/s 0.00 MB/s
DOCA Host decrypt pipe: 0.00 pkt/s 0.00 MB/s
DOCA Host decrypt pipe: 0.00 pkt/s 0.00 MB/s
DOCA Host decrypt pipe: 0.00 pkt/s 0.00 MB/s
DOCA Host decrypt pipe: 0.00 pkt/s 0.00 MB/s
DOCA Host decrypt pipe: 0.00 pkt/s 0.00 MB/s
DOCA Authenticated ESP RSS pipe: 0.00 pkt/s 0.00 MB/s
DOCA Authenticated ESP RSS pipe: 0.00 pkt/s 0.00 MB/s
DOCA Authenticated ESP RSS pipe: 0.00 pkt/s 0.00 MB/s
DOCA Authenticated ESP RSS pipe: 0.00 pkt/s 0.00 MB/s
DOCA Authenticated ESP RSS pipe: 0.00 pkt/s 0.00 MB/s
DOCA Authenticated ESP RSS pipe: 0.00 pkt/s 0.00 MB/s
DOCA Authenticated ESP RSS pipe: 0.00 pkt/s 0.00 MB/s
DOCA Authenticated ESP RSS pipe: 0.00 pkt/s 0.00 MB/s
DOCA Drop pipe: 0.00 pkt/s 0.00 MB/s
DOCA Drop pipe: 0.00 pkt/s 0.00 MB/s

=== monitoring snapshot ===
Worker statistics:
  lcore=2 queue=0 rate=0.00 pkt/s 0.00 MB/s
  lcore=3 queue=1 rate=0.00 pkt/s 0.00 MB/s
  lcore=4 queue=2 rate=0.00 pkt/s 0.00 MB/s
  lcore=5 queue=3 rate=0.00 pkt/s 0.00 MB/s

Port 0 statistics:
  RX rate: 0.00 pkt/s 0.00 MB/s (missed=4731 errors=0 no_mbuf=0)
  RX queue  0: rate=0.00 pkt/s 0.00 MB/s (errors=0)
  RX queue  1: rate=0.00 pkt/s 0.00 MB/s (errors=0)
  RX queue  2: rate=0.00 pkt/s 0.00 MB/s (errors=0)
  RX queue  3: rate=0.00 pkt/s 0.00 MB/s (errors=0)

Port 1 statistics:
  RX rate: 0.00 pkt/s 0.00 MB/s (missed=4613 errors=0 no_mbuf=0)
  RX queue  0: rate=0.00 pkt/s 0.00 MB/s (errors=0)
  RX queue  1: rate=0.00 pkt/s 0.00 MB/s (errors=0)
  RX queue  2: rate=0.00 pkt/s 0.00 MB/s (errors=0)
  RX queue  3: rate=0.00 pkt/s 0.00 MB/s (errors=0)
DOCA software EGRESS host=2 packets=245510341 bytes=357463056496
DOCA software EGRESS host=3 packets=244589627 bytes=356122496912
DOCA ARP port=0 to_host=0 to_uplink=0
DOCA ARP port=1 to_host=0 to_uplink=0
DOCA Monitor output pipe: 0.00 pkt/s 0.00 MB/s
DOCA Monitor output pipe: 0.00 pkt/s 0.00 MB/s
DOCA To-Host pipe: 0.00 pkt/s 0.00 MB/s
DOCA To-Host pipe: 0.00 pkt/s 0.00 MB/s
DOCA Host decrypt pipe: 0.00 pkt/s 0.00 MB/s
DOCA Host decrypt pipe: 0.00 pkt/s 0.00 MB/s
DOCA Host decrypt pipe: 0.00 pkt/s 0.00 MB/s
DOCA Host decrypt pipe: 0.00 pkt/s 0.00 MB/s
DOCA Host decrypt pipe: 0.00 pkt/s 0.00 MB/s
DOCA Host decrypt pipe: 0.00 pkt/s 0.00 MB/s
DOCA Host decrypt pipe: 0.00 pkt/s 0.00 MB/s
DOCA Host decrypt pipe: 0.00 pkt/s 0.00 MB/s
DOCA Host decrypt pipe: 0.00 pkt/s 0.00 MB/s
DOCA Host decrypt pipe: 0.00 pkt/s 0.00 MB/s
DOCA Host decrypt pipe: 0.00 pkt/s 0.00 MB/s
DOCA Host decrypt pipe: 0.00 pkt/s 0.00 MB/s
DOCA Host decrypt pipe: 0.00 pkt/s 0.00 MB/s
DOCA Host decrypt pipe: 0.00 pkt/s 0.00 MB/s
DOCA Host decrypt pipe: 0.00 pkt/s 0.00 MB/s
DOCA Host decrypt pipe: 0.00 pkt/s 0.00 MB/s
DOCA Authenticated ESP RSS pipe: 0.00 pkt/s 0.00 MB/s
DOCA Authenticated ESP RSS pipe: 0.00 pkt/s 0.00 MB/s
DOCA Authenticated ESP RSS pipe: 0.00 pkt/s 0.00 MB/s
DOCA Authenticated ESP RSS pipe: 0.00 pkt/s 0.00 MB/s
DOCA Authenticated ESP RSS pipe: 0.00 pkt/s 0.00 MB/s
DOCA Authenticated ESP RSS pipe: 0.00 pkt/s 0.00 MB/s
DOCA Authenticated ESP RSS pipe: 0.00 pkt/s 0.00 MB/s
DOCA Authenticated ESP RSS pipe: 0.00 pkt/s 0.00 MB/s
DOCA Drop pipe: 0.00 pkt/s 0.00 MB/s
DOCA Drop pipe: 0.00 pkt/s 0.00 MB/s

=== monitoring snapshot ===
Worker statistics:
  lcore=2 queue=0 rate=0.00 pkt/s 0.00 MB/s
  lcore=3 queue=1 rate=0.00 pkt/s 0.00 MB/s
  lcore=4 queue=2 rate=0.00 pkt/s 0.00 MB/s
  lcore=5 queue=3 rate=0.00 pkt/s 0.00 MB/s

Port 0 statistics:
  RX rate: 0.00 pkt/s 0.00 MB/s (missed=4731 errors=0 no_mbuf=0)
  RX queue  0: rate=0.00 pkt/s 0.00 MB/s (errors=0)
  RX queue  1: rate=0.00 pkt/s 0.00 MB/s (errors=0)
  RX queue  2: rate=0.00 pkt/s 0.00 MB/s (errors=0)
  RX queue  3: rate=0.00 pkt/s 0.00 MB/s (errors=0)

Port 1 statistics:
  RX rate: 0.00 pkt/s 0.00 MB/s (missed=4613 errors=0 no_mbuf=0)
  RX queue  0: rate=0.00 pkt/s 0.00 MB/s (errors=0)
  RX queue  1: rate=0.00 pkt/s 0.00 MB/s (errors=0)
  RX queue  2: rate=0.00 pkt/s 0.00 MB/s (errors=0)
  RX queue  3: rate=0.00 pkt/s 0.00 MB/s (errors=0)
DOCA software EGRESS host=2 packets=245510341 bytes=357463056496
DOCA software EGRESS host=3 packets=244589627 bytes=356122496912
DOCA ARP port=0 to_host=0 to_uplink=0
DOCA ARP port=1 to_host=0 to_uplink=0
DOCA Monitor output pipe: 0.00 pkt/s 0.00 MB/s
DOCA Monitor output pipe: 0.00 pkt/s 0.00 MB/s
DOCA To-Host pipe: 0.00 pkt/s 0.00 MB/s
DOCA To-Host pipe: 0.00 pkt/s 0.00 MB/s
DOCA Host decrypt pipe: 0.00 pkt/s 0.00 MB/s
DOCA Host decrypt pipe: 0.00 pkt/s 0.00 MB/s
DOCA Host decrypt pipe: 0.00 pkt/s 0.00 MB/s
DOCA Host decrypt pipe: 0.00 pkt/s 0.00 MB/s
DOCA Host decrypt pipe: 0.00 pkt/s 0.00 MB/s
DOCA Host decrypt pipe: 0.00 pkt/s 0.00 MB/s
DOCA Host decrypt pipe: 0.00 pkt/s 0.00 MB/s
DOCA Host decrypt pipe: 0.00 pkt/s 0.00 MB/s
DOCA Host decrypt pipe: 0.00 pkt/s 0.00 MB/s
DOCA Host decrypt pipe: 0.00 pkt/s 0.00 MB/s
DOCA Host decrypt pipe: 0.00 pkt/s 0.00 MB/s
DOCA Host decrypt pipe: 0.00 pkt/s 0.00 MB/s
DOCA Host decrypt pipe: 0.00 pkt/s 0.00 MB/s
DOCA Host decrypt pipe: 0.00 pkt/s 0.00 MB/s
DOCA Host decrypt pipe: 0.00 pkt/s 0.00 MB/s
DOCA Host decrypt pipe: 0.00 pkt/s 0.00 MB/s
DOCA Authenticated ESP RSS pipe: 0.00 pkt/s 0.00 MB/s
DOCA Authenticated ESP RSS pipe: 0.00 pkt/s 0.00 MB/s
DOCA Authenticated ESP RSS pipe: 0.00 pkt/s 0.00 MB/s
DOCA Authenticated ESP RSS pipe: 0.00 pkt/s 0.00 MB/s
DOCA Authenticated ESP RSS pipe: 0.00 pkt/s 0.00 MB/s
DOCA Authenticated ESP RSS pipe: 0.00 pkt/s 0.00 MB/s
DOCA Authenticated ESP RSS pipe: 0.00 pkt/s 0.00 MB/s
DOCA Authenticated ESP RSS pipe: 0.00 pkt/s 0.00 MB/s
DOCA Drop pipe: 0.00 pkt/s 0.00 MB/s
DOCA Drop pipe: 0.00 pkt/s 0.00 MB/s

=== monitoring snapshot ===
Worker statistics:
  lcore=2 queue=0 rate=0.00 pkt/s 0.00 MB/s
  lcore=3 queue=1 rate=0.00 pkt/s 0.00 MB/s
  lcore=4 queue=2 rate=0.00 pkt/s 0.00 MB/s
  lcore=5 queue=3 rate=0.00 pkt/s 0.00 MB/s

Port 0 statistics:
  RX rate: 0.00 pkt/s 0.00 MB/s (missed=4731 errors=0 no_mbuf=0)
  RX queue  0: rate=0.00 pkt/s 0.00 MB/s (errors=0)
  RX queue  1: rate=0.00 pkt/s 0.00 MB/s (errors=0)
  RX queue  2: rate=0.00 pkt/s 0.00 MB/s (errors=0)
  RX queue  3: rate=0.00 pkt/s 0.00 MB/s (errors=0)

Port 1 statistics:
  RX rate: 0.00 pkt/s 0.00 MB/s (missed=4613 errors=0 no_mbuf=0)
  RX queue  0: rate=0.00 pkt/s 0.00 MB/s (errors=0)
  RX queue  1: rate=0.00 pkt/s 0.00 MB/s (errors=0)
  RX queue  2: rate=0.00 pkt/s 0.00 MB/s (errors=0)
  RX queue  3: rate=0.00 pkt/s 0.00 MB/s (errors=0)
DOCA software EGRESS host=2 packets=245510341 bytes=357463056496
DOCA software EGRESS host=3 packets=244589627 bytes=356122496912
DOCA ARP port=0 to_host=0 to_uplink=0
DOCA ARP port=1 to_host=0 to_uplink=0
DOCA Monitor output pipe: 0.00 pkt/s 0.00 MB/s
DOCA Monitor output pipe: 0.00 pkt/s 0.00 MB/s
DOCA To-Host pipe: 0.00 pkt/s 0.00 MB/s
DOCA To-Host pipe: 0.00 pkt/s 0.00 MB/s
DOCA Host decrypt pipe: 0.00 pkt/s 0.00 MB/s
DOCA Host decrypt pipe: 0.00 pkt/s 0.00 MB/s
DOCA Host decrypt pipe: 0.00 pkt/s 0.00 MB/s
DOCA Host decrypt pipe: 0.00 pkt/s 0.00 MB/s
DOCA Host decrypt pipe: 0.00 pkt/s 0.00 MB/s
DOCA Host decrypt pipe: 0.00 pkt/s 0.00 MB/s
DOCA Host decrypt pipe: 0.00 pkt/s 0.00 MB/s
DOCA Host decrypt pipe: 0.00 pkt/s 0.00 MB/s
DOCA Host decrypt pipe: 0.00 pkt/s 0.00 MB/s
DOCA Host decrypt pipe: 0.00 pkt/s 0.00 MB/s
DOCA Host decrypt pipe: 0.00 pkt/s 0.00 MB/s
DOCA Host decrypt pipe: 0.00 pkt/s 0.00 MB/s
DOCA Host decrypt pipe: 0.00 pkt/s 0.00 MB/s
DOCA Host decrypt pipe: 0.00 pkt/s 0.00 MB/s
DOCA Host decrypt pipe: 0.00 pkt/s 0.00 MB/s
DOCA Host decrypt pipe: 0.00 pkt/s 0.00 MB/s
DOCA Authenticated ESP RSS pipe: 0.00 pkt/s 0.00 MB/s
DOCA Authenticated ESP RSS pipe: 0.00 pkt/s 0.00 MB/s
DOCA Authenticated ESP RSS pipe: 0.00 pkt/s 0.00 MB/s
DOCA Authenticated ESP RSS pipe: 0.00 pkt/s 0.00 MB/s
DOCA Authenticated ESP RSS pipe: 0.00 pkt/s 0.00 MB/s
DOCA Authenticated ESP RSS pipe: 0.00 pkt/s 0.00 MB/s
DOCA Authenticated ESP RSS pipe: 0.00 pkt/s 0.00 MB/s
DOCA Authenticated ESP RSS pipe: 0.00 pkt/s 0.00 MB/s
DOCA Drop pipe: 0.00 pkt/s 0.00 MB/s
DOCA Drop pipe: 0.00 pkt/s 0.00 MB/s
[19:52:43:717758][318824224][DOCA][INF][monitoring_dpdk.cpp:181][monitoring_dpdk_worker_loop] RSS SA=2 queue=2 packets=30636482
[19:52:43:717797][318824224][DOCA][INF][monitoring_dpdk.cpp:181][monitoring_dpdk_worker_loop] RSS SA=6 queue=2 packets=30646014
[19:52:43:717801][318824224][DOCA][INF][monitoring_dpdk.cpp:181][monitoring_dpdk_worker_loop] RSS SA=10 queue=2 packets=30524893
[19:52:43:717804][318824224][DOCA][INF][monitoring_dpdk.cpp:181][monitoring_dpdk_worker_loop] RSS SA=14 queue=2 packets=30716275
[19:52:43:717758][327278368][DOCA][INF][monitoring_dpdk.cpp:181][monitoring_dpdk_worker_loop] RSS SA=1 queue=1 packets=30726592
[19:52:43:717825][327278368][DOCA][INF][monitoring_dpdk.cpp:181][monitoring_dpdk_worker_loop] RSS SA=5 queue=1 packets=30621309
[19:52:43:717828][327278368][DOCA][INF][monitoring_dpdk.cpp:181][monitoring_dpdk_worker_loop] RSS SA=9 queue=1 packets=30504131
[19:52:43:717830][327278368][DOCA][INF][monitoring_dpdk.cpp:181][monitoring_dpdk_worker_loop] RSS SA=13 queue=1 packets=30696238
[19:52:43:717835][327278368][DOCA][INF][monitoring_dpdk.cpp:182][monitoring_dpdk_worker_loop] linearized queue=1 packets=0
[19:52:43:717839][327278368][DOCA][INF][monitoring_dpdk.cpp:183][monitoring_dpdk_worker_loop] ESP totals queue=1 accepted=122548270 malformed=0 unauthenticated=0 replay=0 tx=122548270 tx_drop=0 tx_bytes=178430281120
[19:52:43:717758][335732512][DOCA][INF][monitoring_dpdk.cpp:181][monitoring_dpdk_worker_loop] RSS SA=0 queue=0 packets=30719744
[19:52:43:717856][335732512][DOCA][INF][monitoring_dpdk.cpp:181][monitoring_dpdk_worker_loop] RSS SA=4 queue=0 packets=30670144
[19:52:43:717860][335732512][DOCA][INF][monitoring_dpdk.cpp:181][monitoring_dpdk_worker_loop] RSS SA=8 queue=0 packets=30200896
[19:52:43:717806][318824224][DOCA][INF][monitoring_dpdk.cpp:182][monitoring_dpdk_worker_loop] linearized queue=2 packets=0
[19:52:43:717870][318824224][DOCA][INF][monitoring_dpdk.cpp:183][monitoring_dpdk_worker_loop] ESP totals queue=2 accepted=122523664 malformed=0 unauthenticated=0 replay=0 tx=122523664 tx_drop=0 tx_bytes=178394454784
[19:52:43:717758][310370080][DOCA][INF][monitoring_dpdk.cpp:181][monitoring_dpdk_worker_loop] RSS SA=3 queue=3 packets=30728374
[19:52:43:717885][310370080][DOCA][INF][monitoring_dpdk.cpp:181][monitoring_dpdk_worker_loop] RSS SA=7 queue=3 packets=30761682
[19:52:43:717896][310370080][DOCA][INF][monitoring_dpdk.cpp:181][monitoring_dpdk_worker_loop] RSS SA=11 queue=3 packets=30744562
[19:52:43:717899][310370080][DOCA][INF][monitoring_dpdk.cpp:181][monitoring_dpdk_worker_loop] RSS SA=15 queue=3 packets=30734024
[19:52:43:717902][310370080][DOCA][INF][monitoring_dpdk.cpp:182][monitoring_dpdk_worker_loop] linearized queue=3 packets=0
[19:52:43:717905][310370080][DOCA][INF][monitoring_dpdk.cpp:183][monitoring_dpdk_worker_loop] ESP totals queue=3 accepted=122968642 malformed=0 unauthenticated=0 replay=0 tx=122968642 tx_drop=0 tx_bytes=179042342752
[19:52:43:717863][335732512][DOCA][INF][monitoring_dpdk.cpp:181][monitoring_dpdk_worker_loop] RSS SA=12 queue=0 packets=30468608
[19:52:43:717919][335732512][DOCA][INF][monitoring_dpdk.cpp:182][monitoring_dpdk_worker_loop] linearized queue=0 packets=0
[19:52:43:717921][335732512][DOCA][INF][monitoring_dpdk.cpp:183][monitoring_dpdk_worker_loop] ESP totals queue=0 accepted=122059392 malformed=0 unauthenticated=0 replay=0 tx=122059392 tx_drop=0 tx_bytes=177718474752
[19:52:43:823164][425805152][DOCA][INF][monitoring_doca.cpp:274][~MonitoringDoca] DOCA port stopped (port=5)
[19:52:43:823471][425805152][DOCA][INF][monitoring_doca.cpp:274][~MonitoringDoca] DOCA port stopped (port=4)
[19:52:43:823741][425805152][DOCA][INF][monitoring_doca.cpp:274][~MonitoringDoca] DOCA port stopped (port=3)
[19:52:43:823993][425805152][DOCA][INF][monitoring_doca.cpp:274][~MonitoringDoca] DOCA port stopped (port=2)
[19:52:44:430798][425805152][DOCA][INF][monitoring_doca.cpp:274][~MonitoringDoca] DOCA port stopped (port=1)
[19:52:44:995284][425805152][DOCA][INF][monitoring_doca.cpp:274][~MonitoringDoca] DOCA port stopped (port=0)
[19:52:44:995688][425805152][DOCA][INF][monitoring_doca.cpp:278][~MonitoringDoca] DOCA flow destroyed
[19:52:44:995729][425805152][DOCA][INF][monitoring_dpdk.cpp:270][~MonitoringDpdk] DPDK shutdown
