EAL argv: monitoring_app -a 00:00.0 -l 1-5 
[07:15:23:586565][2186102112][DOCA][INF][doca_log.cpp:628] DOCA version 3.1.0105
EAL: Detected CPU lcores: 16
EAL: Detected NUMA nodes: 1
EAL: Detected shared linkage of DPDK
EAL: Multi-process socket /var/run/dpdk/rte/mp_socket
  inbound SAs per port: 8 (consecutive SPIs)
monitoring_app configuration:
  monitor_devices : 03:00.0,dv_flow_en=2, 03:00.1,dv_flow_en=2
  host_reps       : pf0hpf,dv_flow_en=2, pf1hpf,dv_flow_en=2
  tunnel_udp_port : 4789
  enable_host     : yes
  monitor_dest    : none
  enable_counters : yes
  enable_ipsec_encap : no
  ipsec_decap entries: 2
    [0] spi=0x00002001 salt=0x22334455 iv=0x1234567890abcdef
          src_mac=58:a2:e1:53:19:e6 dst_mac=58:a2:e1:53:19:d6
    [1] spi=0x00002002 salt=0x66778899 iv=0xfedcba0987654321
          src_mac=58:a2:e1:53:19:e7 dst_mac=58:a2:e1:53:19:d7
[07:15:23:625206][2186102112][DOCA][INF][device_manager.cpp:100][add_device] Probing monitor DOCA device with PCI address: 03:00.0
[07:15:23:749937][2186102112][DOCA][INF][device_manager.cpp:100][add_device] Probing monitor DOCA device with PCI address: 03:00.1
[07:15:23:933856][2186102112][DOCA][INF][monitoring_dpdk.cpp:38][monitoring_dpdk_log_devices] DPDK detected 2 available Ethernet ports
[07:15:23:933890][2186102112][DOCA][INF][monitoring_dpdk.cpp:52][monitoring_dpdk_log_devices]   port 0 (0000:03:00.0): driver=mlx5_pci mac=58:A2:E1:53:19:E6
[07:15:23:933895][2186102112][DOCA][INF][monitoring_dpdk.cpp:52][monitoring_dpdk_log_devices]   port 1 (0000:03:00.1): driver=mlx5_pci mac=58:A2:E1:53:19:E7
[07:15:23:933904][2186102112][DOCA][INF][monitoring_dpdk.cpp:251][MonitoringDpdk] DPDK initialized (ports=2, queues=4)
[07:15:23:933931][2186102112][DOCA][INF][monitoring_doca.cpp:191][MonitoringDoca] DOCA init: monitor_port=0,1 host_port=2,3

EAL: Selected IOVA mode 'VA'
TELEMETRY: No legacy callbacks, legacy socket not created
EAL: Probe PCI driver: mlx5_pci (15b3:a2dc) device: 0000:03:00.0 (socket -1)
EAL: Probe PCI driver: mlx5_pci (15b3:a2dc) device: 0000:03:00.1 (socket -1)
[07:15:23:933963][2186102112][DOCA][WRN][engine_model.c:88] adapting queue depth to 128.
[07:15:23:935785][2186102112][DOCA][INF][monitoring_doca.cpp:494][initialize_flow] DOCA flow initialized (queues=4)
[07:15:24:354684][2186102112][DOCA][INF][monitoring_doca.cpp:520][start_port] DOCA port started (port=0)
[07:15:24:776349][2186102112][DOCA][INF][monitoring_doca.cpp:520][start_port] DOCA port started (port=1)
[07:15:24:777033][2186102112][DOCA][INF][monitoring_doca.cpp:544][start_port_rep] DOCA port started (port=2)
[07:15:24:777620][2186102112][DOCA][INF][monitoring_doca.cpp:544][start_port_rep] DOCA port started (port=3)
[07:15:24:779607][2186102112][DOCA][INF][monitoring_doca.cpp:834][setup_ipsec_sa_decap] IPsec decap SA configured (id=5, port_pair=0)
[07:15:24:779725][2186102112][DOCA][INF][monitoring_doca.cpp:834][setup_ipsec_sa_decap] IPsec decap SA configured (id=6, port_pair=0)
[07:15:24:779830][2186102112][DOCA][INF][monitoring_doca.cpp:834][setup_ipsec_sa_decap] IPsec decap SA configured (id=7, port_pair=0)
[07:15:24:779934][2186102112][DOCA][INF][monitoring_doca.cpp:834][setup_ipsec_sa_decap] IPsec decap SA configured (id=8, port_pair=0)
[07:15:24:780038][2186102112][DOCA][INF][monitoring_doca.cpp:834][setup_ipsec_sa_decap] IPsec decap SA configured (id=9, port_pair=0)
[07:15:24:780141][2186102112][DOCA][INF][monitoring_doca.cpp:834][setup_ipsec_sa_decap] IPsec decap SA configured (id=10, port_pair=0)
[07:15:24:780245][2186102112][DOCA][INF][monitoring_doca.cpp:834][setup_ipsec_sa_decap] IPsec decap SA configured (id=11, port_pair=0)
[07:15:24:780348][2186102112][DOCA][INF][monitoring_doca.cpp:834][setup_ipsec_sa_decap] IPsec decap SA configured (id=12, port_pair=0)
[07:15:24:787874][2186102112][DOCA][INF][monitoring_doca.cpp:887][create_drop_pipe] pipeline drop pipe created
[07:15:24:795043][2186102112][DOCA][INF][monitoring_doca.cpp:944][create_to_host_pipe] pipeline to_host pipe created
[07:15:24:833221][2186102112][DOCA][INF][monitoring_doca.cpp:1135][create_host_decap_pipe] authenticated ESP to DPDK: port=1 worker pipes=4
[07:15:24:836946][2186102112][DOCA][INF][monitoring_doca.cpp:1043][create_host_decrypt_pipe] decrypt SPI base=0x00002001 flows=8 RSS queues=4
[07:15:24:859808][2186102112][DOCA][INF][monitoring_doca.cpp:570][create_control_pipe] pipeline control pipe created
[07:15:24:861495][2186102112][DOCA][INF][monitoring_doca.cpp:1202][install_default_drop] pipeline default drop entry installed
[07:15:24:864704][2186102112][DOCA][INF][monitoring_doca.cpp:1240][add_arp_rules] ARP passthrough uplink=0 host=2
[07:15:24:866274][2186102112][DOCA][INF][monitoring_doca.cpp:1286][add_monitor_rule] pipeline monitor rule installed (ESP protocol)
[07:15:24:868300][2186102112][DOCA][INF][monitoring_doca.cpp:834][setup_ipsec_sa_decap] IPsec decap SA configured (id=13, port_pair=1)
[07:15:24:868415][2186102112][DOCA][INF][monitoring_doca.cpp:834][setup_ipsec_sa_decap] IPsec decap SA configured (id=14, port_pair=1)
[07:15:24:868520][2186102112][DOCA][INF][monitoring_doca.cpp:834][setup_ipsec_sa_decap] IPsec decap SA configured (id=15, port_pair=1)
[07:15:24:868624][2186102112][DOCA][INF][monitoring_doca.cpp:834][setup_ipsec_sa_decap] IPsec decap SA configured (id=16, port_pair=1)
[07:15:24:868729][2186102112][DOCA][INF][monitoring_doca.cpp:834][setup_ipsec_sa_decap] IPsec decap SA configured (id=17, port_pair=1)
[07:15:24:868833][2186102112][DOCA][INF][monitoring_doca.cpp:834][setup_ipsec_sa_decap] IPsec decap SA configured (id=18, port_pair=1)
[07:15:24:868939][2186102112][DOCA][INF][monitoring_doca.cpp:834][setup_ipsec_sa_decap] IPsec decap SA configured (id=19, port_pair=1)
[07:15:24:869043][2186102112][DOCA][INF][monitoring_doca.cpp:834][setup_ipsec_sa_decap] IPsec decap SA configured (id=20, port_pair=1)
[07:15:24:876437][2186102112][DOCA][INF][monitoring_doca.cpp:887][create_drop_pipe] pipeline drop pipe created
[07:15:24:883651][2186102112][DOCA][INF][monitoring_doca.cpp:944][create_to_host_pipe] pipeline to_host pipe created
[07:15:24:922114][2186102112][DOCA][INF][monitoring_doca.cpp:1135][create_host_decap_pipe] authenticated ESP to DPDK: port=2 worker pipes=4
[07:15:24:925838][2186102112][DOCA][INF][monitoring_doca.cpp:1043][create_host_decrypt_pipe] decrypt SPI base=0x00002002 flows=8 RSS queues=4
[07:15:24:949437][2186102112][DOCA][INF][monitoring_doca.cpp:570][create_control_pipe] pipeline control pipe created
[07:15:24:951118][2186102112][DOCA][INF][monitoring_doca.cpp:1202][install_default_drop] pipeline default drop entry installed
[07:15:24:954298][2186102112][DOCA][INF][monitoring_doca.cpp:1240][add_arp_rules] ARP passthrough uplink=1 host=3
[07:15:24:955876][2186102112][DOCA][INF][monitoring_doca.cpp:1286][add_monitor_rule] pipeline monitor rule installed (ESP protocol)
[07:15:24:965476][2186102112][DOCA][INF][monitoring_doca.cpp:1175][create_software_egress_pipe] software egress root monitor=0 host=2 switch=0xb99fc93cc400
[07:15:24:975057][2186102112][DOCA][INF][monitoring_doca.cpp:1175][create_software_egress_pipe] software egress root monitor=1 host=3 switch=0xb99fc9f7df70
[07:15:24:975085][2186102112][DOCA][INF][monitoring_doca.cpp:1494][build_pipeline] pipeline build complete (ports=2, queues=4, host_branch=on, monitor_dest_type=1)
[07:15:24:975246][2186102112][DOCA][INF][monitoring_dpdk.cpp:321][start_workers] launched 4 DPDK workers
[07:15:24:975254][2186102112][DOCA][INF][monitoring_main.cpp:156][main] monitoring_app initialized

=== monitoring snapshot ===
Worker statistics:
  lcore=2 queue=0 rate=0.00 pkt/s 0.00 MB/s
  lcore=3 queue=1 rate=0.00 pkt/s 0.00 MB/s
  lcore=4 queue=2 rate=0.00 pkt/s 0.00 MB/s
  lcore=5 queue=3 rate=0.00 pkt/s 0.00 MB/s

Port 0 statistics:
  RX rate: 0.00 pkt/s 0.00 MB/s (missed=0 errors=0 no_mbuf=0)
  RX queue  0: rate=0.00 pkt/s 0.00 MB/s (errors=0)
  RX queue  1: rate=0.00 pkt/s 0.00 MB/s (errors=0)
  RX queue  2: rate=0.00 pkt/s 0.00 MB/s (errors=0)
  RX queue  3: rate=0.00 pkt/s 0.00 MB/s (errors=0)

Port 1 statistics:
  RX rate: 0.00 pkt/s 0.00 MB/s (missed=0 errors=0 no_mbuf=0)
  RX queue  0: rate=0.00 pkt/s 0.00 MB/s (errors=0)
  RX queue  1: rate=0.00 pkt/s 0.00 MB/s (errors=0)
  RX queue  2: rate=0.00 pkt/s 0.00 MB/s (errors=0)
  RX queue  3: rate=0.00 pkt/s 0.00 MB/s (errors=0)
DOCA software EGRESS host=2 packets=0 bytes=0
DOCA software EGRESS host=3 packets=0 bytes=0
DOCA ARP port=0 to_host=0 to_uplink=0
DOCA ARP port=1 to_host=0 to_uplink=0
DOCA To-Host pipe: 0.00 pkt/s 0.00 MB/s
DOCA To-Host pipe: 0.00 pkt/s 0.00 MB/s
DOCA Host decrypt pipe: 0.00 pkt/s 0.00 MB/s
DOCA Host decrypt pipe: 0.00 pkt/s 0.00 MB/s
DOCA Host decrypt pipe: 0.00 pkt/s 0.00 MB/s
DOCA Host decrypt pipe: 0.00 pkt/s 0.00 MB/s
DOCA Host decrypt pipe: 0.00 pkt/s 0.00 MB/s
DOCA Host decrypt pipe: 0.00 pkt/s 0.00 MB/s
DOCA Host decrypt pipe: 0.00 pkt/s 0.00 MB/s
DOCA Host decrypt pipe: 0.00 pkt/s 0.00 MB/s
DOCA Host decrypt pipe: 0.00 pkt/s 0.00 MB/s
DOCA Host decrypt pipe: 0.00 pkt/s 0.00 MB/s
DOCA Host decrypt pipe: 0.00 pkt/s 0.00 MB/s
DOCA Host decrypt pipe: 0.00 pkt/s 0.00 MB/s
DOCA Host decrypt pipe: 0.00 pkt/s 0.00 MB/s
DOCA Host decrypt pipe: 0.00 pkt/s 0.00 MB/s
DOCA Host decrypt pipe: 0.00 pkt/s 0.00 MB/s
DOCA Host decrypt pipe: 0.00 pkt/s 0.00 MB/s
DOCA Authenticated ESP RSS pipe: 0.00 pkt/s 0.00 MB/s
DOCA Authenticated ESP RSS pipe: 0.00 pkt/s 0.00 MB/s
DOCA Authenticated ESP RSS pipe: 0.00 pkt/s 0.00 MB/s
DOCA Authenticated ESP RSS pipe: 0.00 pkt/s 0.00 MB/s
DOCA Authenticated ESP RSS pipe: 0.00 pkt/s 0.00 MB/s
DOCA Authenticated ESP RSS pipe: 0.00 pkt/s 0.00 MB/s
DOCA Authenticated ESP RSS pipe: 0.00 pkt/s 0.00 MB/s
DOCA Authenticated ESP RSS pipe: 0.00 pkt/s 0.00 MB/s
DOCA Drop pipe: 0.00 pkt/s 0.00 MB/s
DOCA Drop pipe: 0.00 pkt/s 0.00 MB/s

=== monitoring snapshot ===
Worker statistics:
  lcore=2 queue=0 rate=0.00 pkt/s 0.00 MB/s
  lcore=3 queue=1 rate=0.00 pkt/s 0.00 MB/s
  lcore=4 queue=2 rate=0.00 pkt/s 0.00 MB/s
  lcore=5 queue=3 rate=0.00 pkt/s 0.00 MB/s

Port 0 statistics:
  RX rate: 0.00 pkt/s 0.00 MB/s (missed=0 errors=0 no_mbuf=0)
  RX queue  0: rate=0.00 pkt/s 0.00 MB/s (errors=0)
  RX queue  1: rate=0.00 pkt/s 0.00 MB/s (errors=0)
  RX queue  2: rate=0.00 pkt/s 0.00 MB/s (errors=0)
  RX queue  3: rate=0.00 pkt/s 0.00 MB/s (errors=0)

Port 1 statistics:
  RX rate: 0.00 pkt/s 0.00 MB/s (missed=0 errors=0 no_mbuf=0)
  RX queue  0: rate=0.00 pkt/s 0.00 MB/s (errors=0)
  RX queue  1: rate=0.00 pkt/s 0.00 MB/s (errors=0)
  RX queue  2: rate=0.00 pkt/s 0.00 MB/s (errors=0)
  RX queue  3: rate=0.00 pkt/s 0.00 MB/s (errors=0)
DOCA software EGRESS host=2 packets=0 bytes=0
DOCA software EGRESS host=3 packets=0 bytes=0
DOCA ARP port=0 to_host=0 to_uplink=0
DOCA ARP port=1 to_host=0 to_uplink=0
DOCA To-Host pipe: 0.00 pkt/s 0.00 MB/s
DOCA To-Host pipe: 0.00 pkt/s 0.00 MB/s
DOCA Host decrypt pipe: 0.00 pkt/s 0.00 MB/s
DOCA Host decrypt pipe: 0.00 pkt/s 0.00 MB/s
DOCA Host decrypt pipe: 0.00 pkt/s 0.00 MB/s
DOCA Host decrypt pipe: 0.00 pkt/s 0.00 MB/s
DOCA Host decrypt pipe: 0.00 pkt/s 0.00 MB/s
DOCA Host decrypt pipe: 0.00 pkt/s 0.00 MB/s
DOCA Host decrypt pipe: 0.00 pkt/s 0.00 MB/s
DOCA Host decrypt pipe: 0.00 pkt/s 0.00 MB/s
DOCA Host decrypt pipe: 0.00 pkt/s 0.00 MB/s
DOCA Host decrypt pipe: 0.00 pkt/s 0.00 MB/s
DOCA Host decrypt pipe: 0.00 pkt/s 0.00 MB/s
DOCA Host decrypt pipe: 0.00 pkt/s 0.00 MB/s
DOCA Host decrypt pipe: 0.00 pkt/s 0.00 MB/s
DOCA Host decrypt pipe: 0.00 pkt/s 0.00 MB/s
DOCA Host decrypt pipe: 0.00 pkt/s 0.00 MB/s
DOCA Host decrypt pipe: 0.00 pkt/s 0.00 MB/s
DOCA Authenticated ESP RSS pipe: 0.00 pkt/s 0.00 MB/s
DOCA Authenticated ESP RSS pipe: 0.00 pkt/s 0.00 MB/s
DOCA Authenticated ESP RSS pipe: 0.00 pkt/s 0.00 MB/s
DOCA Authenticated ESP RSS pipe: 0.00 pkt/s 0.00 MB/s
DOCA Authenticated ESP RSS pipe: 0.00 pkt/s 0.00 MB/s
DOCA Authenticated ESP RSS pipe: 0.00 pkt/s 0.00 MB/s
DOCA Authenticated ESP RSS pipe: 0.00 pkt/s 0.00 MB/s
DOCA Authenticated ESP RSS pipe: 0.00 pkt/s 0.00 MB/s
DOCA Drop pipe: 0.00 pkt/s 0.00 MB/s
DOCA Drop pipe: 0.00 pkt/s 0.00 MB/s

=== monitoring snapshot ===
Worker statistics:
  lcore=2 queue=0 rate=0.00 pkt/s 0.00 MB/s
  lcore=3 queue=1 rate=0.00 pkt/s 0.00 MB/s
  lcore=4 queue=2 rate=0.00 pkt/s 0.00 MB/s
  lcore=5 queue=3 rate=0.00 pkt/s 0.00 MB/s

Port 0 statistics:
  RX rate: 0.00 pkt/s 0.00 MB/s (missed=0 errors=0 no_mbuf=0)
  RX queue  0: rate=0.00 pkt/s 0.00 MB/s (errors=0)
  RX queue  1: rate=0.00 pkt/s 0.00 MB/s (errors=0)
  RX queue  2: rate=0.00 pkt/s 0.00 MB/s (errors=0)
  RX queue  3: rate=0.00 pkt/s 0.00 MB/s (errors=0)

Port 1 statistics:
  RX rate: 0.00 pkt/s 0.00 MB/s (missed=0 errors=0 no_mbuf=0)
  RX queue  0: rate=0.00 pkt/s 0.00 MB/s (errors=0)
  RX queue  1: rate=0.00 pkt/s 0.00 MB/s (errors=0)
  RX queue  2: rate=0.00 pkt/s 0.00 MB/s (errors=0)
  RX queue  3: rate=0.00 pkt/s 0.00 MB/s (errors=0)
DOCA software EGRESS host=2 packets=0 bytes=0
DOCA software EGRESS host=3 packets=0 bytes=0
DOCA ARP port=0 to_host=0 to_uplink=0
DOCA ARP port=1 to_host=0 to_uplink=0
DOCA To-Host pipe: 0.00 pkt/s 0.00 MB/s
DOCA To-Host pipe: 0.00 pkt/s 0.00 MB/s
DOCA Host decrypt pipe: 0.00 pkt/s 0.00 MB/s
DOCA Host decrypt pipe: 0.00 pkt/s 0.00 MB/s
DOCA Host decrypt pipe: 0.00 pkt/s 0.00 MB/s
DOCA Host decrypt pipe: 0.00 pkt/s 0.00 MB/s
DOCA Host decrypt pipe: 0.00 pkt/s 0.00 MB/s
DOCA Host decrypt pipe: 0.00 pkt/s 0.00 MB/s
DOCA Host decrypt pipe: 0.00 pkt/s 0.00 MB/s
DOCA Host decrypt pipe: 0.00 pkt/s 0.00 MB/s
DOCA Host decrypt pipe: 0.00 pkt/s 0.00 MB/s
DOCA Host decrypt pipe: 0.00 pkt/s 0.00 MB/s
DOCA Host decrypt pipe: 0.00 pkt/s 0.00 MB/s
DOCA Host decrypt pipe: 0.00 pkt/s 0.00 MB/s
DOCA Host decrypt pipe: 0.00 pkt/s 0.00 MB/s
DOCA Host decrypt pipe: 0.00 pkt/s 0.00 MB/s
DOCA Host decrypt pipe: 0.00 pkt/s 0.00 MB/s
DOCA Host decrypt pipe: 0.00 pkt/s 0.00 MB/s
DOCA Authenticated ESP RSS pipe: 0.00 pkt/s 0.00 MB/s
DOCA Authenticated ESP RSS pipe: 0.00 pkt/s 0.00 MB/s
DOCA Authenticated ESP RSS pipe: 0.00 pkt/s 0.00 MB/s
DOCA Authenticated ESP RSS pipe: 0.00 pkt/s 0.00 MB/s
DOCA Authenticated ESP RSS pipe: 0.00 pkt/s 0.00 MB/s
DOCA Authenticated ESP RSS pipe: 0.00 pkt/s 0.00 MB/s
DOCA Authenticated ESP RSS pipe: 0.00 pkt/s 0.00 MB/s
DOCA Authenticated ESP RSS pipe: 0.00 pkt/s 0.00 MB/s
DOCA Drop pipe: 0.00 pkt/s 0.00 MB/s
DOCA Drop pipe: 0.00 pkt/s 0.00 MB/s

=== monitoring snapshot ===
Worker statistics:
  lcore=2 queue=0 rate=0.00 pkt/s 0.00 MB/s
  lcore=3 queue=1 rate=0.00 pkt/s 0.00 MB/s
  lcore=4 queue=2 rate=0.00 pkt/s 0.00 MB/s
  lcore=5 queue=3 rate=0.00 pkt/s 0.00 MB/s

Port 0 statistics:
  RX rate: 0.00 pkt/s 0.00 MB/s (missed=0 errors=0 no_mbuf=0)
  RX queue  0: rate=0.00 pkt/s 0.00 MB/s (errors=0)
  RX queue  1: rate=0.00 pkt/s 0.00 MB/s (errors=0)
  RX queue  2: rate=0.00 pkt/s 0.00 MB/s (errors=0)
  RX queue  3: rate=0.00 pkt/s 0.00 MB/s (errors=0)

Port 1 statistics:
  RX rate: 0.00 pkt/s 0.00 MB/s (missed=0 errors=0 no_mbuf=0)
  RX queue  0: rate=0.00 pkt/s 0.00 MB/s (errors=0)
  RX queue  1: rate=0.00 pkt/s 0.00 MB/s (errors=0)
  RX queue  2: rate=0.00 pkt/s 0.00 MB/s (errors=0)
  RX queue  3: rate=0.00 pkt/s 0.00 MB/s (errors=0)
DOCA software EGRESS host=2 packets=0 bytes=0
DOCA software EGRESS host=3 packets=0 bytes=0
DOCA ARP port=0 to_host=0 to_uplink=0
DOCA ARP port=1 to_host=0 to_uplink=0
DOCA To-Host pipe: 0.00 pkt/s 0.00 MB/s
DOCA To-Host pipe: 0.00 pkt/s 0.00 MB/s
DOCA Host decrypt pipe: 0.00 pkt/s 0.00 MB/s
DOCA Host decrypt pipe: 0.00 pkt/s 0.00 MB/s
DOCA Host decrypt pipe: 0.00 pkt/s 0.00 MB/s
DOCA Host decrypt pipe: 0.00 pkt/s 0.00 MB/s
DOCA Host decrypt pipe: 0.00 pkt/s 0.00 MB/s
DOCA Host decrypt pipe: 0.00 pkt/s 0.00 MB/s
DOCA Host decrypt pipe: 0.00 pkt/s 0.00 MB/s
DOCA Host decrypt pipe: 0.00 pkt/s 0.00 MB/s
DOCA Host decrypt pipe: 0.00 pkt/s 0.00 MB/s
DOCA Host decrypt pipe: 0.00 pkt/s 0.00 MB/s
DOCA Host decrypt pipe: 0.00 pkt/s 0.00 MB/s
DOCA Host decrypt pipe: 0.00 pkt/s 0.00 MB/s
DOCA Host decrypt pipe: 0.00 pkt/s 0.00 MB/s
DOCA Host decrypt pipe: 0.00 pkt/s 0.00 MB/s
DOCA Host decrypt pipe: 0.00 pkt/s 0.00 MB/s
DOCA Host decrypt pipe: 0.00 pkt/s 0.00 MB/s
DOCA Authenticated ESP RSS pipe: 0.00 pkt/s 0.00 MB/s
DOCA Authenticated ESP RSS pipe: 0.00 pkt/s 0.00 MB/s
DOCA Authenticated ESP RSS pipe: 0.00 pkt/s 0.00 MB/s
DOCA Authenticated ESP RSS pipe: 0.00 pkt/s 0.00 MB/s
DOCA Authenticated ESP RSS pipe: 0.00 pkt/s 0.00 MB/s
DOCA Authenticated ESP RSS pipe: 0.00 pkt/s 0.00 MB/s
DOCA Authenticated ESP RSS pipe: 0.00 pkt/s 0.00 MB/s
DOCA Authenticated ESP RSS pipe: 0.00 pkt/s 0.00 MB/s
DOCA Drop pipe: 0.00 pkt/s 0.00 MB/s
DOCA Drop pipe: 0.00 pkt/s 0.00 MB/s

=== monitoring snapshot ===
Worker statistics:
  lcore=2 queue=0 rate=1564689.48 pkt/s 2253.23 MB/s
  lcore=3 queue=1 rate=1502831.27 pkt/s 2164.15 MB/s
  lcore=4 queue=2 rate=1527680.31 pkt/s 2199.93 MB/s
  lcore=5 queue=3 rate=1531262.58 pkt/s 2205.09 MB/s

Port 0 statistics:
  RX rate: 3037989.81 pkt/s 4374.62 MB/s (missed=0 errors=0 no_mbuf=0)
  RX queue  0: rate=782657.90 pkt/s 1126.83 MB/s (errors=0)
  RX queue  1: rate=752769.49 pkt/s 1084.02 MB/s (errors=0)
  RX queue  2: rate=750225.73 pkt/s 1080.36 MB/s (errors=0)
  RX queue  3: rate=752336.70 pkt/s 1083.40 MB/s (errors=0)

Port 1 statistics:
  RX rate: 3090266.44 pkt/s 4449.25 MB/s (missed=0 errors=0 no_mbuf=0)
  RX queue  0: rate=782519.33 pkt/s 1126.64 MB/s (errors=0)
  RX queue  1: rate=750518.51 pkt/s 1080.56 MB/s (errors=0)
  RX queue  2: rate=777879.67 pkt/s 1119.99 MB/s (errors=0)
  RX queue  3: rate=779348.93 pkt/s 1122.05 MB/s (errors=0)
DOCA software EGRESS host=2 packets=0 bytes=0
DOCA software EGRESS host=3 packets=0 bytes=0
DOCA ARP port=0 to_host=0 to_uplink=0
DOCA ARP port=1 to_host=0 to_uplink=0
DOCA To-Host pipe: 0.00 pkt/s 0.00 MB/s
DOCA To-Host pipe: 0.00 pkt/s 0.00 MB/s
DOCA Host decrypt pipe: 0.00 pkt/s 0.00 MB/s
DOCA Host decrypt pipe: 0.00 pkt/s 0.00 MB/s
DOCA Host decrypt pipe: 0.00 pkt/s 0.00 MB/s
DOCA Host decrypt pipe: 0.00 pkt/s 0.00 MB/s
DOCA Host decrypt pipe: 0.00 pkt/s 0.00 MB/s
DOCA Host decrypt pipe: 0.00 pkt/s 0.00 MB/s
DOCA Host decrypt pipe: 0.00 pkt/s 0.00 MB/s
DOCA Host decrypt pipe: 0.00 pkt/s 0.00 MB/s
DOCA Host decrypt pipe: 0.00 pkt/s 0.00 MB/s
DOCA Host decrypt pipe: 0.00 pkt/s 0.00 MB/s
DOCA Host decrypt pipe: 0.00 pkt/s 0.00 MB/s
DOCA Host decrypt pipe: 0.00 pkt/s 0.00 MB/s
DOCA Host decrypt pipe: 0.00 pkt/s 0.00 MB/s
DOCA Host decrypt pipe: 0.00 pkt/s 0.00 MB/s
DOCA Host decrypt pipe: 0.00 pkt/s 0.00 MB/s
DOCA Host decrypt pipe: 0.00 pkt/s 0.00 MB/s
DOCA Authenticated ESP RSS pipe: 0.00 pkt/s 0.00 MB/s
DOCA Authenticated ESP RSS pipe: 0.00 pkt/s 0.00 MB/s
DOCA Authenticated ESP RSS pipe: 0.00 pkt/s 0.00 MB/s
DOCA Authenticated ESP RSS pipe: 0.00 pkt/s 0.00 MB/s
DOCA Authenticated ESP RSS pipe: 0.00 pkt/s 0.00 MB/s
DOCA Authenticated ESP RSS pipe: 0.00 pkt/s 0.00 MB/s
DOCA Authenticated ESP RSS pipe: 0.00 pkt/s 0.00 MB/s
DOCA Authenticated ESP RSS pipe: 0.00 pkt/s 0.00 MB/s
DOCA Drop pipe: 0.00 pkt/s 0.00 MB/s
DOCA Drop pipe: 0.00 pkt/s 0.00 MB/s

=== monitoring snapshot ===
Worker statistics:
  lcore=2 queue=0 rate=4382755.45 pkt/s 6311.38 MB/s
  lcore=3 queue=1 rate=4368970.57 pkt/s 6291.53 MB/s
  lcore=4 queue=2 rate=4376719.57 pkt/s 6302.69 MB/s
  lcore=5 queue=3 rate=4377058.39 pkt/s 6303.18 MB/s

Port 0 statistics:
  RX rate: 8761961.45 pkt/s 12617.30 MB/s (missed=0 errors=0 no_mbuf=0)
  RX queue  0: rate=2191488.34 pkt/s 3155.50 MB/s (errors=0)
  RX queue  1: rate=2188909.70 pkt/s 3152.14 MB/s (errors=0)
  RX queue  2: rate=2191357.41 pkt/s 3155.66 MB/s (errors=0)
  RX queue  3: rate=2190206.01 pkt/s 3154.00 MB/s (errors=0)

Port 1 statistics:
  RX rate: 8743458.13 pkt/s 12588.83 MB/s (missed=0 errors=0 no_mbuf=0)
  RX queue  0: rate=2191231.18 pkt/s 3154.96 MB/s (errors=0)
  RX queue  1: rate=2180055.68 pkt/s 3138.71 MB/s (errors=0)
  RX queue  2: rate=2185381.11 pkt/s 3146.54 MB/s (errors=0)
  RX queue  3: rate=2186790.16 pkt/s 3148.62 MB/s (errors=0)
DOCA software EGRESS host=2 packets=3718625 bytes=5414318000
DOCA software EGRESS host=3 packets=7436771 bytes=10827938576
DOCA ARP port=0 to_host=0 to_uplink=0
DOCA ARP port=1 to_host=0 to_uplink=0
DOCA To-Host pipe: 0.00 pkt/s 0.00 MB/s
DOCA To-Host pipe: 0.00 pkt/s 0.00 MB/s
DOCA Host decrypt pipe: 492527.53 pkt/s 709.26 MB/s
DOCA Host decrypt pipe: 464386.76 pkt/s 668.74 MB/s
DOCA Host decrypt pipe: 463363.45 pkt/s 667.27 MB/s
DOCA Host decrypt pipe: 465985.66 pkt/s 671.04 MB/s
DOCA Host decrypt pipe: 459738.93 pkt/s 662.05 MB/s
DOCA Host decrypt pipe: 457863.21 pkt/s 659.35 MB/s
DOCA Host decrypt pipe: 456520.13 pkt/s 657.41 MB/s
DOCA Host decrypt pipe: 455880.57 pkt/s 656.49 MB/s
DOCA Host decrypt pipe: 953076.91 pkt/s 1372.48 MB/s
DOCA Host decrypt pipe: 919883.58 pkt/s 1324.68 MB/s
DOCA Host decrypt pipe: 952053.61 pkt/s 1371.00 MB/s
DOCA Host decrypt pipe: 950390.74 pkt/s 1368.61 MB/s
DOCA Host decrypt pipe: 917621.13 pkt/s 1321.42 MB/s
DOCA Host decrypt pipe: 913040.26 pkt/s 1314.82 MB/s
DOCA Host decrypt pipe: 910865.74 pkt/s 1311.69 MB/s
DOCA Host decrypt pipe: 914894.99 pkt/s 1317.49 MB/s
DOCA Authenticated ESP RSS pipe: 952260.47 pkt/s 1371.30 MB/s
DOCA Authenticated ESP RSS pipe: 922249.97 pkt/s 1328.08 MB/s
DOCA Authenticated ESP RSS pipe: 919883.58 pkt/s 1324.68 MB/s
DOCA Authenticated ESP RSS pipe: 921866.23 pkt/s 1327.53 MB/s
DOCA Authenticated ESP RSS pipe: 1870697.04 pkt/s 2693.89 MB/s
DOCA Authenticated ESP RSS pipe: 1832923.84 pkt/s 2639.50 MB/s
DOCA Authenticated ESP RSS pipe: 1862919.35 pkt/s 2682.69 MB/s
DOCA Authenticated ESP RSS pipe: 1865285.74 pkt/s 2686.10 MB/s
DOCA Drop pipe: 0.00 pkt/s 0.00 MB/s
DOCA Drop pipe: 0.00 pkt/s 0.00 MB/s

=== monitoring snapshot ===
Worker statistics:
  lcore=2 queue=0 rate=4383976.02 pkt/s 6313.14 MB/s
  lcore=3 queue=1 rate=4373233.52 pkt/s 6297.67 MB/s
  lcore=4 queue=2 rate=4372492.04 pkt/s 6296.60 MB/s
  lcore=5 queue=3 rate=4378229.03 pkt/s 6304.86 MB/s

Port 0 statistics:
  RX rate: 8764524.89 pkt/s 12620.95 MB/s (missed=0 errors=0 no_mbuf=0)
  RX queue  0: rate=2192591.96 pkt/s 3157.05 MB/s (errors=0)
  RX queue  1: rate=2189365.19 pkt/s 3152.79 MB/s (errors=0)
  RX queue  2: rate=2191443.76 pkt/s 3155.78 MB/s (errors=0)
  RX queue  3: rate=2191123.98 pkt/s 3155.32 MB/s (errors=0)

Port 1 statistics:
  RX rate: 8743372.91 pkt/s 12588.63 MB/s (missed=0 errors=0 no_mbuf=0)
  RX queue  0: rate=2191423.86 pkt/s 3155.24 MB/s (errors=0)
  RX queue  1: rate=2183815.86 pkt/s 3144.23 MB/s (errors=0)
  RX queue  2: rate=2180938.88 pkt/s 3140.01 MB/s (errors=0)
  RX queue  3: rate=2187194.31 pkt/s 3149.15 MB/s (errors=0)
DOCA software EGRESS host=2 packets=12481432 bytes=18172964992
DOCA software EGRESS host=3 packets=16183142 bytes=23562654752
DOCA ARP port=0 to_host=0 to_uplink=0
DOCA ARP port=1 to_host=0 to_uplink=0
DOCA To-Host pipe: 0.00 pkt/s 0.00 MB/s
DOCA To-Host pipe: 0.00 pkt/s 0.00 MB/s
DOCA Host decrypt pipe: 1094540.84 pkt/s 1576.19 MB/s
DOCA Host decrypt pipe: 1092815.14 pkt/s 1573.71 MB/s
DOCA Host decrypt pipe: 1094029.52 pkt/s 1575.46 MB/s
DOCA Host decrypt pipe: 1092879.05 pkt/s 1573.80 MB/s
DOCA Host decrypt pipe: 1094328.12 pkt/s 1575.89 MB/s
DOCA Host decrypt pipe: 1093390.37 pkt/s 1574.53 MB/s
DOCA Host decrypt pipe: 1094540.84 pkt/s 1576.19 MB/s
DOCA Host decrypt pipe: 1094604.75 pkt/s 1576.28 MB/s
DOCA Host decrypt pipe: 1095819.13 pkt/s 1578.03 MB/s
DOCA Host decrypt pipe: 1088405.02 pkt/s 1567.36 MB/s
DOCA Host decrypt pipe: 1091856.42 pkt/s 1572.33 MB/s
DOCA Host decrypt pipe: 1090578.12 pkt/s 1570.49 MB/s
DOCA Host decrypt pipe: 1093222.59 pkt/s 1574.29 MB/s
DOCA Host decrypt pipe: 1090897.69 pkt/s 1570.95 MB/s
DOCA Host decrypt pipe: 1089875.06 pkt/s 1569.47 MB/s
DOCA Host decrypt pipe: 1094031.52 pkt/s 1575.46 MB/s
DOCA Authenticated ESP RSS pipe: 2188874.95 pkt/s 3152.09 MB/s
DOCA Authenticated ESP RSS pipe: 2186203.51 pkt/s 3148.24 MB/s
DOCA Authenticated ESP RSS pipe: 2188570.36 pkt/s 3151.65 MB/s
DOCA Authenticated ESP RSS pipe: 2187483.80 pkt/s 3150.08 MB/s
DOCA Authenticated ESP RSS pipe: 2189042.73 pkt/s 3152.33 MB/s
DOCA Authenticated ESP RSS pipe: 2179302.71 pkt/s 3138.30 MB/s
DOCA Authenticated ESP RSS pipe: 2181731.47 pkt/s 3141.80 MB/s
DOCA Authenticated ESP RSS pipe: 2184607.64 pkt/s 3145.94 MB/s
DOCA Drop pipe: 0.00 pkt/s 0.00 MB/s
DOCA Drop pipe: 0.00 pkt/s 0.00 MB/s

=== monitoring snapshot ===
Worker statistics:
  lcore=2 queue=0 rate=4383351.12 pkt/s 6312.24 MB/s
  lcore=3 queue=1 rate=4372963.02 pkt/s 6297.28 MB/s
  lcore=4 queue=2 rate=4370281.61 pkt/s 6293.42 MB/s
  lcore=5 queue=3 rate=4377756.60 pkt/s 6304.18 MB/s

Port 0 statistics:
  RX rate: 8762685.50 pkt/s 12618.26 MB/s (missed=0 errors=0 no_mbuf=0)
  RX queue  0: rate=2192207.82 pkt/s 3156.46 MB/s (errors=0)
  RX queue  1: rate=2188756.43 pkt/s 3151.91 MB/s (errors=0)
  RX queue  2: rate=2190983.46 pkt/s 3155.12 MB/s (errors=0)
  RX queue  3: rate=2190737.79 pkt/s 3154.77 MB/s (errors=0)

Port 1 statistics:
  RX rate: 8741596.45 pkt/s 12586.19 MB/s (missed=0 errors=0 no_mbuf=0)
  RX queue  0: rate=2191132.57 pkt/s 3154.74 MB/s (errors=0)
  RX queue  1: rate=2184165.43 pkt/s 3144.75 MB/s (errors=0)
  RX queue  2: rate=2179374.53 pkt/s 3137.88 MB/s (errors=0)
  RX queue  3: rate=2186923.92 pkt/s 3148.82 MB/s (errors=0)
DOCA software EGRESS host=2 packets=21246706 bytes=30935203936
DOCA software EGRESS host=3 packets=24927326 bytes=36294186656
DOCA ARP port=0 to_host=0 to_uplink=0
DOCA ARP port=1 to_host=0 to_uplink=0
DOCA To-Host pipe: 0.00 pkt/s 0.00 MB/s
DOCA To-Host pipe: 0.00 pkt/s 0.00 MB/s
DOCA Host decrypt pipe: 1094837.45 pkt/s 1576.62 MB/s
DOCA Host decrypt pipe: 1093047.56 pkt/s 1574.04 MB/s
DOCA Host decrypt pipe: 1094223.17 pkt/s 1575.73 MB/s
DOCA Host decrypt pipe: 1093622.88 pkt/s 1574.87 MB/s
DOCA Host decrypt pipe: 1095348.85 pkt/s 1577.36 MB/s
DOCA Host decrypt pipe: 1093878.58 pkt/s 1575.24 MB/s
DOCA Host decrypt pipe: 1094837.45 pkt/s 1576.62 MB/s
DOCA Host decrypt pipe: 1095221.00 pkt/s 1577.17 MB/s
DOCA Host decrypt pipe: 1095604.55 pkt/s 1577.72 MB/s
DOCA Host decrypt pipe: 1091449.44 pkt/s 1571.74 MB/s
DOCA Host decrypt pipe: 1087358.27 pkt/s 1565.85 MB/s
DOCA Host decrypt pipe: 1090874.12 pkt/s 1570.91 MB/s
DOCA Host decrypt pipe: 1093622.88 pkt/s 1574.87 MB/s
DOCA Host decrypt pipe: 1091065.90 pkt/s 1571.19 MB/s
DOCA Host decrypt pipe: 1090043.10 pkt/s 1569.71 MB/s
DOCA Host decrypt pipe: 1094185.22 pkt/s 1575.68 MB/s
DOCA Authenticated ESP RSS pipe: 2190186.30 pkt/s 3153.97 MB/s
DOCA Authenticated ESP RSS pipe: 2186928.14 pkt/s 3149.28 MB/s
DOCA Authenticated ESP RSS pipe: 2189054.63 pkt/s 3152.34 MB/s
DOCA Authenticated ESP RSS pipe: 2188843.88 pkt/s 3152.04 MB/s
DOCA Authenticated ESP RSS pipe: 2189227.43 pkt/s 3152.59 MB/s
DOCA Authenticated ESP RSS pipe: 2182509.35 pkt/s 3142.92 MB/s
DOCA Authenticated ESP RSS pipe: 2177401.37 pkt/s 3135.56 MB/s
DOCA Authenticated ESP RSS pipe: 2185050.35 pkt/s 3146.58 MB/s
DOCA Drop pipe: 0.00 pkt/s 0.00 MB/s
DOCA Drop pipe: 0.00 pkt/s 0.00 MB/s

=== monitoring snapshot ===
Worker statistics:
  lcore=2 queue=0 rate=4381775.29 pkt/s 6309.97 MB/s
  lcore=3 queue=1 rate=4370746.31 pkt/s 6294.09 MB/s
  lcore=4 queue=2 rate=4369113.23 pkt/s 6291.73 MB/s
  lcore=5 queue=3 rate=4376467.55 pkt/s 6302.32 MB/s

Port 0 statistics:
  RX rate: 8760006.91 pkt/s 12614.33 MB/s (missed=0 errors=0 no_mbuf=0)
  RX queue  0: rate=2191549.64 pkt/s 3155.43 MB/s (errors=0)
  RX queue  1: rate=2187863.02 pkt/s 3150.63 MB/s (errors=0)
  RX queue  2: rate=2190493.89 pkt/s 3154.42 MB/s (errors=0)
  RX queue  3: rate=2190100.36 pkt/s 3153.85 MB/s (errors=0)

Port 1 statistics:
  RX rate: 8738215.47 pkt/s 12581.27 MB/s (missed=0 errors=0 no_mbuf=0)
  RX queue  0: rate=2190231.70 pkt/s 3153.54 MB/s (errors=0)
  RX queue  1: rate=2182935.38 pkt/s 3142.99 MB/s (errors=0)
  RX queue  2: rate=2178653.71 pkt/s 3136.83 MB/s (errors=0)
  RX queue  3: rate=2186394.69 pkt/s 3147.92 MB/s (errors=0)
DOCA software EGRESS host=2 packets=30010465 bytes=43695237040
DOCA software EGRESS host=3 packets=33670158 bytes=49023750048
DOCA ARP port=0 to_host=0 to_uplink=0
DOCA ARP port=1 to_host=0 to_uplink=0
DOCA To-Host pipe: 0.00 pkt/s 0.00 MB/s
DOCA To-Host pipe: 0.00 pkt/s 0.00 MB/s
DOCA Host decrypt pipe: 1095332.65 pkt/s 1577.33 MB/s
DOCA Host decrypt pipe: 1093342.86 pkt/s 1574.47 MB/s
DOCA Host decrypt pipe: 1094668.05 pkt/s 1576.37 MB/s
DOCA Host decrypt pipe: 1093925.51 pkt/s 1575.31 MB/s
DOCA Host decrypt pipe: 1095844.34 pkt/s 1578.07 MB/s
DOCA Host decrypt pipe: 1094373.23 pkt/s 1575.95 MB/s
DOCA Host decrypt pipe: 1095204.73 pkt/s 1577.15 MB/s
DOCA Host decrypt pipe: 1095652.45 pkt/s 1577.79 MB/s
DOCA Host decrypt pipe: 1096100.18 pkt/s 1578.44 MB/s
DOCA Host decrypt pipe: 1091686.87 pkt/s 1572.08 MB/s
DOCA Host decrypt pipe: 1087849.21 pkt/s 1566.56 MB/s
DOCA Host decrypt pipe: 1091431.02 pkt/s 1571.71 MB/s
DOCA Host decrypt pipe: 1093861.54 pkt/s 1575.21 MB/s
DOCA Host decrypt pipe: 1091367.06 pkt/s 1571.62 MB/s
DOCA Host decrypt pipe: 1090457.62 pkt/s 1570.31 MB/s
DOCA Host decrypt pipe: 1094512.15 pkt/s 1576.15 MB/s
DOCA Authenticated ESP RSS pipe: 2191176.98 pkt/s 3155.40 MB/s
DOCA Authenticated ESP RSS pipe: 2187714.09 pkt/s 3150.41 MB/s
DOCA Authenticated ESP RSS pipe: 2189878.77 pkt/s 3153.53 MB/s
DOCA Authenticated ESP RSS pipe: 2189577.96 pkt/s 3153.10 MB/s
DOCA Authenticated ESP RSS pipe: 2189961.72 pkt/s 3153.65 MB/s
DOCA Authenticated ESP RSS pipe: 2183059.93 pkt/s 3143.71 MB/s
DOCA Authenticated ESP RSS pipe: 2178302.83 pkt/s 3136.86 MB/s
DOCA Authenticated ESP RSS pipe: 2185954.17 pkt/s 3147.88 MB/s
DOCA Drop pipe: 0.00 pkt/s 0.00 MB/s
DOCA Drop pipe: 0.00 pkt/s 0.00 MB/s

=== monitoring snapshot ===
Worker statistics:
  lcore=2 queue=0 rate=4384034.80 pkt/s 6313.22 MB/s
  lcore=3 queue=1 rate=4370381.46 pkt/s 6293.56 MB/s
  lcore=4 queue=2 rate=4375788.03 pkt/s 6301.35 MB/s
  lcore=5 queue=3 rate=4376713.44 pkt/s 6302.68 MB/s

Port 0 statistics:
  RX rate: 8762039.60 pkt/s 12617.08 MB/s (missed=0 errors=0 no_mbuf=0)
  RX queue  0: rate=2192624.82 pkt/s 3156.81 MB/s (errors=0)
  RX queue  1: rate=2188318.53 pkt/s 3151.28 MB/s (errors=0)
  RX queue  2: rate=2191260.68 pkt/s 3155.52 MB/s (errors=0)
  RX queue  3: rate=2189835.58 pkt/s 3153.47 MB/s (errors=0)

Port 1 statistics:
  RX rate: 8744990.87 pkt/s 12591.00 MB/s (missed=0 errors=0 no_mbuf=0)
  RX queue  0: rate=2191458.95 pkt/s 3155.29 MB/s (errors=0)
  RX queue  1: rate=2182062.84 pkt/s 3141.67 MB/s (errors=0)
  RX queue  2: rate=2184487.32 pkt/s 3145.25 MB/s (errors=0)
  RX queue  3: rate=2186981.76 pkt/s 3148.80 MB/s (errors=0)
DOCA software EGRESS host=2 packets=38771394 bytes=56451149664
DOCA software EGRESS host=3 packets=42409762 bytes=61748613472
DOCA ARP port=0 to_host=0 to_uplink=0
DOCA ARP port=1 to_host=0 to_uplink=0
DOCA To-Host pipe: 0.00 pkt/s 0.00 MB/s
DOCA To-Host pipe: 0.00 pkt/s 0.00 MB/s
DOCA Host decrypt pipe: 1094753.66 pkt/s 1576.50 MB/s
DOCA Host decrypt pipe: 1092969.75 pkt/s 1573.93 MB/s
DOCA Host decrypt pipe: 1094305.94 pkt/s 1575.85 MB/s
DOCA Host decrypt pipe: 1093602.37 pkt/s 1574.84 MB/s
DOCA Host decrypt pipe: 1095713.07 pkt/s 1577.88 MB/s
DOCA Host decrypt pipe: 1093730.29 pkt/s 1575.02 MB/s
DOCA Host decrypt pipe: 1095073.47 pkt/s 1576.96 MB/s
DOCA Host decrypt pipe: 1095330.31 pkt/s 1577.33 MB/s
DOCA Host decrypt pipe: 1095585.15 pkt/s 1577.70 MB/s
DOCA Host decrypt pipe: 1090148.48 pkt/s 1569.87 MB/s
DOCA Host decrypt pipe: 1089189.07 pkt/s 1568.48 MB/s
DOCA Host decrypt pipe: 1090724.13 pkt/s 1570.70 MB/s
DOCA Host decrypt pipe: 1093474.44 pkt/s 1574.66 MB/s
DOCA Host decrypt pipe: 1090788.09 pkt/s 1570.79 MB/s
DOCA Host decrypt pipe: 1090034.55 pkt/s 1569.70 MB/s
DOCA Host decrypt pipe: 1094305.94 pkt/s 1575.85 MB/s
DOCA Authenticated ESP RSS pipe: 2190466.74 pkt/s 3154.38 MB/s
DOCA Authenticated ESP RSS pipe: 2186702.04 pkt/s 3148.96 MB/s
DOCA Authenticated ESP RSS pipe: 2189379.40 pkt/s 3152.81 MB/s
DOCA Authenticated ESP RSS pipe: 2188931.68 pkt/s 3152.17 MB/s
DOCA Authenticated ESP RSS pipe: 2189059.60 pkt/s 3152.35 MB/s
DOCA Authenticated ESP RSS pipe: 2180936.57 pkt/s 3140.65 MB/s
DOCA Authenticated ESP RSS pipe: 2179227.62 pkt/s 3138.19 MB/s
DOCA Authenticated ESP RSS pipe: 2185030.06 pkt/s 3146.55 MB/s
DOCA Drop pipe: 0.00 pkt/s 0.00 MB/s
DOCA Drop pipe: 0.00 pkt/s 0.00 MB/s

=== monitoring snapshot ===
Worker statistics:
  lcore=2 queue=0 rate=4384063.00 pkt/s 6313.26 MB/s
  lcore=3 queue=1 rate=4370722.91 pkt/s 6294.05 MB/s
  lcore=4 queue=2 rate=4377051.16 pkt/s 6303.16 MB/s
  lcore=5 queue=3 rate=4377248.04 pkt/s 6303.45 MB/s

Port 0 statistics:
  RX rate: 8762869.59 pkt/s 12618.57 MB/s (missed=0 errors=0 no_mbuf=0)
  RX queue  0: rate=2192624.02 pkt/s 3157.10 MB/s (errors=0)
  RX queue  1: rate=2189137.08 pkt/s 3152.46 MB/s (errors=0)
  RX queue  2: rate=2191216.85 pkt/s 3155.46 MB/s (errors=0)
  RX queue  3: rate=2189891.64 pkt/s 3153.55 MB/s (errors=0)

Port 1 statistics:
  RX rate: 8746051.15 pkt/s 12592.42 MB/s (missed=0 errors=0 no_mbuf=0)
  RX queue  0: rate=2191408.13 pkt/s 3155.15 MB/s (errors=0)
  RX queue  1: rate=2181618.94 pkt/s 3141.02 MB/s (errors=0)
  RX queue  2: rate=2185776.47 pkt/s 3147.08 MB/s (errors=0)
  RX queue  3: rate=2187247.60 pkt/s 3149.17 MB/s (errors=0)
DOCA software EGRESS host=2 packets=47534127 bytes=69209688912
DOCA software EGRESS host=3 packets=51156777 bytes=74484267312
DOCA ARP port=0 to_host=0 to_uplink=0
DOCA ARP port=1 to_host=0 to_uplink=0
DOCA To-Host pipe: 0.00 pkt/s 0.00 MB/s
DOCA To-Host pipe: 0.00 pkt/s 0.00 MB/s
DOCA Host decrypt pipe: 1095545.04 pkt/s 1577.64 MB/s
DOCA Host decrypt pipe: 1093306.37 pkt/s 1574.41 MB/s
DOCA Host decrypt pipe: 1094777.50 pkt/s 1576.53 MB/s
DOCA Host decrypt pipe: 1093434.29 pkt/s 1574.60 MB/s
DOCA Host decrypt pipe: 1095864.86 pkt/s 1578.10 MB/s
DOCA Host decrypt pipe: 1093945.99 pkt/s 1575.33 MB/s
DOCA Host decrypt pipe: 1095481.08 pkt/s 1577.55 MB/s
DOCA Host decrypt pipe: 1095288.20 pkt/s 1577.27 MB/s
DOCA Host decrypt pipe: 1096440.52 pkt/s 1578.93 MB/s
DOCA Host decrypt pipe: 1087869.58 pkt/s 1566.58 MB/s
DOCA Host decrypt pipe: 1094457.69 pkt/s 1576.07 MB/s
DOCA Host decrypt pipe: 1091259.58 pkt/s 1571.47 MB/s
DOCA Host decrypt pipe: 1094009.95 pkt/s 1575.43 MB/s
DOCA Host decrypt pipe: 1092538.82 pkt/s 1573.31 MB/s
DOCA Host decrypt pipe: 1090428.07 pkt/s 1570.27 MB/s
DOCA Host decrypt pipe: 1094841.46 pkt/s 1576.62 MB/s
DOCA Authenticated ESP RSS pipe: 2191409.90 pkt/s 3155.74 MB/s
DOCA Authenticated ESP RSS pipe: 2187252.36 pkt/s 3149.75 MB/s
DOCA Authenticated ESP RSS pipe: 2190258.58 pkt/s 3154.08 MB/s
DOCA Authenticated ESP RSS pipe: 2188723.49 pkt/s 3151.87 MB/s
DOCA Authenticated ESP RSS pipe: 2190450.47 pkt/s 3154.35 MB/s
DOCA Authenticated ESP RSS pipe: 2180408.40 pkt/s 3139.89 MB/s
DOCA Authenticated ESP RSS pipe: 2184885.75 pkt/s 3146.34 MB/s
DOCA Authenticated ESP RSS pipe: 2186101.04 pkt/s 3148.09 MB/s
DOCA Drop pipe: 0.00 pkt/s 0.00 MB/s
DOCA Drop pipe: 0.00 pkt/s 0.00 MB/s

=== monitoring snapshot ===
Worker statistics:
  lcore=2 queue=0 rate=4384103.89 pkt/s 6313.32 MB/s
  lcore=3 queue=1 rate=4370323.99 pkt/s 6293.48 MB/s
  lcore=4 queue=2 rate=4377013.06 pkt/s 6303.11 MB/s
  lcore=5 queue=3 rate=4377236.92 pkt/s 6303.43 MB/s

Port 0 statistics:
  RX rate: 8762762.36 pkt/s 12618.45 MB/s (missed=0 errors=0 no_mbuf=0)
  RX queue  0: rate=2192555.48 pkt/s 3157.03 MB/s (errors=0)
  RX queue  1: rate=2188939.63 pkt/s 3152.18 MB/s (errors=0)
  RX queue  2: rate=2191209.28 pkt/s 3155.45 MB/s (errors=0)
  RX queue  3: rate=2190057.97 pkt/s 3153.79 MB/s (errors=0)

Port 1 statistics:
  RX rate: 8745984.40 pkt/s 12592.30 MB/s (missed=0 errors=0 no_mbuf=0)
  RX queue  0: rate=2191562.77 pkt/s 3155.47 MB/s (errors=0)
  RX queue  1: rate=2181331.98 pkt/s 3140.57 MB/s (errors=0)
  RX queue  2: rate=2185937.19 pkt/s 3147.34 MB/s (errors=0)
  RX queue  3: rate=2187152.45 pkt/s 3148.93 MB/s (errors=0)
DOCA software EGRESS host=2 packets=56297741 bytes=81969510896
DOCA software EGRESS host=3 packets=59903372 bytes=87219309632
DOCA ARP port=0 to_host=0 to_uplink=0
DOCA ARP port=1 to_host=0 to_uplink=0
DOCA To-Host pipe: 0.00 pkt/s 0.00 MB/s
DOCA To-Host pipe: 0.00 pkt/s 0.00 MB/s
DOCA Host decrypt pipe: 1095524.31 pkt/s 1577.61 MB/s
DOCA Host decrypt pipe: 1093669.44 pkt/s 1574.94 MB/s
DOCA Host decrypt pipe: 1094628.85 pkt/s 1576.32 MB/s
DOCA Host decrypt pipe: 1093477.55 pkt/s 1574.66 MB/s
DOCA Host decrypt pipe: 1095908.07 pkt/s 1578.16 MB/s
DOCA Host decrypt pipe: 1094309.05 pkt/s 1575.86 MB/s
DOCA Host decrypt pipe: 1095396.38 pkt/s 1577.42 MB/s
DOCA Host decrypt pipe: 1095332.42 pkt/s 1577.33 MB/s
DOCA Host decrypt pipe: 1096483.72 pkt/s 1578.99 MB/s
DOCA Host decrypt pipe: 1087912.94 pkt/s 1566.65 MB/s
DOCA Host decrypt pipe: 1094245.08 pkt/s 1575.77 MB/s
DOCA Host decrypt pipe: 1091238.92 pkt/s 1571.44 MB/s
DOCA Host decrypt pipe: 1093861.32 pkt/s 1575.21 MB/s
DOCA Host decrypt pipe: 1092454.18 pkt/s 1573.19 MB/s
DOCA Host decrypt pipe: 1090279.50 pkt/s 1570.06 MB/s
DOCA Host decrypt pipe: 1094818.74 pkt/s 1576.59 MB/s
DOCA Authenticated ESP RSS pipe: 2191432.38 pkt/s 3155.77 MB/s
DOCA Authenticated ESP RSS pipe: 2187978.48 pkt/s 3150.79 MB/s
DOCA Authenticated ESP RSS pipe: 2190025.23 pkt/s 3153.74 MB/s
DOCA Authenticated ESP RSS pipe: 2188809.98 pkt/s 3151.99 MB/s
DOCA Authenticated ESP RSS pipe: 2190345.04 pkt/s 3154.20 MB/s
DOCA Authenticated ESP RSS pipe: 2180367.12 pkt/s 3139.83 MB/s
DOCA Authenticated ESP RSS pipe: 2184524.59 pkt/s 3145.82 MB/s
DOCA Authenticated ESP RSS pipe: 2186055.65 pkt/s 3148.03 MB/s
DOCA Drop pipe: 0.00 pkt/s 0.00 MB/s
DOCA Drop pipe: 0.00 pkt/s 0.00 MB/s

=== monitoring snapshot ===
Worker statistics:
  lcore=2 queue=0 rate=4383734.44 pkt/s 6312.79 MB/s
  lcore=3 queue=1 rate=4369949.95 pkt/s 6292.94 MB/s
  lcore=4 queue=2 rate=4376310.10 pkt/s 6302.10 MB/s
  lcore=5 queue=3 rate=4376818.71 pkt/s 6302.83 MB/s

Port 0 statistics:
  RX rate: 8762195.83 pkt/s 12617.66 MB/s (missed=0 errors=0 no_mbuf=0)
  RX queue  0: rate=2192329.37 pkt/s 3156.73 MB/s (errors=0)
  RX queue  1: rate=2188878.97 pkt/s 3152.09 MB/s (errors=0)
  RX queue  2: rate=2190861.47 pkt/s 3154.95 MB/s (errors=0)
  RX queue  3: rate=2190126.03 pkt/s 3153.89 MB/s (errors=0)

Port 1 statistics:
  RX rate: 8744562.19 pkt/s 12590.38 MB/s (missed=0 errors=0 no_mbuf=0)
  RX queue  0: rate=2191352.57 pkt/s 3155.12 MB/s (errors=0)
  RX queue  1: rate=2181056.43 pkt/s 3140.30 MB/s (errors=0)
  RX queue  2: rate=2185405.11 pkt/s 3146.48 MB/s (errors=0)
  RX queue  3: rate=2186748.08 pkt/s 3148.48 MB/s (errors=0)
DOCA software EGRESS host=2 packets=65061245 bytes=94729172720
DOCA software EGRESS host=3 packets=68650610 bytes=99955288160
DOCA ARP port=0 to_host=0 to_uplink=0
DOCA ARP port=1 to_host=0 to_uplink=0
DOCA To-Host pipe: 0.00 pkt/s 0.00 MB/s
DOCA To-Host pipe: 0.00 pkt/s 0.00 MB/s
DOCA Host decrypt pipe: 1095483.53 pkt/s 1577.55 MB/s
DOCA Host decrypt pipe: 1093454.08 pkt/s 1574.63 MB/s
DOCA Host decrypt pipe: 1094396.36 pkt/s 1575.98 MB/s
DOCA Host decrypt pipe: 1093309.19 pkt/s 1574.42 MB/s
DOCA Host decrypt pipe: 1095739.33 pkt/s 1577.92 MB/s
DOCA Host decrypt pipe: 1093948.70 pkt/s 1575.34 MB/s
DOCA Host decrypt pipe: 1095291.68 pkt/s 1577.27 MB/s
DOCA Host decrypt pipe: 1095291.68 pkt/s 1577.27 MB/s
DOCA Host decrypt pipe: 1096442.80 pkt/s 1578.93 MB/s
DOCA Host decrypt pipe: 1087873.34 pkt/s 1566.59 MB/s
DOCA Host decrypt pipe: 1094140.55 pkt/s 1575.62 MB/s
DOCA Host decrypt pipe: 1091070.90 pkt/s 1571.19 MB/s
DOCA Host decrypt pipe: 1093948.70 pkt/s 1575.34 MB/s
DOCA Host decrypt pipe: 1092094.12 pkt/s 1572.67 MB/s
DOCA Host decrypt pipe: 1090303.48 pkt/s 1570.09 MB/s
DOCA Host decrypt pipe: 1094718.11 pkt/s 1576.45 MB/s
DOCA Authenticated ESP RSS pipe: 2191222.86 pkt/s 3155.47 MB/s
DOCA Authenticated ESP RSS pipe: 2187401.78 pkt/s 3149.96 MB/s
DOCA Authenticated ESP RSS pipe: 2189688.04 pkt/s 3153.26 MB/s
DOCA Authenticated ESP RSS pipe: 2188600.87 pkt/s 3151.69 MB/s
DOCA Authenticated ESP RSS pipe: 2190391.50 pkt/s 3154.27 MB/s
DOCA Authenticated ESP RSS pipe: 2179967.46 pkt/s 3139.26 MB/s
DOCA Authenticated ESP RSS pipe: 2184444.04 pkt/s 3145.70 MB/s
DOCA Authenticated ESP RSS pipe: 2185791.01 pkt/s 3147.64 MB/s
DOCA Drop pipe: 0.00 pkt/s 0.00 MB/s
DOCA Drop pipe: 0.00 pkt/s 0.00 MB/s

=== monitoring snapshot ===
Worker statistics:
  lcore=2 queue=0 rate=4382721.07 pkt/s 6311.33 MB/s
  lcore=3 queue=1 rate=4369420.70 pkt/s 6292.18 MB/s
  lcore=4 queue=2 rate=4375848.53 pkt/s 6301.43 MB/s
  lcore=5 queue=3 rate=4376331.22 pkt/s 6302.13 MB/s

Port 0 statistics:
  RX rate: 8760364.60 pkt/s 12614.92 MB/s (missed=0 errors=0 no_mbuf=0)
  RX queue  0: rate=2191729.09 pkt/s 3155.77 MB/s (errors=0)
  RX queue  1: rate=2188531.16 pkt/s 3151.59 MB/s (errors=0)
  RX queue  2: rate=2190645.79 pkt/s 3154.64 MB/s (errors=0)
  RX queue  3: rate=2189458.56 pkt/s 3152.93 MB/s (errors=0)

Port 1 statistics:
  RX rate: 8744070.40 pkt/s 12589.57 MB/s (missed=0 errors=0 no_mbuf=0)
  RX queue  0: rate=2191040.76 pkt/s 3154.63 MB/s (errors=0)
  RX queue  1: rate=2180931.97 pkt/s 3140.15 MB/s (errors=0)
  RX queue  2: rate=2185217.34 pkt/s 3146.13 MB/s (errors=0)
  RX queue  3: rate=2186880.32 pkt/s 3148.65 MB/s (errors=0)
DOCA software EGRESS host=2 packets=73824149 bytes=107487960944
DOCA software EGRESS host=3 packets=77395465 bytes=112687797040
DOCA ARP port=0 to_host=0 to_uplink=0
DOCA ARP port=1 to_host=0 to_uplink=0
DOCA To-Host pipe: 0.00 pkt/s 0.00 MB/s
DOCA To-Host pipe: 0.00 pkt/s 0.00 MB/s
DOCA Host decrypt pipe: 1095277.80 pkt/s 1577.25 MB/s
DOCA Host decrypt pipe: 1093789.69 pkt/s 1575.11 MB/s
DOCA Host decrypt pipe: 1094382.34 pkt/s 1575.96 MB/s
DOCA Host decrypt pipe: 1093550.84 pkt/s 1574.77 MB/s
DOCA Host decrypt pipe: 1095832.46 pkt/s 1578.05 MB/s
DOCA Host decrypt pipe: 1093940.60 pkt/s 1575.33 MB/s
DOCA Host decrypt pipe: 1095405.72 pkt/s 1577.44 MB/s
DOCA Host decrypt pipe: 1095405.72 pkt/s 1577.44 MB/s
DOCA Host decrypt pipe: 1096237.22 pkt/s 1578.63 MB/s
DOCA Host decrypt pipe: 1087922.22 pkt/s 1566.66 MB/s
DOCA Host decrypt pipe: 1094062.53 pkt/s 1575.50 MB/s
DOCA Host decrypt pipe: 1091120.30 pkt/s 1571.27 MB/s
DOCA Host decrypt pipe: 1093678.76 pkt/s 1574.95 MB/s
DOCA Host decrypt pipe: 1091823.87 pkt/s 1572.28 MB/s
DOCA Host decrypt pipe: 1090096.91 pkt/s 1569.79 MB/s
DOCA Host decrypt pipe: 1094515.26 pkt/s 1576.15 MB/s
DOCA Authenticated ESP RSS pipe: 2191110.26 pkt/s 3155.30 MB/s
DOCA Authenticated ESP RSS pipe: 2187729.30 pkt/s 3150.44 MB/s
DOCA Authenticated ESP RSS pipe: 2189788.06 pkt/s 3153.40 MB/s
DOCA Authenticated ESP RSS pipe: 2188956.56 pkt/s 3152.20 MB/s
DOCA Authenticated ESP RSS pipe: 2189915.98 pkt/s 3153.58 MB/s
DOCA Authenticated ESP RSS pipe: 2179746.09 pkt/s 3138.94 MB/s
DOCA Authenticated ESP RSS pipe: 2184159.44 pkt/s 3145.29 MB/s
DOCA Authenticated ESP RSS pipe: 2185634.55 pkt/s 3147.42 MB/s
DOCA Drop pipe: 0.00 pkt/s 0.00 MB/s
DOCA Drop pipe: 0.00 pkt/s 0.00 MB/s

=== monitoring snapshot ===
Worker statistics:
  lcore=2 queue=0 rate=4382237.13 pkt/s 6310.63 MB/s
  lcore=3 queue=1 rate=4369764.07 pkt/s 6292.67 MB/s
  lcore=4 queue=2 rate=4375871.69 pkt/s 6301.47 MB/s
  lcore=5 queue=3 rate=4376540.22 pkt/s 6302.43 MB/s

Port 0 statistics:
  RX rate: 8759862.16 pkt/s 12614.16 MB/s (missed=0 errors=0 no_mbuf=0)
  RX queue  0: rate=2191199.91 pkt/s 3154.97 MB/s (errors=0)
  RX queue  1: rate=2188574.79 pkt/s 3151.65 MB/s (errors=0)
  RX queue  2: rate=2190425.46 pkt/s 3154.32 MB/s (errors=0)
  RX queue  3: rate=2189662.01 pkt/s 3153.22 MB/s (errors=0)

Port 1 statistics:
  RX rate: 8744409.68 pkt/s 12590.35 MB/s (missed=0 errors=0 no_mbuf=0)
  RX queue  0: rate=2191007.62 pkt/s 3154.68 MB/s (errors=0)
  RX queue  1: rate=2181205.71 pkt/s 3140.50 MB/s (errors=0)
  RX queue  2: rate=2185362.70 pkt/s 3146.49 MB/s (errors=0)
  RX queue  3: rate=2186833.64 pkt/s 3148.67 MB/s (errors=0)
DOCA software EGRESS host=2 packets=82585292 bytes=120244185152
DOCA software EGRESS host=3 packets=86141379 bytes=125421847824
DOCA ARP port=0 to_host=0 to_uplink=0
DOCA ARP port=1 to_host=0 to_uplink=0
DOCA To-Host pipe: 0.00 pkt/s 0.00 MB/s
DOCA To-Host pipe: 0.00 pkt/s 0.00 MB/s
DOCA Host decrypt pipe: 1094759.59 pkt/s 1576.51 MB/s
DOCA Host decrypt pipe: 1093352.61 pkt/s 1574.48 MB/s
DOCA Host decrypt pipe: 1094247.96 pkt/s 1575.77 MB/s
DOCA Host decrypt pipe: 1093160.75 pkt/s 1574.20 MB/s
DOCA Host decrypt pipe: 1095459.09 pkt/s 1577.51 MB/s
DOCA Host decrypt pipe: 1093858.25 pkt/s 1575.21 MB/s
DOCA Host decrypt pipe: 1095015.41 pkt/s 1576.87 MB/s
DOCA Host decrypt pipe: 1094951.45 pkt/s 1576.78 MB/s
DOCA Host decrypt pipe: 1096102.62 pkt/s 1578.44 MB/s
DOCA Host decrypt pipe: 1087852.59 pkt/s 1566.56 MB/s
DOCA Host decrypt pipe: 1094056.10 pkt/s 1575.49 MB/s
DOCA Host decrypt pipe: 1091050.28 pkt/s 1571.17 MB/s
DOCA Host decrypt pipe: 1093800.29 pkt/s 1575.13 MB/s
DOCA Host decrypt pipe: 1092073.54 pkt/s 1572.64 MB/s
DOCA Host decrypt pipe: 1090154.93 pkt/s 1569.88 MB/s
DOCA Host decrypt pipe: 1094583.72 pkt/s 1576.25 MB/s
DOCA Authenticated ESP RSS pipe: 2190215.68 pkt/s 3154.02 MB/s
DOCA Authenticated ESP RSS pipe: 2187212.86 pkt/s 3149.69 MB/s
DOCA Authenticated ESP RSS pipe: 2189263.37 pkt/s 3152.64 MB/s
DOCA Authenticated ESP RSS pipe: 2188112.21 pkt/s 3150.99 MB/s
DOCA Authenticated ESP RSS pipe: 2189902.91 pkt/s 3153.57 MB/s
DOCA Authenticated ESP RSS pipe: 2179926.13 pkt/s 3139.20 MB/s
DOCA Authenticated ESP RSS pipe: 2184211.03 pkt/s 3145.37 MB/s
DOCA Authenticated ESP RSS pipe: 2185634.00 pkt/s 3147.42 MB/s
DOCA Drop pipe: 0.00 pkt/s 0.00 MB/s
DOCA Drop pipe: 0.00 pkt/s 0.00 MB/s

=== monitoring snapshot ===
Worker statistics:
  lcore=2 queue=0 rate=4382179.10 pkt/s 6310.55 MB/s
  lcore=3 queue=1 rate=4369481.51 pkt/s 6292.26 MB/s
  lcore=4 queue=2 rate=4375877.78 pkt/s 6301.47 MB/s
  lcore=5 queue=3 rate=4376133.63 pkt/s 6301.84 MB/s

Port 0 statistics:
  RX rate: 8759770.13 pkt/s 12614.09 MB/s (missed=0 errors=0 no_mbuf=0)
  RX queue  0: rate=2191289.74 pkt/s 3155.16 MB/s (errors=0)
  RX queue  1: rate=2188524.36 pkt/s 3151.58 MB/s (errors=0)
  RX queue  2: rate=2190518.20 pkt/s 3154.45 MB/s (errors=0)
  RX queue  3: rate=2189437.83 pkt/s 3152.90 MB/s (errors=0)

Port 1 statistics:
  RX rate: 8744065.45 pkt/s 12589.75 MB/s (missed=0 errors=0 no_mbuf=0)
  RX queue  0: rate=2190981.40 pkt/s 3154.61 MB/s (errors=0)
  RX queue  1: rate=2180971.37 pkt/s 3140.13 MB/s (errors=0)
  RX queue  2: rate=2185384.74 pkt/s 3146.37 MB/s (errors=0)
  RX queue  3: rate=2186727.94 pkt/s 3148.64 MB/s (errors=0)
DOCA software EGRESS host=2 packets=91346496 bytes=133000498176
DOCA software EGRESS host=3 packets=94886947 bytes=138155394832
DOCA ARP port=0 to_host=0 to_uplink=0
DOCA ARP port=1 to_host=0 to_uplink=0
DOCA To-Host pipe: 0.00 pkt/s 0.00 MB/s
DOCA To-Host pipe: 0.00 pkt/s 0.00 MB/s
DOCA Host decrypt pipe: 1095055.82 pkt/s 1576.93 MB/s
DOCA Host decrypt pipe: 1093520.78 pkt/s 1574.72 MB/s
DOCA Host decrypt pipe: 1094288.30 pkt/s 1575.83 MB/s
DOCA Host decrypt pipe: 1093392.86 pkt/s 1574.54 MB/s
DOCA Host decrypt pipe: 1095208.72 pkt/s 1577.15 MB/s
DOCA Host decrypt pipe: 1094032.46 pkt/s 1575.46 MB/s
DOCA Host decrypt pipe: 1095055.82 pkt/s 1576.93 MB/s
DOCA Host decrypt pipe: 1095183.74 pkt/s 1577.12 MB/s
DOCA Host decrypt pipe: 1096143.14 pkt/s 1578.50 MB/s
DOCA Host decrypt pipe: 1087956.28 pkt/s 1566.71 MB/s
DOCA Host decrypt pipe: 1094096.42 pkt/s 1575.55 MB/s
DOCA Host decrypt pipe: 1091026.35 pkt/s 1571.13 MB/s
DOCA Host decrypt pipe: 1093648.70 pkt/s 1574.91 MB/s
DOCA Host decrypt pipe: 1092241.59 pkt/s 1572.88 MB/s
DOCA Host decrypt pipe: 1090258.83 pkt/s 1570.03 MB/s
DOCA Host decrypt pipe: 1094651.07 pkt/s 1576.35 MB/s
DOCA Authenticated ESP RSS pipe: 2190267.54 pkt/s 3154.09 MB/s
DOCA Authenticated ESP RSS pipe: 2187553.25 pkt/s 3150.18 MB/s
DOCA Authenticated ESP RSS pipe: 2189344.12 pkt/s 3152.76 MB/s
DOCA Authenticated ESP RSS pipe: 2188576.60 pkt/s 3151.66 MB/s
DOCA Authenticated ESP RSS pipe: 2189791.84 pkt/s 3153.41 MB/s
DOCA Authenticated ESP RSS pipe: 2180197.87 pkt/s 3139.59 MB/s
DOCA Authenticated ESP RSS pipe: 2184355.26 pkt/s 3145.58 MB/s
DOCA Authenticated ESP RSS pipe: 2185678.42 pkt/s 3147.48 MB/s
DOCA Drop pipe: 0.00 pkt/s 0.00 MB/s
DOCA Drop pipe: 0.00 pkt/s 0.00 MB/s

=== monitoring snapshot ===
Worker statistics:
  lcore=2 queue=0 rate=4382312.77 pkt/s 6310.74 MB/s
  lcore=3 queue=1 rate=4372364.94 pkt/s 6296.42 MB/s
  lcore=4 queue=2 rate=4374030.74 pkt/s 6298.82 MB/s
  lcore=5 queue=3 rate=4374121.68 pkt/s 6298.95 MB/s

Port 0 statistics:
  RX rate: 8757246.18 pkt/s 12610.48 MB/s (missed=0 errors=0 no_mbuf=0)
  RX queue  0: rate=2191184.94 pkt/s 3155.03 MB/s (errors=0)
  RX queue  1: rate=2188480.89 pkt/s 3151.52 MB/s (errors=0)
  RX queue  2: rate=2190488.44 pkt/s 3154.41 MB/s (errors=0)
  RX queue  3: rate=2187091.90 pkt/s 3149.52 MB/s (errors=0)

Port 1 statistics:
  RX rate: 8745465.89 pkt/s 12591.60 MB/s (missed=0 errors=0 no_mbuf=0)
  RX queue  0: rate=2191011.38 pkt/s 3154.69 MB/s (errors=0)
  RX queue  1: rate=2183839.54 pkt/s 3144.25 MB/s (errors=0)
  RX queue  2: rate=2183580.73 pkt/s 3143.82 MB/s (errors=0)
  RX queue  3: rate=2187034.24 pkt/s 3148.84 MB/s (errors=0)
DOCA software EGRESS host=2 packets=100106766 bytes=145755451296
DOCA software EGRESS host=3 packets=103632548 bytes=150888989888
DOCA ARP port=0 to_host=0 to_uplink=0
DOCA ARP port=1 to_host=0 to_uplink=0
DOCA To-Host pipe: 0.00 pkt/s 0.00 MB/s
DOCA To-Host pipe: 0.00 pkt/s 0.00 MB/s
DOCA Host decrypt pipe: 1094796.99 pkt/s 1576.56 MB/s
DOCA Host decrypt pipe: 1093198.09 pkt/s 1574.26 MB/s
DOCA Host decrypt pipe: 1094093.47 pkt/s 1575.55 MB/s
DOCA Host decrypt pipe: 1093134.14 pkt/s 1574.17 MB/s
DOCA Host decrypt pipe: 1095052.81 pkt/s 1576.93 MB/s
DOCA Host decrypt pipe: 1093965.56 pkt/s 1575.36 MB/s
DOCA Host decrypt pipe: 1094988.86 pkt/s 1576.84 MB/s
DOCA Host decrypt pipe: 1094924.90 pkt/s 1576.74 MB/s
DOCA Host decrypt pipe: 1096204.02 pkt/s 1578.59 MB/s
DOCA Host decrypt pipe: 1088849.09 pkt/s 1568.00 MB/s
DOCA Host decrypt pipe: 1092302.71 pkt/s 1572.97 MB/s
DOCA Host decrypt pipe: 1091279.41 pkt/s 1571.49 MB/s
DOCA Host decrypt pipe: 1093901.61 pkt/s 1575.27 MB/s
DOCA Host decrypt pipe: 1092046.89 pkt/s 1572.60 MB/s
DOCA Host decrypt pipe: 1090320.08 pkt/s 1570.11 MB/s
DOCA Host decrypt pipe: 1094727.04 pkt/s 1576.46 MB/s
DOCA Authenticated ESP RSS pipe: 2189849.80 pkt/s 3153.49 MB/s
DOCA Authenticated ESP RSS pipe: 2187163.65 pkt/s 3149.62 MB/s
DOCA Authenticated ESP RSS pipe: 2189082.33 pkt/s 3152.38 MB/s
DOCA Authenticated ESP RSS pipe: 2188059.04 pkt/s 3150.91 MB/s
DOCA Authenticated ESP RSS pipe: 2190105.62 pkt/s 3153.86 MB/s
DOCA Authenticated ESP RSS pipe: 2180895.98 pkt/s 3140.60 MB/s
DOCA Authenticated ESP RSS pipe: 2182622.78 pkt/s 3143.08 MB/s
DOCA Authenticated ESP RSS pipe: 2186003.45 pkt/s 3147.95 MB/s
DOCA Drop pipe: 0.00 pkt/s 0.00 MB/s
DOCA Drop pipe: 0.00 pkt/s 0.00 MB/s

=== monitoring snapshot ===
Worker statistics:
  lcore=2 queue=0 rate=4382469.14 pkt/s 6310.97 MB/s
  lcore=3 queue=1 rate=4372529.22 pkt/s 6296.65 MB/s
  lcore=4 queue=2 rate=4376171.99 pkt/s 6301.90 MB/s
  lcore=5 queue=3 rate=4371044.12 pkt/s 6294.51 MB/s

Port 0 statistics:
  RX rate: 8754105.98 pkt/s 12605.91 MB/s (missed=0 errors=0 no_mbuf=0)
  RX queue  0: rate=2191365.76 pkt/s 3155.25 MB/s (errors=0)
  RX queue  1: rate=2188139.73 pkt/s 3151.03 MB/s (errors=0)
  RX queue  2: rate=2190534.27 pkt/s 3154.47 MB/s (errors=0)
  RX queue  3: rate=2184066.22 pkt/s 3145.16 MB/s (errors=0)

Port 1 statistics:
  RX rate: 8748151.22 pkt/s 12595.51 MB/s (missed=0 errors=0 no_mbuf=0)
  RX queue  0: rate=2191107.81 pkt/s 3154.73 MB/s (errors=0)
  RX queue  1: rate=2184449.89 pkt/s 3145.16 MB/s (errors=0)
  RX queue  2: rate=2185604.18 pkt/s 3146.81 MB/s (errors=0)
  RX queue  3: rate=2186989.33 pkt/s 3148.82 MB/s (errors=0)
DOCA software EGRESS host=2 packets=108864640 bytes=158506915840
DOCA software EGRESS host=3 packets=112381222 bytes=163627059232
DOCA ARP port=0 to_host=0 to_uplink=0
DOCA ARP port=1 to_host=0 to_uplink=0
DOCA To-Host pipe: 0.00 pkt/s 0.00 MB/s
DOCA To-Host pipe: 0.00 pkt/s 0.00 MB/s
DOCA Host decrypt pipe: 1094743.09 pkt/s 1576.48 MB/s
DOCA Host decrypt pipe: 1093123.10 pkt/s 1574.15 MB/s
DOCA Host decrypt pipe: 1094231.41 pkt/s 1575.75 MB/s
DOCA Host decrypt pipe: 1090457.76 pkt/s 1570.31 MB/s
DOCA Host decrypt pipe: 1095382.69 pkt/s 1577.40 MB/s
DOCA Host decrypt pipe: 1094231.41 pkt/s 1575.75 MB/s
DOCA Host decrypt pipe: 1095190.81 pkt/s 1577.13 MB/s
DOCA Host decrypt pipe: 1095126.85 pkt/s 1577.04 MB/s
DOCA Host decrypt pipe: 1095894.38 pkt/s 1578.14 MB/s
DOCA Host decrypt pipe: 1091417.16 pkt/s 1571.69 MB/s
DOCA Host decrypt pipe: 1094039.53 pkt/s 1575.47 MB/s
DOCA Host decrypt pipe: 1091289.24 pkt/s 1571.51 MB/s
DOCA Host decrypt pipe: 1093911.61 pkt/s 1575.29 MB/s
DOCA Host decrypt pipe: 1091992.80 pkt/s 1572.52 MB/s
DOCA Host decrypt pipe: 1090201.92 pkt/s 1569.94 MB/s
DOCA Host decrypt pipe: 1094493.25 pkt/s 1576.12 MB/s
DOCA Authenticated ESP RSS pipe: 2190125.79 pkt/s 3153.89 MB/s
DOCA Authenticated ESP RSS pipe: 2187352.51 pkt/s 3149.89 MB/s
DOCA Authenticated ESP RSS pipe: 2189422.22 pkt/s 3152.87 MB/s
DOCA Authenticated ESP RSS pipe: 2185584.61 pkt/s 3147.35 MB/s
DOCA Authenticated ESP RSS pipe: 2189805.98 pkt/s 3153.43 MB/s
DOCA Authenticated ESP RSS pipe: 2183409.96 pkt/s 3144.22 MB/s
DOCA Authenticated ESP RSS pipe: 2184241.45 pkt/s 3145.41 MB/s
DOCA Authenticated ESP RSS pipe: 2185785.49 pkt/s 3147.64 MB/s
DOCA Drop pipe: 0.00 pkt/s 0.00 MB/s
DOCA Drop pipe: 0.00 pkt/s 0.00 MB/s

=== monitoring snapshot ===
Worker statistics:
  lcore=2 queue=0 rate=4382076.80 pkt/s 6310.40 MB/s
  lcore=3 queue=1 rate=4372418.59 pkt/s 6296.49 MB/s
  lcore=4 queue=2 rate=4375747.59 pkt/s 6301.29 MB/s
  lcore=5 queue=3 rate=4371123.37 pkt/s 6294.63 MB/s

Port 0 statistics:
  RX rate: 8753624.77 pkt/s 12605.22 MB/s (missed=0 errors=0 no_mbuf=0)
  RX queue  0: rate=2191196.27 pkt/s 3155.01 MB/s (errors=0)
  RX queue  1: rate=2188087.13 pkt/s 3150.95 MB/s (errors=0)
  RX queue  2: rate=2190172.88 pkt/s 3153.95 MB/s (errors=0)
  RX queue  3: rate=2184168.49 pkt/s 3145.31 MB/s (errors=0)

Port 1 statistics:
  RX rate: 8747685.30 pkt/s 12594.71 MB/s (missed=0 errors=0 no_mbuf=0)
  RX queue  0: rate=2190897.73 pkt/s 3154.53 MB/s (errors=0)
  RX queue  1: rate=2184251.65 pkt/s 3144.81 MB/s (errors=0)
  RX queue  2: rate=2185639.83 pkt/s 3146.76 MB/s (errors=0)
  RX queue  3: rate=2186896.09 pkt/s 3148.61 MB/s (errors=0)
DOCA software EGRESS host=2 packets=117619715 bytes=171254305040
DOCA software EGRESS host=3 packets=121131744 bytes=176367819264
DOCA ARP port=0 to_host=0 to_uplink=0
DOCA ARP port=1 to_host=0 to_uplink=0
DOCA To-Host pipe: 0.00 pkt/s 0.00 MB/s
DOCA To-Host pipe: 0.00 pkt/s 0.00 MB/s
DOCA Host decrypt pipe: 1094976.95 pkt/s 1576.82 MB/s
DOCA Host decrypt pipe: 1093015.09 pkt/s 1573.99 MB/s
DOCA Host decrypt pipe: 1094273.36 pkt/s 1575.81 MB/s
DOCA Host decrypt pipe: 1087877.09 pkt/s 1566.60 MB/s
DOCA Host decrypt pipe: 1095402.70 pkt/s 1577.43 MB/s
DOCA Host decrypt pipe: 1094081.47 pkt/s 1575.53 MB/s
DOCA Host decrypt pipe: 1095232.80 pkt/s 1577.19 MB/s
DOCA Host decrypt pipe: 1095168.83 pkt/s 1577.10 MB/s
DOCA Host decrypt pipe: 1096192.24 pkt/s 1578.57 MB/s
DOCA Host decrypt pipe: 1091522.96 pkt/s 1571.85 MB/s
DOCA Host decrypt pipe: 1094593.17 pkt/s 1576.27 MB/s
DOCA Host decrypt pipe: 1091522.96 pkt/s 1571.85 MB/s
DOCA Host decrypt pipe: 1094145.43 pkt/s 1575.62 MB/s
DOCA Host decrypt pipe: 1092162.59 pkt/s 1572.77 MB/s
DOCA Host decrypt pipe: 1090371.63 pkt/s 1570.19 MB/s
DOCA Host decrypt pipe: 1094849.02 pkt/s 1576.64 MB/s
DOCA Authenticated ESP RSS pipe: 2190376.65 pkt/s 3154.25 MB/s
DOCA Authenticated ESP RSS pipe: 2187098.56 pkt/s 3149.53 MB/s
DOCA Authenticated ESP RSS pipe: 2189506.15 pkt/s 3152.99 MB/s
DOCA Authenticated ESP RSS pipe: 2183045.92 pkt/s 3143.69 MB/s
DOCA Authenticated ESP RSS pipe: 2190337.67 pkt/s 3154.19 MB/s
DOCA Authenticated ESP RSS pipe: 2183685.55 pkt/s 3144.61 MB/s
DOCA Authenticated ESP RSS pipe: 2184964.80 pkt/s 3146.45 MB/s
DOCA Authenticated ESP RSS pipe: 2186371.98 pkt/s 3148.48 MB/s
DOCA Drop pipe: 0.00 pkt/s 0.00 MB/s
DOCA Drop pipe: 0.00 pkt/s 0.00 MB/s

=== monitoring snapshot ===
Worker statistics:
  lcore=2 queue=0 rate=4381932.61 pkt/s 6310.19 MB/s
  lcore=3 queue=1 rate=4372627.22 pkt/s 6296.79 MB/s
  lcore=4 queue=2 rate=4375662.39 pkt/s 6301.16 MB/s
  lcore=5 queue=3 rate=4370797.32 pkt/s 6294.16 MB/s

Port 0 statistics:
  RX rate: 8753620.07 pkt/s 12605.26 MB/s (missed=0 errors=0 no_mbuf=0)
  RX queue  0: rate=2191066.67 pkt/s 3154.87 MB/s (errors=0)
  RX queue  1: rate=2188355.30 pkt/s 3151.34 MB/s (errors=0)
  RX queue  2: rate=2190231.17 pkt/s 3154.04 MB/s (errors=0)
  RX queue  3: rate=2183966.94 pkt/s 3145.02 MB/s (errors=0)

Port 1 statistics:
  RX rate: 8747533.43 pkt/s 12594.78 MB/s (missed=0 errors=0 no_mbuf=0)
  RX queue  0: rate=2190918.39 pkt/s 3154.59 MB/s (errors=0)
  RX queue  1: rate=2184359.40 pkt/s 3144.97 MB/s (errors=0)
  RX queue  2: rate=2185369.78 pkt/s 3146.65 MB/s (errors=0)
  RX queue  3: rate=2186885.86 pkt/s 3148.57 MB/s (errors=0)
DOCA software EGRESS host=2 packets=126374372 bytes=184001085632
DOCA software EGRESS host=3 packets=129881155 bytes=189106961680
DOCA ARP port=0 to_host=0 to_uplink=0
DOCA ARP port=1 to_host=0 to_uplink=0
DOCA To-Host pipe: 0.00 pkt/s 0.00 MB/s
DOCA To-Host pipe: 0.00 pkt/s 0.00 MB/s
DOCA Host decrypt pipe: 1094685.42 pkt/s 1576.40 MB/s
DOCA Host decrypt pipe: 1093150.37 pkt/s 1574.19 MB/s
DOCA Host decrypt pipe: 1093917.89 pkt/s 1575.29 MB/s
DOCA Host decrypt pipe: 1087905.60 pkt/s 1566.64 MB/s
DOCA Host decrypt pipe: 1095347.01 pkt/s 1577.35 MB/s
DOCA Host decrypt pipe: 1093912.90 pkt/s 1575.29 MB/s
DOCA Host decrypt pipe: 1095133.15 pkt/s 1577.04 MB/s
DOCA Host decrypt pipe: 1095093.17 pkt/s 1576.99 MB/s
DOCA Host decrypt pipe: 1096028.59 pkt/s 1578.33 MB/s
DOCA Host decrypt pipe: 1091359.47 pkt/s 1571.61 MB/s
DOCA Host decrypt pipe: 1094365.62 pkt/s 1575.94 MB/s
DOCA Host decrypt pipe: 1091359.47 pkt/s 1571.61 MB/s
DOCA Host decrypt pipe: 1093917.89 pkt/s 1575.29 MB/s
DOCA Host decrypt pipe: 1092063.04 pkt/s 1572.62 MB/s
DOCA Host decrypt pipe: 1090336.10 pkt/s 1570.14 MB/s
DOCA Host decrypt pipe: 1094557.50 pkt/s 1576.22 MB/s
DOCA Authenticated ESP RSS pipe: 2190035.43 pkt/s 3153.76 MB/s
DOCA Authenticated ESP RSS pipe: 2187062.26 pkt/s 3149.48 MB/s
DOCA Authenticated ESP RSS pipe: 2189051.04 pkt/s 3152.34 MB/s
DOCA Authenticated ESP RSS pipe: 2182996.77 pkt/s 3143.62 MB/s
DOCA Authenticated ESP RSS pipe: 2189946.49 pkt/s 3153.63 MB/s
DOCA Authenticated ESP RSS pipe: 2183422.51 pkt/s 3144.23 MB/s
DOCA Authenticated ESP RSS pipe: 2184701.72 pkt/s 3146.08 MB/s
DOCA Authenticated ESP RSS pipe: 2185916.97 pkt/s 3147.83 MB/s
DOCA Drop pipe: 0.00 pkt/s 0.00 MB/s
DOCA Drop pipe: 0.00 pkt/s 0.00 MB/s

=== monitoring snapshot ===
Worker statistics:
  lcore=2 queue=0 rate=4382273.76 pkt/s 6310.69 MB/s
  lcore=3 queue=1 rate=4373089.67 pkt/s 6297.46 MB/s
  lcore=4 queue=2 rate=4375810.62 pkt/s 6301.38 MB/s
  lcore=5 queue=3 rate=4371053.21 pkt/s 6294.53 MB/s

Port 0 statistics:
  RX rate: 8753666.32 pkt/s 12605.38 MB/s (missed=0 errors=0 no_mbuf=0)
  RX queue  0: rate=2191110.79 pkt/s 3154.98 MB/s (errors=0)
  RX queue  1: rate=2188387.85 pkt/s 3151.38 MB/s (errors=0)
  RX queue  2: rate=2190155.52 pkt/s 3153.93 MB/s (errors=0)
  RX queue  3: rate=2184012.16 pkt/s 3145.08 MB/s (errors=0)

Port 1 statistics:
  RX rate: 8748371.23 pkt/s 12595.78 MB/s (missed=0 errors=0 no_mbuf=0)
  RX queue  0: rate=2191113.02 pkt/s 3154.76 MB/s (errors=0)
  RX queue  1: rate=2184560.97 pkt/s 3145.26 MB/s (errors=0)
  RX queue  2: rate=2185613.18 pkt/s 3146.79 MB/s (errors=0)
  RX queue  3: rate=2187084.06 pkt/s 3148.97 MB/s (errors=0)
DOCA software EGRESS host=2 packets=135128577 bytes=196747208112
DOCA software EGRESS host=3 packets=138631939 bytes=201848103184
DOCA ARP port=0 to_host=0 to_uplink=0
DOCA ARP port=1 to_host=0 to_uplink=0
DOCA To-Host pipe: 0.00 pkt/s 0.00 MB/s
DOCA To-Host pipe: 0.00 pkt/s 0.00 MB/s
DOCA Host decrypt pipe: 1094467.42 pkt/s 1576.09 MB/s
DOCA Host decrypt pipe: 1092804.68 pkt/s 1573.69 MB/s
DOCA Host decrypt pipe: 1093891.86 pkt/s 1575.26 MB/s
DOCA Host decrypt pipe: 1087624.61 pkt/s 1566.23 MB/s
DOCA Host decrypt pipe: 1095106.94 pkt/s 1577.01 MB/s
DOCA Host decrypt pipe: 1093960.81 pkt/s 1575.36 MB/s
DOCA Host decrypt pipe: 1094851.13 pkt/s 1576.64 MB/s
DOCA Host decrypt pipe: 1094891.10 pkt/s 1576.70 MB/s
DOCA Host decrypt pipe: 1096130.17 pkt/s 1578.48 MB/s
DOCA Host decrypt pipe: 1091461.70 pkt/s 1571.76 MB/s
DOCA Host decrypt pipe: 1094403.47 pkt/s 1575.99 MB/s
DOCA Host decrypt pipe: 1091386.76 pkt/s 1571.65 MB/s
DOCA Host decrypt pipe: 1094019.76 pkt/s 1575.44 MB/s
DOCA Host decrypt pipe: 1092031.27 pkt/s 1572.58 MB/s
DOCA Host decrypt pipe: 1090118.72 pkt/s 1569.82 MB/s
DOCA Host decrypt pipe: 1094723.23 pkt/s 1576.45 MB/s
DOCA Authenticated ESP RSS pipe: 2189574.37 pkt/s 3153.09 MB/s
DOCA Authenticated ESP RSS pipe: 2186766.49 pkt/s 3149.05 MB/s
DOCA Authenticated ESP RSS pipe: 2188742.99 pkt/s 3151.90 MB/s
DOCA Authenticated ESP RSS pipe: 2182517.71 pkt/s 3142.93 MB/s
DOCA Authenticated ESP RSS pipe: 2190149.93 pkt/s 3153.92 MB/s
DOCA Authenticated ESP RSS pipe: 2183491.97 pkt/s 3144.33 MB/s
DOCA Authenticated ESP RSS pipe: 2184522.19 pkt/s 3145.82 MB/s
DOCA Authenticated ESP RSS pipe: 2186108.99 pkt/s 3148.10 MB/s
DOCA Drop pipe: 0.00 pkt/s 0.00 MB/s
DOCA Drop pipe: 0.00 pkt/s 0.00 MB/s

=== monitoring snapshot ===
Worker statistics:
  lcore=2 queue=0 rate=4381869.89 pkt/s 6310.10 MB/s
  lcore=3 queue=1 rate=4371935.86 pkt/s 6295.80 MB/s
  lcore=4 queue=2 rate=4375353.81 pkt/s 6300.72 MB/s
  lcore=5 queue=3 rate=4370877.50 pkt/s 6294.27 MB/s

Port 0 statistics:
  RX rate: 8753214.64 pkt/s 12604.57 MB/s (missed=0 errors=0 no_mbuf=0)
  RX queue  0: rate=2191137.96 pkt/s 3154.86 MB/s (errors=0)
  RX queue  1: rate=2187859.92 pkt/s 3150.62 MB/s (errors=0)
  RX queue  2: rate=2190178.54 pkt/s 3153.96 MB/s (errors=0)
  RX queue  3: rate=2184038.21 pkt/s 3145.12 MB/s (errors=0)

Port 1 statistics:
  RX rate: 8746963.53 pkt/s 12593.78 MB/s (missed=0 errors=0 no_mbuf=0)
  RX queue  0: rate=2190773.50 pkt/s 3154.27 MB/s (errors=0)
  RX queue  1: rate=2184115.43 pkt/s 3144.67 MB/s (errors=0)
  RX queue  2: rate=2185269.75 pkt/s 3146.29 MB/s (errors=0)
  RX queue  3: rate=2186804.84 pkt/s 3148.55 MB/s (errors=0)
DOCA software EGRESS host=2 packets=143883030 bytes=209493691680
DOCA software EGRESS host=3 packets=147381710 bytes=214587769760
DOCA ARP port=0 to_host=0 to_uplink=0
DOCA ARP port=1 to_host=0 to_uplink=0
DOCA To-Host pipe: 0.00 pkt/s 0.00 MB/s
DOCA To-Host pipe: 0.00 pkt/s 0.00 MB/s
DOCA Host decrypt pipe: 1094705.31 pkt/s 1576.43 MB/s
DOCA Host decrypt pipe: 1093143.24 pkt/s 1574.18 MB/s
DOCA Host decrypt pipe: 1093937.77 pkt/s 1575.32 MB/s
DOCA Host decrypt pipe: 1087925.36 pkt/s 1566.66 MB/s
DOCA Host decrypt pipe: 1095344.92 pkt/s 1577.35 MB/s
DOCA Host decrypt pipe: 1094129.65 pkt/s 1575.60 MB/s
DOCA Host decrypt pipe: 1095089.08 pkt/s 1576.98 MB/s
DOCA Host decrypt pipe: 1095025.11 pkt/s 1576.89 MB/s
DOCA Host decrypt pipe: 1096176.43 pkt/s 1578.55 MB/s
DOCA Host decrypt pipe: 1091663.13 pkt/s 1572.05 MB/s
DOCA Host decrypt pipe: 1094257.57 pkt/s 1575.78 MB/s
DOCA Host decrypt pipe: 1091390.29 pkt/s 1571.65 MB/s
DOCA Host decrypt pipe: 1094065.69 pkt/s 1575.51 MB/s
DOCA Host decrypt pipe: 1091960.95 pkt/s 1572.48 MB/s
DOCA Host decrypt pipe: 1090355.91 pkt/s 1570.17 MB/s
DOCA Host decrypt pipe: 1094641.34 pkt/s 1576.34 MB/s
DOCA Authenticated ESP RSS pipe: 2190050.23 pkt/s 3153.78 MB/s
DOCA Authenticated ESP RSS pipe: 2187270.89 pkt/s 3149.78 MB/s
DOCA Authenticated ESP RSS pipe: 2189026.84 pkt/s 3152.30 MB/s
DOCA Authenticated ESP RSS pipe: 2182950.48 pkt/s 3143.55 MB/s
DOCA Authenticated ESP RSS pipe: 2190242.11 pkt/s 3154.05 MB/s
DOCA Authenticated ESP RSS pipe: 2183624.07 pkt/s 3144.52 MB/s
DOCA Authenticated ESP RSS pipe: 2184613.48 pkt/s 3145.95 MB/s
DOCA Authenticated ESP RSS pipe: 2186032.63 pkt/s 3147.99 MB/s
DOCA Drop pipe: 0.00 pkt/s 0.00 MB/s
DOCA Drop pipe: 0.00 pkt/s 0.00 MB/s

=== monitoring snapshot ===
Worker statistics:
  lcore=2 queue=0 rate=4376120.69 pkt/s 6301.82 MB/s
  lcore=3 queue=1 rate=4372599.86 pkt/s 6296.75 MB/s
  lcore=4 queue=2 rate=4375635.99 pkt/s 6301.13 MB/s
  lcore=5 queue=3 rate=4374579.64 pkt/s 6299.61 MB/s

Port 0 statistics:
  RX rate: 8757724.62 pkt/s 12611.11 MB/s (missed=0 errors=0 no_mbuf=0)
  RX queue  0: rate=2190908.50 pkt/s 3154.58 MB/s (errors=0)
  RX queue  1: rate=2188197.16 pkt/s 3151.11 MB/s (errors=0)
  RX queue  2: rate=2190588.69 pkt/s 3154.55 MB/s (errors=0)
  RX queue  3: rate=2188030.27 pkt/s 3150.87 MB/s (errors=0)

Port 1 statistics:
  RX rate: 8741123.15 pkt/s 12585.58 MB/s (missed=0 errors=0 no_mbuf=0)
  RX queue  0: rate=2185171.60 pkt/s 3146.38 MB/s (errors=0)
  RX queue  1: rate=2184443.05 pkt/s 3145.23 MB/s (errors=0)
  RX queue  2: rate=2185018.70 pkt/s 3145.95 MB/s (errors=0)
  RX queue  3: rate=2186489.79 pkt/s 3148.02 MB/s (errors=0)
DOCA software EGRESS host=2 packets=152637012 bytes=222239489472
DOCA software EGRESS host=3 packets=156128224 bytes=227322694144
DOCA ARP port=0 to_host=0 to_uplink=0
DOCA ARP port=1 to_host=0 to_uplink=0
DOCA To-Host pipe: 0.00 pkt/s 0.00 MB/s
DOCA To-Host pipe: 0.00 pkt/s 0.00 MB/s
DOCA Host decrypt pipe: 1094756.85 pkt/s 1576.50 MB/s
DOCA Host decrypt pipe: 1092737.08 pkt/s 1573.59 MB/s
DOCA Host decrypt pipe: 1094053.28 pkt/s 1575.49 MB/s
DOCA Host decrypt pipe: 1087913.02 pkt/s 1566.65 MB/s
DOCA Host decrypt pipe: 1095204.58 pkt/s 1577.15 MB/s
DOCA Host decrypt pipe: 1093989.32 pkt/s 1575.40 MB/s
DOCA Host decrypt pipe: 1095012.70 pkt/s 1576.87 MB/s
DOCA Host decrypt pipe: 1094948.73 pkt/s 1576.78 MB/s
DOCA Host decrypt pipe: 1093989.32 pkt/s 1575.40 MB/s
DOCA Host decrypt pipe: 1091402.90 pkt/s 1571.67 MB/s
DOCA Host decrypt pipe: 1094053.28 pkt/s 1575.49 MB/s
DOCA Host decrypt pipe: 1091302.96 pkt/s 1571.53 MB/s
DOCA Host decrypt pipe: 1093797.44 pkt/s 1575.12 MB/s
DOCA Host decrypt pipe: 1091878.61 pkt/s 1572.36 MB/s
DOCA Host decrypt pipe: 1090215.62 pkt/s 1569.96 MB/s
DOCA Host decrypt pipe: 1094501.01 pkt/s 1576.13 MB/s
DOCA Authenticated ESP RSS pipe: 2189961.43 pkt/s 3153.65 MB/s
DOCA Authenticated ESP RSS pipe: 2186728.40 pkt/s 3148.99 MB/s
DOCA Authenticated ESP RSS pipe: 2189065.98 pkt/s 3152.36 MB/s
DOCA Authenticated ESP RSS pipe: 2182861.76 pkt/s 3143.43 MB/s
DOCA Authenticated ESP RSS pipe: 2187786.76 pkt/s 3150.52 MB/s
DOCA Authenticated ESP RSS pipe: 2183282.50 pkt/s 3144.03 MB/s
DOCA Authenticated ESP RSS pipe: 2184268.90 pkt/s 3145.45 MB/s
DOCA Authenticated ESP RSS pipe: 2185803.96 pkt/s 3147.66 MB/s
DOCA Drop pipe: 0.00 pkt/s 0.00 MB/s
DOCA Drop pipe: 0.00 pkt/s 0.00 MB/s

=== monitoring snapshot ===
Worker statistics:
  lcore=2 queue=0 rate=4374096.57 pkt/s 6298.91 MB/s
  lcore=3 queue=1 rate=4370607.63 pkt/s 6293.89 MB/s
  lcore=4 queue=2 rate=4373872.70 pkt/s 6298.59 MB/s
  lcore=5 queue=3 rate=4374064.59 pkt/s 6298.86 MB/s

Port 0 statistics:
  RX rate: 8754830.15 pkt/s 12606.93 MB/s (missed=0 errors=0 no_mbuf=0)
  RX queue  0: rate=2190002.02 pkt/s 3153.27 MB/s (errors=0)
  RX queue  1: rate=2187062.76 pkt/s 3149.48 MB/s (errors=0)
  RX queue  2: rate=2189298.44 pkt/s 3152.70 MB/s (errors=0)
  RX queue  3: rate=2188466.93 pkt/s 3151.50 MB/s (errors=0)

Port 1 statistics:
  RX rate: 8737737.37 pkt/s 12580.39 MB/s (missed=0 errors=0 no_mbuf=0)
  RX queue  0: rate=2184118.77 pkt/s 3144.66 MB/s (errors=0)
  RX queue  1: rate=2183571.09 pkt/s 3143.83 MB/s (errors=0)
  RX queue  2: rate=2184466.57 pkt/s 3145.16 MB/s (errors=0)
  RX queue  3: rate=2185580.93 pkt/s 3146.74 MB/s (errors=0)
DOCA software EGRESS host=2 packets=161395936 bytes=234992482816
DOCA software EGRESS host=3 packets=164867462 bytes=240047024672
DOCA ARP port=0 to_host=0 to_uplink=0
DOCA ARP port=1 to_host=0 to_uplink=0
DOCA To-Host pipe: 0.00 pkt/s 0.00 MB/s
DOCA To-Host pipe: 0.00 pkt/s 0.00 MB/s
DOCA Host decrypt pipe: 1094810.11 pkt/s 1576.58 MB/s
DOCA Host decrypt pipe: 1093274.97 pkt/s 1574.37 MB/s
DOCA Host decrypt pipe: 1094298.39 pkt/s 1575.84 MB/s
DOCA Host decrypt pipe: 1092379.47 pkt/s 1573.08 MB/s
DOCA Host decrypt pipe: 1095065.96 pkt/s 1576.95 MB/s
DOCA Host decrypt pipe: 1093850.65 pkt/s 1575.20 MB/s
DOCA Host decrypt pipe: 1095257.86 pkt/s 1577.22 MB/s
DOCA Host decrypt pipe: 1095065.96 pkt/s 1576.95 MB/s
DOCA Host decrypt pipe: 1089373.16 pkt/s 1568.75 MB/s
DOCA Host decrypt pipe: 1091356.04 pkt/s 1571.61 MB/s
DOCA Host decrypt pipe: 1093722.72 pkt/s 1575.01 MB/s
DOCA Host decrypt pipe: 1090780.37 pkt/s 1570.78 MB/s
DOCA Host decrypt pipe: 1093338.93 pkt/s 1574.46 MB/s
DOCA Host decrypt pipe: 1091675.86 pkt/s 1572.07 MB/s
DOCA Host decrypt pipe: 1089948.83 pkt/s 1569.58 MB/s
DOCA Host decrypt pipe: 1094170.47 pkt/s 1575.66 MB/s
DOCA Authenticated ESP RSS pipe: 2189876.07 pkt/s 3153.53 MB/s
DOCA Authenticated ESP RSS pipe: 2187125.61 pkt/s 3149.57 MB/s
DOCA Authenticated ESP RSS pipe: 2189556.25 pkt/s 3153.07 MB/s
DOCA Authenticated ESP RSS pipe: 2187444.43 pkt/s 3150.03 MB/s
DOCA Authenticated ESP RSS pipe: 2182712.09 pkt/s 3143.21 MB/s
DOCA Authenticated ESP RSS pipe: 2183031.91 pkt/s 3143.67 MB/s
DOCA Authenticated ESP RSS pipe: 2183671.55 pkt/s 3144.59 MB/s
DOCA Authenticated ESP RSS pipe: 2184950.83 pkt/s 3146.43 MB/s
DOCA Drop pipe: 0.00 pkt/s 0.00 MB/s
DOCA Drop pipe: 0.00 pkt/s 0.00 MB/s

=== monitoring snapshot ===
Worker statistics:
  lcore=2 queue=0 rate=4380579.00 pkt/s 6308.24 MB/s
  lcore=3 queue=1 rate=4372587.65 pkt/s 6296.74 MB/s
  lcore=4 queue=2 rate=4375425.65 pkt/s 6300.82 MB/s
  lcore=5 queue=3 rate=4371621.34 pkt/s 6295.35 MB/s

Port 0 statistics:
  RX rate: 8753970.10 pkt/s 12605.73 MB/s (missed=0 errors=0 no_mbuf=0)
  RX queue  0: rate=2190836.87 pkt/s 3154.50 MB/s (errors=0)
  RX queue  1: rate=2188046.84 pkt/s 3150.89 MB/s (errors=0)
  RX queue  2: rate=2190261.28 pkt/s 3154.08 MB/s (errors=0)
  RX queue  3: rate=2184825.12 pkt/s 3146.25 MB/s (errors=0)

Port 1 statistics:
  RX rate: 8746320.37 pkt/s 12592.90 MB/s (missed=0 errors=0 no_mbuf=0)
  RX queue  0: rate=2189790.79 pkt/s 3152.87 MB/s (errors=0)
  RX queue  1: rate=2184518.57 pkt/s 3145.14 MB/s (errors=0)
  RX queue  2: rate=2185250.05 pkt/s 3146.38 MB/s (errors=0)
  RX queue  3: rate=2186760.96 pkt/s 3148.51 MB/s (errors=0)
DOCA software EGRESS host=2 packets=170152035 bytes=247741362960
DOCA software EGRESS host=3 packets=173612366 bytes=252779604896
DOCA ARP port=0 to_host=0 to_uplink=0
DOCA ARP port=1 to_host=0 to_uplink=0
DOCA To-Host pipe: 0.00 pkt/s 0.00 MB/s
DOCA To-Host pipe: 0.00 pkt/s 0.00 MB/s
DOCA Host decrypt pipe: 1094184.97 pkt/s 1575.68 MB/s
DOCA Host decrypt pipe: 1092394.26 pkt/s 1573.10 MB/s
DOCA Host decrypt pipe: 1093567.41 pkt/s 1574.79 MB/s
DOCA Host decrypt pipe: 1092522.17 pkt/s 1573.28 MB/s
DOCA Host decrypt pipe: 1094568.69 pkt/s 1576.23 MB/s
DOCA Host decrypt pipe: 1093353.57 pkt/s 1574.48 MB/s
DOCA Host decrypt pipe: 1094504.74 pkt/s 1576.14 MB/s
DOCA Host decrypt pipe: 1094632.64 pkt/s 1576.32 MB/s
DOCA Host decrypt pipe: 1092074.49 pkt/s 1572.64 MB/s
DOCA Host decrypt pipe: 1091467.93 pkt/s 1571.77 MB/s
DOCA Host decrypt pipe: 1093993.11 pkt/s 1575.40 MB/s
DOCA Host decrypt pipe: 1090923.32 pkt/s 1570.98 MB/s
DOCA Host decrypt pipe: 1093673.34 pkt/s 1574.94 MB/s
DOCA Host decrypt pipe: 1091818.68 pkt/s 1572.27 MB/s
DOCA Host decrypt pipe: 1090155.88 pkt/s 1569.88 MB/s
DOCA Host decrypt pipe: 1094504.74 pkt/s 1576.14 MB/s
DOCA Authenticated ESP RSS pipe: 2188753.66 pkt/s 3151.91 MB/s
DOCA Authenticated ESP RSS pipe: 2185747.83 pkt/s 3147.58 MB/s
DOCA Authenticated ESP RSS pipe: 2188072.15 pkt/s 3150.93 MB/s
DOCA Authenticated ESP RSS pipe: 2187155.81 pkt/s 3149.61 MB/s
DOCA Authenticated ESP RSS pipe: 2185747.83 pkt/s 3147.58 MB/s
DOCA Authenticated ESP RSS pipe: 2183283.61 pkt/s 3144.03 MB/s
DOCA Authenticated ESP RSS pipe: 2184148.98 pkt/s 3145.28 MB/s
DOCA Authenticated ESP RSS pipe: 2185428.06 pkt/s 3147.12 MB/s
DOCA Drop pipe: 0.00 pkt/s 0.00 MB/s
DOCA Drop pipe: 0.00 pkt/s 0.00 MB/s

=== monitoring snapshot ===
Worker statistics:
  lcore=2 queue=0 rate=4377886.17 pkt/s 6304.37 MB/s
  lcore=3 queue=1 rate=4368891.51 pkt/s 6291.41 MB/s
  lcore=4 queue=2 rate=4371207.13 pkt/s 6294.75 MB/s
  lcore=5 queue=3 rate=4367427.38 pkt/s 6289.31 MB/s

Port 0 statistics:
  RX rate: 8746407.12 pkt/s 12594.82 MB/s (missed=0 errors=0 no_mbuf=0)
  RX queue  0: rate=2188907.66 pkt/s 3151.71 MB/s (errors=0)
  RX queue  1: rate=2186400.15 pkt/s 3148.52 MB/s (errors=0)
  RX queue  2: rate=2188204.08 pkt/s 3151.12 MB/s (errors=0)
  RX queue  3: rate=2182895.23 pkt/s 3143.47 MB/s (errors=0)

Port 1 statistics:
  RX rate: 8739064.12 pkt/s 12582.51 MB/s (missed=0 errors=0 no_mbuf=0)
  RX queue  0: rate=2188901.31 pkt/s 3151.66 MB/s (errors=0)
  RX queue  1: rate=2182469.15 pkt/s 3142.19 MB/s (errors=0)
  RX queue  2: rate=2183016.82 pkt/s 3143.15 MB/s (errors=0)
  RX queue  3: rate=2184676.83 pkt/s 3145.52 MB/s (errors=0)
DOCA software EGRESS host=2 packets=178906623 bytes=260488043088
DOCA software EGRESS host=3 packets=182360182 bytes=265516424992
DOCA ARP port=0 to_host=0 to_uplink=0
DOCA ARP port=1 to_host=0 to_uplink=0
DOCA To-Host pipe: 0.00 pkt/s 0.00 MB/s
DOCA To-Host pipe: 0.00 pkt/s 0.00 MB/s
DOCA Host decrypt pipe: 1094518.70 pkt/s 1576.16 MB/s
DOCA Host decrypt pipe: 1093047.57 pkt/s 1574.04 MB/s
DOCA Host decrypt pipe: 1094112.94 pkt/s 1575.58 MB/s
DOCA Host decrypt pipe: 1088442.30 pkt/s 1567.41 MB/s
DOCA Host decrypt pipe: 1095222.28 pkt/s 1577.17 MB/s
DOCA Host decrypt pipe: 1094007.00 pkt/s 1575.42 MB/s
DOCA Host decrypt pipe: 1095094.36 pkt/s 1576.99 MB/s
DOCA Host decrypt pipe: 1094966.43 pkt/s 1576.80 MB/s
DOCA Host decrypt pipe: 1095797.94 pkt/s 1578.00 MB/s
DOCA Host decrypt pipe: 1091415.54 pkt/s 1571.69 MB/s
DOCA Host decrypt pipe: 1094007.00 pkt/s 1575.42 MB/s
DOCA Host decrypt pipe: 1091000.79 pkt/s 1571.09 MB/s
DOCA Host decrypt pipe: 1093923.05 pkt/s 1575.30 MB/s
DOCA Host decrypt pipe: 1091896.26 pkt/s 1572.38 MB/s
DOCA Host decrypt pipe: 1090105.32 pkt/s 1569.80 MB/s
DOCA Host decrypt pipe: 1094646.62 pkt/s 1576.34 MB/s
DOCA Authenticated ESP RSS pipe: 2189740.98 pkt/s 3153.33 MB/s
DOCA Authenticated ESP RSS pipe: 2187054.58 pkt/s 3149.46 MB/s
DOCA Authenticated ESP RSS pipe: 2189207.30 pkt/s 3152.56 MB/s
DOCA Authenticated ESP RSS pipe: 2183408.74 pkt/s 3144.21 MB/s
DOCA Authenticated ESP RSS pipe: 2189719.00 pkt/s 3153.30 MB/s
DOCA Authenticated ESP RSS pipe: 2183314.79 pkt/s 3144.08 MB/s
DOCA Authenticated ESP RSS pipe: 2184112.32 pkt/s 3145.23 MB/s
DOCA Authenticated ESP RSS pipe: 2185647.41 pkt/s 3147.44 MB/s
DOCA Drop pipe: 0.00 pkt/s 0.00 MB/s
DOCA Drop pipe: 0.00 pkt/s 0.00 MB/s

=== monitoring snapshot ===
Worker statistics:
  lcore=2 queue=0 rate=4376768.35 pkt/s 6302.76 MB/s
  lcore=3 queue=1 rate=4372805.48 pkt/s 6297.05 MB/s
  lcore=4 queue=2 rate=4375227.56 pkt/s 6300.54 MB/s
  lcore=5 queue=3 rate=4374465.17 pkt/s 6299.44 MB/s

Port 0 statistics:
  RX rate: 8757695.37 pkt/s 12611.14 MB/s (missed=0 errors=0 no_mbuf=0)
  RX queue  0: rate=2191073.04 pkt/s 3154.88 MB/s (errors=0)
  RX queue  1: rate=2188346.20 pkt/s 3151.32 MB/s (errors=0)
  RX queue  2: rate=2190328.63 pkt/s 3154.18 MB/s (errors=0)
  RX queue  3: rate=2187947.51 pkt/s 3150.75 MB/s (errors=0)

Port 1 statistics:
  RX rate: 8741619.02 pkt/s 12586.07 MB/s (missed=0 errors=0 no_mbuf=0)
  RX queue  0: rate=2185741.48 pkt/s 3147.07 MB/s (errors=0)
  RX queue  1: rate=2184458.53 pkt/s 3145.04 MB/s (errors=0)
  RX queue  2: rate=2184910.16 pkt/s 3145.80 MB/s (errors=0)
  RX queue  3: rate=2186508.86 pkt/s 3148.16 MB/s (errors=0)
DOCA software EGRESS host=2 packets=187653760 bytes=273223874560
DOCA software EGRESS host=3 packets=191099055 bytes=278240224080
DOCA ARP port=0 to_host=0 to_uplink=0
DOCA ARP port=1 to_host=0 to_uplink=0
DOCA To-Host pipe: 0.00 pkt/s 0.00 MB/s
DOCA To-Host pipe: 0.00 pkt/s 0.00 MB/s
DOCA Host decrypt pipe: 1093373.53 pkt/s 1574.51 MB/s
DOCA Host decrypt pipe: 1091838.80 pkt/s 1572.30 MB/s
DOCA Host decrypt pipe: 1092606.17 pkt/s 1573.41 MB/s
DOCA Host decrypt pipe: 1087234.58 pkt/s 1565.67 MB/s
DOCA Host decrypt pipe: 1093949.06 pkt/s 1575.34 MB/s
DOCA Host decrypt pipe: 1092989.85 pkt/s 1573.96 MB/s
DOCA Host decrypt pipe: 1093949.06 pkt/s 1575.34 MB/s
DOCA Host decrypt pipe: 1094076.96 pkt/s 1575.52 MB/s
DOCA Host decrypt pipe: 1093245.64 pkt/s 1574.33 MB/s
DOCA Host decrypt pipe: 1090240.11 pkt/s 1570.00 MB/s
DOCA Host decrypt pipe: 1092094.59 pkt/s 1572.67 MB/s
DOCA Host decrypt pipe: 1090048.27 pkt/s 1569.72 MB/s
DOCA Host decrypt pipe: 1092817.99 pkt/s 1573.71 MB/s
DOCA Host decrypt pipe: 1090694.74 pkt/s 1570.65 MB/s
DOCA Host decrypt pipe: 1089153.00 pkt/s 1568.43 MB/s
DOCA Host decrypt pipe: 1093181.69 pkt/s 1574.23 MB/s
DOCA Authenticated ESP RSS pipe: 2187322.60 pkt/s 3149.85 MB/s
DOCA Authenticated ESP RSS pipe: 2184828.65 pkt/s 3146.26 MB/s
DOCA Authenticated ESP RSS pipe: 2186555.23 pkt/s 3148.74 MB/s
DOCA Authenticated ESP RSS pipe: 2181311.54 pkt/s 3141.19 MB/s
DOCA Authenticated ESP RSS pipe: 2186065.63 pkt/s 3148.04 MB/s
DOCA Authenticated ESP RSS pipe: 2180928.85 pkt/s 3140.64 MB/s
DOCA Authenticated ESP RSS pipe: 2181247.59 pkt/s 3141.10 MB/s
DOCA Authenticated ESP RSS pipe: 2183229.96 pkt/s 3143.96 MB/s
DOCA Drop pipe: 0.00 pkt/s 0.00 MB/s
DOCA Drop pipe: 0.00 pkt/s 0.00 MB/s

=== monitoring snapshot ===
Worker statistics:
  lcore=2 queue=0 rate=4367459.64 pkt/s 6289.35 MB/s
  lcore=3 queue=1 rate=4365160.12 pkt/s 6286.04 MB/s
  lcore=4 queue=2 rate=4365192.10 pkt/s 6286.09 MB/s
  lcore=5 queue=3 rate=4365288.04 pkt/s 6286.23 MB/s

Port 0 statistics:
  RX rate: 8741007.28 pkt/s 12587.36 MB/s (missed=0 errors=0 no_mbuf=0)
  RX queue  0: rate=2187019.68 pkt/s 3149.30 MB/s (errors=0)
  RX queue  1: rate=2184316.42 pkt/s 3145.52 MB/s (errors=0)
  RX queue  2: rate=2186427.06 pkt/s 3148.56 MB/s (errors=0)
  RX queue  3: rate=2183244.12 pkt/s 3143.98 MB/s (errors=0)

Port 1 statistics:
  RX rate: 8721902.43 pkt/s 12557.69 MB/s (missed=0 errors=0 no_mbuf=0)
  RX queue  0: rate=2180359.93 pkt/s 3139.32 MB/s (errors=0)
  RX queue  1: rate=2180838.63 pkt/s 3139.92 MB/s (errors=0)
  RX queue  2: rate=2178784.93 pkt/s 3136.93 MB/s (errors=0)
  RX queue  3: rate=2181918.95 pkt/s 3141.53 MB/s (errors=0)
DOCA software EGRESS host=2 packets=196412515 bytes=285976621840
DOCA software EGRESS host=3 packets=199838665 bytes=290965096240
DOCA ARP port=0 to_host=0 to_uplink=0
DOCA ARP port=1 to_host=0 to_uplink=0
DOCA To-Host pipe: 0.00 pkt/s 0.00 MB/s
DOCA To-Host pipe: 0.00 pkt/s 0.00 MB/s
DOCA Host decrypt pipe: 1094853.60 pkt/s 1576.64 MB/s
DOCA Host decrypt pipe: 1093126.70 pkt/s 1574.16 MB/s
DOCA Host decrypt pipe: 1094022.13 pkt/s 1575.44 MB/s
DOCA Host decrypt pipe: 1091911.48 pkt/s 1572.41 MB/s
DOCA Host decrypt pipe: 1095045.48 pkt/s 1576.92 MB/s
DOCA Host decrypt pipe: 1093958.17 pkt/s 1575.35 MB/s
DOCA Host decrypt pipe: 1095109.44 pkt/s 1577.01 MB/s
DOCA Host decrypt pipe: 1095109.44 pkt/s 1577.01 MB/s
DOCA Host decrypt pipe: 1089161.23 pkt/s 1568.44 MB/s
DOCA Host decrypt pipe: 1091591.68 pkt/s 1571.94 MB/s
DOCA Host decrypt pipe: 1092934.82 pkt/s 1573.88 MB/s
DOCA Host decrypt pipe: 1090632.29 pkt/s 1570.56 MB/s
DOCA Host decrypt pipe: 1093574.42 pkt/s 1574.80 MB/s
DOCA Host decrypt pipe: 1091904.48 pkt/s 1572.40 MB/s
DOCA Host decrypt pipe: 1089992.70 pkt/s 1569.64 MB/s
DOCA Host decrypt pipe: 1094381.90 pkt/s 1575.96 MB/s
DOCA Authenticated ESP RSS pipe: 2189899.08 pkt/s 3153.56 MB/s
DOCA Authenticated ESP RSS pipe: 2187084.87 pkt/s 3149.51 MB/s
DOCA Authenticated ESP RSS pipe: 2189131.57 pkt/s 3152.46 MB/s
DOCA Authenticated ESP RSS pipe: 2187020.91 pkt/s 3149.42 MB/s
DOCA Authenticated ESP RSS pipe: 2182735.65 pkt/s 3143.24 MB/s
DOCA Authenticated ESP RSS pipe: 2183502.16 pkt/s 3144.35 MB/s
DOCA Authenticated ESP RSS pipe: 2182927.53 pkt/s 3143.52 MB/s
DOCA Authenticated ESP RSS pipe: 2185011.20 pkt/s 3146.52 MB/s
DOCA Drop pipe: 0.00 pkt/s 0.00 MB/s
DOCA Drop pipe: 0.00 pkt/s 0.00 MB/s

=== monitoring snapshot ===
Worker statistics:
  lcore=2 queue=0 rate=4373955.82 pkt/s 6298.71 MB/s
  lcore=3 queue=1 rate=4372228.86 pkt/s 6296.22 MB/s
  lcore=4 queue=2 rate=4372999.39 pkt/s 6297.33 MB/s
  lcore=5 queue=3 rate=4375688.78 pkt/s 6301.20 MB/s

Port 0 statistics:
  RX rate: 8758144.04 pkt/s 12611.76 MB/s (missed=0 errors=0 no_mbuf=0)
  RX queue  0: rate=2190579.89 pkt/s 3154.15 MB/s (errors=0)
  RX queue  1: rate=2187951.45 pkt/s 3150.76 MB/s (errors=0)
  RX queue  2: rate=2190062.20 pkt/s 3153.80 MB/s (errors=0)
  RX queue  3: rate=2189550.50 pkt/s 3153.06 MB/s (errors=0)

Port 1 statistics:
  RX rate: 8736734.25 pkt/s 12579.00 MB/s (missed=0 errors=0 no_mbuf=0)
  RX queue  0: rate=2183395.52 pkt/s 3143.60 MB/s (errors=0)
  RX queue  1: rate=2184264.02 pkt/s 3144.84 MB/s (errors=0)
  RX queue  2: rate=2182859.83 pkt/s 3142.88 MB/s (errors=0)
  RX queue  3: rate=2186214.88 pkt/s 3147.68 MB/s (errors=0)
DOCA software EGRESS host=2 packets=205154595 bytes=298705090320
DOCA software EGRESS host=3 packets=208564800 bytes=303670348800
DOCA ARP port=0 to_host=0 to_uplink=0
DOCA ARP port=1 to_host=0 to_uplink=0
DOCA To-Host pipe: 0.00 pkt/s 0.00 MB/s
DOCA To-Host pipe: 0.00 pkt/s 0.00 MB/s
DOCA Host decrypt pipe: 1092881.75 pkt/s 1573.80 MB/s
DOCA Host decrypt pipe: 1091163.73 pkt/s 1571.33 MB/s
DOCA Host decrypt pipe: 1092434.01 pkt/s 1573.16 MB/s
DOCA Host decrypt pipe: 1089171.86 pkt/s 1568.46 MB/s
DOCA Host decrypt pipe: 1093073.64 pkt/s 1574.08 MB/s
DOCA Host decrypt pipe: 1092242.12 pkt/s 1572.88 MB/s
DOCA Host decrypt pipe: 1093009.68 pkt/s 1573.99 MB/s
DOCA Host decrypt pipe: 1093201.57 pkt/s 1574.26 MB/s
DOCA Host decrypt pipe: 1087700.70 pkt/s 1566.34 MB/s
DOCA Host decrypt pipe: 1089939.43 pkt/s 1569.57 MB/s
DOCA Host decrypt pipe: 1090782.95 pkt/s 1570.78 MB/s
DOCA Host decrypt pipe: 1088979.97 pkt/s 1568.18 MB/s
DOCA Host decrypt pipe: 1091986.26 pkt/s 1572.51 MB/s
DOCA Host decrypt pipe: 1090387.17 pkt/s 1570.21 MB/s
DOCA Host decrypt pipe: 1088596.19 pkt/s 1567.63 MB/s
DOCA Host decrypt pipe: 1092713.85 pkt/s 1573.56 MB/s
DOCA Authenticated ESP RSS pipe: 2185955.40 pkt/s 3147.88 MB/s
DOCA Authenticated ESP RSS pipe: 2183403.85 pkt/s 3144.21 MB/s
DOCA Authenticated ESP RSS pipe: 2185443.69 pkt/s 3147.14 MB/s
DOCA Authenticated ESP RSS pipe: 2182373.44 pkt/s 3142.72 MB/s
DOCA Authenticated ESP RSS pipe: 2179686.96 pkt/s 3138.85 MB/s
DOCA Authenticated ESP RSS pipe: 2180326.60 pkt/s 3139.78 MB/s
DOCA Authenticated ESP RSS pipe: 2179375.14 pkt/s 3138.41 MB/s
DOCA Authenticated ESP RSS pipe: 2181696.82 pkt/s 3141.75 MB/s
DOCA Drop pipe: 0.00 pkt/s 0.00 MB/s
DOCA Drop pipe: 0.00 pkt/s 0.00 MB/s

=== monitoring snapshot ===
Worker statistics:
  lcore=2 queue=0 rate=4380606.81 pkt/s 6308.29 MB/s
  lcore=3 queue=1 rate=4372800.32 pkt/s 6297.04 MB/s
  lcore=4 queue=2 rate=4376254.32 pkt/s 6302.02 MB/s
  lcore=5 queue=3 rate=4372093.73 pkt/s 6296.03 MB/s

Port 0 statistics:
  RX rate: 8755580.37 pkt/s 12608.05 MB/s (missed=0 errors=0 no_mbuf=0)
  RX queue  0: rate=2191300.19 pkt/s 3155.17 MB/s (errors=0)
  RX queue  1: rate=2188347.91 pkt/s 3151.33 MB/s (errors=0)
  RX queue  2: rate=2190660.56 pkt/s 3154.66 MB/s (errors=0)
  RX queue  3: rate=2185271.70 pkt/s 3146.90 MB/s (errors=0)

Port 1 statistics:
  RX rate: 8746289.19 pkt/s 12592.83 MB/s (missed=0 errors=0 no_mbuf=0)
  RX queue  0: rate=2189337.37 pkt/s 3152.22 MB/s (errors=0)
  RX queue  1: rate=2184530.29 pkt/s 3145.27 MB/s (errors=0)
  RX queue  2: rate=2185553.67 pkt/s 3146.72 MB/s (errors=0)
  RX queue  3: rate=2186867.87 pkt/s 3148.61 MB/s (errors=0)
DOCA software EGRESS host=2 packets=213913184 bytes=311457595904
DOCA software EGRESS host=3 packets=217303945 bytes=316394543920
DOCA ARP port=0 to_host=0 to_uplink=0
DOCA ARP port=1 to_host=0 to_uplink=0
DOCA To-Host pipe: 0.00 pkt/s 0.00 MB/s
DOCA To-Host pipe: 0.00 pkt/s 0.00 MB/s
DOCA Host decrypt pipe: 1094560.79 pkt/s 1576.22 MB/s
DOCA Host decrypt pipe: 1092952.78 pkt/s 1573.90 MB/s
DOCA Host decrypt pipe: 1093985.14 pkt/s 1575.39 MB/s
DOCA Host decrypt pipe: 1093345.54 pkt/s 1574.47 MB/s
DOCA Host decrypt pipe: 1094816.63 pkt/s 1576.59 MB/s
DOCA Host decrypt pipe: 1093793.26 pkt/s 1575.12 MB/s
DOCA Host decrypt pipe: 1094880.59 pkt/s 1576.68 MB/s
DOCA Host decrypt pipe: 1094816.63 pkt/s 1576.59 MB/s
DOCA Host decrypt pipe: 1090595.22 pkt/s 1570.51 MB/s
DOCA Host decrypt pipe: 1091362.75 pkt/s 1571.61 MB/s
DOCA Host decrypt pipe: 1091798.48 pkt/s 1572.24 MB/s
DOCA Host decrypt pipe: 1090595.22 pkt/s 1570.51 MB/s
DOCA Host decrypt pipe: 1093473.46 pkt/s 1574.65 MB/s
DOCA Host decrypt pipe: 1091682.56 pkt/s 1572.08 MB/s
DOCA Host decrypt pipe: 1089891.65 pkt/s 1569.50 MB/s
DOCA Host decrypt pipe: 1094432.87 pkt/s 1576.04 MB/s
DOCA Authenticated ESP RSS pipe: 2189377.42 pkt/s 3152.81 MB/s
DOCA Authenticated ESP RSS pipe: 2186748.04 pkt/s 3149.02 MB/s
DOCA Authenticated ESP RSS pipe: 2188865.74 pkt/s 3152.07 MB/s
DOCA Authenticated ESP RSS pipe: 2188162.17 pkt/s 3151.06 MB/s
DOCA Authenticated ESP RSS pipe: 2184068.68 pkt/s 3145.16 MB/s
DOCA Authenticated ESP RSS pipe: 2183045.31 pkt/s 3143.69 MB/s
DOCA Authenticated ESP RSS pipe: 2181694.13 pkt/s 3141.74 MB/s
DOCA Authenticated ESP RSS pipe: 2185028.09 pkt/s 3146.55 MB/s
DOCA Drop pipe: 0.00 pkt/s 0.00 MB/s
DOCA Drop pipe: 0.00 pkt/s 0.00 MB/s

=== monitoring snapshot ===
Worker statistics:
  lcore=2 queue=0 rate=4382473.59 pkt/s 6310.97 MB/s
  lcore=3 queue=1 rate=4373298.06 pkt/s 6297.76 MB/s
  lcore=4 queue=2 rate=4376653.06 pkt/s 6302.59 MB/s
  lcore=5 queue=3 rate=4371408.19 pkt/s 6295.04 MB/s

Port 0 statistics:
  RX rate: 8754840.22 pkt/s 12607.10 MB/s (missed=0 errors=0 no_mbuf=0)
  RX queue  0: rate=2191360.73 pkt/s 3155.38 MB/s (errors=0)
  RX queue  1: rate=2188467.45 pkt/s 3151.50 MB/s (errors=0)
  RX queue  2: rate=2190760.08 pkt/s 3154.80 MB/s (errors=0)
  RX queue  3: rate=2184251.96 pkt/s 3145.43 MB/s (errors=0)

Port 1 statistics:
  RX rate: 8749025.84 pkt/s 12596.84 MB/s (missed=0 errors=0 no_mbuf=0)
  RX queue  0: rate=2191079.70 pkt/s 3154.71 MB/s (errors=0)
  RX queue  1: rate=2184791.42 pkt/s 3145.51 MB/s (errors=0)
  RX queue  2: rate=2186033.68 pkt/s 3147.42 MB/s (errors=0)
  RX queue  3: rate=2187121.04 pkt/s 3149.20 MB/s (errors=0)
DOCA software EGRESS host=2 packets=222669344 bytes=324206564864
DOCA software EGRESS host=3 packets=226054041 bytes=329134683696
DOCA ARP port=0 to_host=0 to_uplink=0
DOCA ARP port=1 to_host=0 to_uplink=0
DOCA To-Host pipe: 0.00 pkt/s 0.00 MB/s
DOCA To-Host pipe: 0.00 pkt/s 0.00 MB/s
DOCA Host decrypt pipe: 1094850.40 pkt/s 1576.64 MB/s
DOCA Host decrypt pipe: 1093123.40 pkt/s 1574.15 MB/s
DOCA Host decrypt pipe: 1094402.66 pkt/s 1575.99 MB/s
DOCA Host decrypt pipe: 1088773.94 pkt/s 1567.89 MB/s
DOCA Host decrypt pipe: 1095426.06 pkt/s 1577.47 MB/s
DOCA Host decrypt pipe: 1094146.81 pkt/s 1575.62 MB/s
DOCA Host decrypt pipe: 1095170.21 pkt/s 1577.10 MB/s
DOCA Host decrypt pipe: 1095220.18 pkt/s 1577.17 MB/s
DOCA Host decrypt pipe: 1096001.73 pkt/s 1578.30 MB/s
DOCA Host decrypt pipe: 1091652.26 pkt/s 1572.03 MB/s
DOCA Host decrypt pipe: 1094658.51 pkt/s 1576.36 MB/s
DOCA Host decrypt pipe: 1091268.48 pkt/s 1571.48 MB/s
DOCA Host decrypt pipe: 1094146.81 pkt/s 1575.62 MB/s
DOCA Host decrypt pipe: 1092100.00 pkt/s 1572.68 MB/s
DOCA Host decrypt pipe: 1090309.04 pkt/s 1570.10 MB/s
DOCA Host decrypt pipe: 1094850.40 pkt/s 1576.64 MB/s
DOCA Authenticated ESP RSS pipe: 2190276.46 pkt/s 3154.10 MB/s
DOCA Authenticated ESP RSS pipe: 2187270.21 pkt/s 3149.77 MB/s
DOCA Authenticated ESP RSS pipe: 2189572.87 pkt/s 3153.09 MB/s
DOCA Authenticated ESP RSS pipe: 2183992.12 pkt/s 3145.05 MB/s
DOCA Authenticated ESP RSS pipe: 2190148.53 pkt/s 3153.92 MB/s
DOCA Authenticated ESP RSS pipe: 2183752.26 pkt/s 3144.71 MB/s
DOCA Authenticated ESP RSS pipe: 2184967.55 pkt/s 3146.46 MB/s
DOCA Authenticated ESP RSS pipe: 2186118.88 pkt/s 3148.12 MB/s
DOCA Drop pipe: 0.00 pkt/s 0.00 MB/s
DOCA Drop pipe: 0.00 pkt/s 0.00 MB/s

=== monitoring snapshot ===
Worker statistics:
  lcore=2 queue=0 rate=4381925.32 pkt/s 6310.18 MB/s
  lcore=3 queue=1 rate=4372887.76 pkt/s 6297.17 MB/s
  lcore=4 queue=2 rate=4374998.49 pkt/s 6300.21 MB/s
  lcore=5 queue=3 rate=4370745.05 pkt/s 6294.08 MB/s

Port 0 statistics:
  RX rate: 8753773.46 pkt/s 12605.40 MB/s (missed=0 errors=0 no_mbuf=0)
  RX queue  0: rate=2191035.80 pkt/s 3154.74 MB/s (errors=0)
  RX queue  1: rate=2188291.46 pkt/s 3151.25 MB/s (errors=0)
  RX queue  2: rate=2190357.21 pkt/s 3154.22 MB/s (errors=0)
  RX queue  3: rate=2184088.99 pkt/s 3145.19 MB/s (errors=0)

Port 1 statistics:
  RX rate: 8746753.83 pkt/s 12593.46 MB/s (missed=0 errors=0 no_mbuf=0)
  RX queue  0: rate=2190885.46 pkt/s 3154.31 MB/s (errors=0)
  RX queue  1: rate=2184647.17 pkt/s 3145.49 MB/s (errors=0)
  RX queue  2: rate=2184556.23 pkt/s 3145.30 MB/s (errors=0)
  RX queue  3: rate=2186664.97 pkt/s 3148.37 MB/s (errors=0)
DOCA software EGRESS host=2 packets=231425024 bytes=336954834944
DOCA software EGRESS host=3 packets=234803782 bytes=341874306592
DOCA ARP port=0 to_host=0 to_uplink=0
DOCA ARP port=1 to_host=0 to_uplink=0
DOCA To-Host pipe: 0.00 pkt/s 0.00 MB/s
DOCA To-Host pipe: 0.00 pkt/s 0.00 MB/s
DOCA Host decrypt pipe: 1094835.28 pkt/s 1576.62 MB/s
DOCA Host decrypt pipe: 1093172.27 pkt/s 1574.22 MB/s
DOCA Host decrypt pipe: 1094323.59 pkt/s 1575.88 MB/s
DOCA Host decrypt pipe: 1087927.40 pkt/s 1566.67 MB/s
DOCA Host decrypt pipe: 1095346.98 pkt/s 1577.35 MB/s
DOCA Host decrypt pipe: 1094195.66 pkt/s 1575.69 MB/s
DOCA Host decrypt pipe: 1095346.98 pkt/s 1577.35 MB/s
DOCA Host decrypt pipe: 1095173.08 pkt/s 1577.10 MB/s
DOCA Host decrypt pipe: 1095986.60 pkt/s 1578.27 MB/s
DOCA Host decrypt pipe: 1091743.13 pkt/s 1572.16 MB/s
DOCA Host decrypt pipe: 1094466.50 pkt/s 1576.08 MB/s
DOCA Host decrypt pipe: 1091381.34 pkt/s 1571.64 MB/s
DOCA Host decrypt pipe: 1094003.78 pkt/s 1575.42 MB/s
DOCA Host decrypt pipe: 1092084.92 pkt/s 1572.65 MB/s
DOCA Host decrypt pipe: 1090230.03 pkt/s 1569.98 MB/s
DOCA Host decrypt pipe: 1094707.36 pkt/s 1576.43 MB/s
DOCA Authenticated ESP RSS pipe: 2190182.26 pkt/s 3153.97 MB/s
DOCA Authenticated ESP RSS pipe: 2187367.94 pkt/s 3149.92 MB/s
DOCA Authenticated ESP RSS pipe: 2189670.56 pkt/s 3153.23 MB/s
DOCA Authenticated ESP RSS pipe: 2183098.48 pkt/s 3143.77 MB/s
DOCA Authenticated ESP RSS pipe: 2189990.37 pkt/s 3153.69 MB/s
DOCA Authenticated ESP RSS pipe: 2183826.05 pkt/s 3144.81 MB/s
DOCA Authenticated ESP RSS pipe: 2184696.53 pkt/s 3146.07 MB/s
DOCA Authenticated ESP RSS pipe: 2186088.70 pkt/s 3148.07 MB/s
DOCA Drop pipe: 0.00 pkt/s 0.00 MB/s
DOCA Drop pipe: 0.00 pkt/s 0.00 MB/s

=== monitoring snapshot ===
Worker statistics:
  lcore=2 queue=0 rate=4373599.57 pkt/s 6298.19 MB/s
  lcore=3 queue=1 rate=4364828.81 pkt/s 6285.56 MB/s
  lcore=4 queue=2 rate=4363456.78 pkt/s 6283.59 MB/s
  lcore=5 queue=3 rate=4362369.56 pkt/s 6282.02 MB/s

Port 0 statistics:
  RX rate: 8737586.59 pkt/s 12582.09 MB/s (missed=0 errors=0 no_mbuf=0)
  RX queue  0: rate=2186882.37 pkt/s 3148.76 MB/s (errors=0)
  RX queue  1: rate=2184161.31 pkt/s 3145.30 MB/s (errors=0)
  RX queue  2: rate=2186274.81 pkt/s 3148.34 MB/s (errors=0)
  RX queue  3: rate=2180268.09 pkt/s 3139.69 MB/s (errors=0)

Port 1 statistics:
  RX rate: 8726670.23 pkt/s 12564.60 MB/s (missed=0 errors=0 no_mbuf=0)
  RX queue  0: rate=2186723.54 pkt/s 3148.45 MB/s (errors=0)
  RX queue  1: rate=2180645.07 pkt/s 3139.61 MB/s (errors=0)
  RX queue  2: rate=2177247.61 pkt/s 3134.82 MB/s (errors=0)
  RX queue  3: rate=2182054.02 pkt/s 3141.73 MB/s (errors=0)
DOCA software EGRESS host=2 packets=240179489 bytes=349701335984
DOCA software EGRESS host=3 packets=243550752 bytes=354609894912
DOCA ARP port=0 to_host=0 to_uplink=0
DOCA ARP port=1 to_host=0 to_uplink=0
DOCA To-Host pipe: 0.00 pkt/s 0.00 MB/s
DOCA To-Host pipe: 0.00 pkt/s 0.00 MB/s
DOCA Host decrypt pipe: 1094440.73 pkt/s 1576.05 MB/s
DOCA Host decrypt pipe: 1092841.98 pkt/s 1573.75 MB/s
DOCA Host decrypt pipe: 1093865.18 pkt/s 1575.22 MB/s
DOCA Host decrypt pipe: 1087598.08 pkt/s 1566.19 MB/s
DOCA Host decrypt pipe: 1095016.28 pkt/s 1576.88 MB/s
DOCA Host decrypt pipe: 1093993.08 pkt/s 1575.40 MB/s
DOCA Host decrypt pipe: 1094952.33 pkt/s 1576.78 MB/s
DOCA Host decrypt pipe: 1095012.28 pkt/s 1576.87 MB/s
DOCA Host decrypt pipe: 1095719.73 pkt/s 1577.89 MB/s
DOCA Host decrypt pipe: 1091329.16 pkt/s 1571.57 MB/s
DOCA Host decrypt pipe: 1092187.49 pkt/s 1572.80 MB/s
DOCA Host decrypt pipe: 1090859.53 pkt/s 1570.89 MB/s
DOCA Host decrypt pipe: 1093801.23 pkt/s 1575.13 MB/s
DOCA Host decrypt pipe: 1091882.73 pkt/s 1572.36 MB/s
DOCA Host decrypt pipe: 1089910.27 pkt/s 1569.52 MB/s
DOCA Host decrypt pipe: 1094312.83 pkt/s 1575.86 MB/s
DOCA Authenticated ESP RSS pipe: 2189457.01 pkt/s 3152.92 MB/s
DOCA Authenticated ESP RSS pipe: 2186835.06 pkt/s 3149.15 MB/s
DOCA Authenticated ESP RSS pipe: 2188817.51 pkt/s 3152.00 MB/s
DOCA Authenticated ESP RSS pipe: 2182614.35 pkt/s 3143.07 MB/s
DOCA Authenticated ESP RSS pipe: 2189520.96 pkt/s 3153.02 MB/s
DOCA Authenticated ESP RSS pipe: 2183213.89 pkt/s 3143.93 MB/s
DOCA Authenticated ESP RSS pipe: 2182095.76 pkt/s 3142.32 MB/s
DOCA Authenticated ESP RSS pipe: 2185172.36 pkt/s 3146.75 MB/s
DOCA Drop pipe: 0.00 pkt/s 0.00 MB/s
DOCA Drop pipe: 0.00 pkt/s 0.00 MB/s

=== monitoring snapshot ===
Worker statistics:
  lcore=2 queue=0 rate=2861302.24 pkt/s 4120.41 MB/s
  lcore=3 queue=1 rate=2855510.03 pkt/s 4112.07 MB/s
  lcore=4 queue=2 rate=2857620.65 pkt/s 4115.11 MB/s
  lcore=5 queue=3 rate=2854198.89 pkt/s 4110.18 MB/s

Port 0 statistics:
  RX rate: 5715855.85 pkt/s 8230.82 MB/s (missed=0 errors=0 no_mbuf=0)
  RX queue  0: rate=1430598.65 pkt/s 2059.84 MB/s (errors=0)
  RX queue  1: rate=1429181.57 pkt/s 2058.09 MB/s (errors=0)
  RX queue  2: rate=1429991.05 pkt/s 2059.26 MB/s (errors=0)
  RX queue  3: rate=1426084.58 pkt/s 2053.63 MB/s (errors=0)

Port 1 statistics:
  RX rate: 5710599.87 pkt/s 8222.08 MB/s (missed=0 errors=0 no_mbuf=0)
  RX queue  0: rate=1430124.25 pkt/s 2059.09 MB/s (errors=0)
  RX queue  1: rate=1425777.83 pkt/s 2052.72 MB/s (errors=0)
  RX queue  2: rate=1427065.06 pkt/s 2054.69 MB/s (errors=0)
  RX queue  3: rate=1427632.73 pkt/s 2055.58 MB/s (errors=0)
DOCA software EGRESS host=2 packets=248918079 bytes=362424723024
DOCA software EGRESS host=3 packets=252302651 bytes=367352659856
DOCA ARP port=0 to_host=0 to_uplink=0
DOCA ARP port=1 to_host=0 to_uplink=0
DOCA To-Host pipe: 0.00 pkt/s 0.00 MB/s
DOCA To-Host pipe: 0.00 pkt/s 0.00 MB/s
DOCA Host decrypt pipe: 1092835.63 pkt/s 1573.74 MB/s
DOCA Host decrypt pipe: 1090980.65 pkt/s 1571.06 MB/s
DOCA Host decrypt pipe: 1092195.98 pkt/s 1572.81 MB/s
DOCA Host decrypt pipe: 1086183.31 pkt/s 1564.16 MB/s
DOCA Host decrypt pipe: 1093219.42 pkt/s 1574.29 MB/s
DOCA Host decrypt pipe: 1092132.02 pkt/s 1572.72 MB/s
DOCA Host decrypt pipe: 1093027.52 pkt/s 1574.01 MB/s
DOCA Host decrypt pipe: 1093155.45 pkt/s 1574.20 MB/s
DOCA Host decrypt pipe: 1096673.51 pkt/s 1579.26 MB/s
DOCA Host decrypt pipe: 1092372.89 pkt/s 1573.07 MB/s
DOCA Host decrypt pipe: 1092771.66 pkt/s 1573.64 MB/s
DOCA Host decrypt pipe: 1091620.30 pkt/s 1571.99 MB/s
DOCA Host decrypt pipe: 1094690.60 pkt/s 1576.41 MB/s
DOCA Host decrypt pipe: 1092844.62 pkt/s 1573.75 MB/s
DOCA Host decrypt pipe: 1090842.73 pkt/s 1570.87 MB/s
DOCA Host decrypt pipe: 1095394.21 pkt/s 1577.42 MB/s
DOCA Authenticated ESP RSS pipe: 2186055.05 pkt/s 3148.02 MB/s
DOCA Authenticated ESP RSS pipe: 2183112.67 pkt/s 3143.79 MB/s
DOCA Authenticated ESP RSS pipe: 2185223.51 pkt/s 3146.83 MB/s
DOCA Authenticated ESP RSS pipe: 2179338.76 pkt/s 3138.35 MB/s
DOCA Authenticated ESP RSS pipe: 2191364.11 pkt/s 3155.67 MB/s
DOCA Authenticated ESP RSS pipe: 2185214.51 pkt/s 3146.81 MB/s
DOCA Authenticated ESP RSS pipe: 2183616.39 pkt/s 3144.51 MB/s
DOCA Authenticated ESP RSS pipe: 2187014.52 pkt/s 3149.41 MB/s
DOCA Drop pipe: 0.00 pkt/s 0.00 MB/s
DOCA Drop pipe: 0.00 pkt/s 0.00 MB/s

=== monitoring snapshot ===
Worker statistics:
  lcore=2 queue=0 rate=0.00 pkt/s 0.00 MB/s
  lcore=3 queue=1 rate=0.00 pkt/s 0.00 MB/s
  lcore=4 queue=2 rate=0.00 pkt/s 0.00 MB/s
  lcore=5 queue=3 rate=0.00 pkt/s 0.00 MB/s

Port 0 statistics:
  RX rate: 0.00 pkt/s 0.00 MB/s (missed=0 errors=0 no_mbuf=0)
  RX queue  0: rate=0.00 pkt/s 0.00 MB/s (errors=0)
  RX queue  1: rate=0.00 pkt/s 0.00 MB/s (errors=0)
  RX queue  2: rate=0.00 pkt/s 0.00 MB/s (errors=0)
  RX queue  3: rate=0.00 pkt/s 0.00 MB/s (errors=0)

Port 1 statistics:
  RX rate: 0.00 pkt/s 0.00 MB/s (missed=0 errors=0 no_mbuf=0)
  RX queue  0: rate=0.00 pkt/s 0.00 MB/s (errors=0)
  RX queue  1: rate=0.00 pkt/s 0.00 MB/s (errors=0)
  RX queue  2: rate=0.00 pkt/s 0.00 MB/s (errors=0)
  RX queue  3: rate=0.00 pkt/s 0.00 MB/s (errors=0)
DOCA software EGRESS host=2 packets=254103104 bytes=369974119424
DOCA software EGRESS host=3 packets=253772288 bytes=369492451328
DOCA ARP port=0 to_host=0 to_uplink=0
DOCA ARP port=1 to_host=0 to_uplink=0
DOCA To-Host pipe: 0.00 pkt/s 0.00 MB/s
DOCA To-Host pipe: 0.00 pkt/s 0.00 MB/s
DOCA Host decrypt pipe: 648270.52 pkt/s 933.54 MB/s
DOCA Host decrypt pipe: 647694.85 pkt/s 932.71 MB/s
DOCA Host decrypt pipe: 647950.70 pkt/s 933.08 MB/s
DOCA Host decrypt pipe: 644240.82 pkt/s 927.74 MB/s
DOCA Host decrypt pipe: 648654.30 pkt/s 934.09 MB/s
DOCA Host decrypt pipe: 648014.66 pkt/s 933.17 MB/s
DOCA Host decrypt pipe: 648526.37 pkt/s 933.91 MB/s
DOCA Host decrypt pipe: 648590.34 pkt/s 934.00 MB/s
DOCA Host decrypt pipe: 184087.08 pkt/s 265.09 MB/s
DOCA Host decrypt pipe: 183206.58 pkt/s 263.83 MB/s
DOCA Host decrypt pipe: 183895.19 pkt/s 264.82 MB/s
DOCA Host decrypt pipe: 183319.52 pkt/s 263.99 MB/s
DOCA Host decrypt pipe: 183767.26 pkt/s 264.63 MB/s
DOCA Host decrypt pipe: 183374.49 pkt/s 264.07 MB/s
DOCA Host decrypt pipe: 183063.66 pkt/s 263.62 MB/s
DOCA Host decrypt pipe: 183831.23 pkt/s 264.73 MB/s
DOCA Authenticated ESP RSS pipe: 1296924.82 pkt/s 1867.63 MB/s
DOCA Authenticated ESP RSS pipe: 1295709.51 pkt/s 1865.88 MB/s
DOCA Authenticated ESP RSS pipe: 1296477.07 pkt/s 1866.99 MB/s
DOCA Authenticated ESP RSS pipe: 1292831.15 pkt/s 1861.74 MB/s
DOCA Authenticated ESP RSS pipe: 367854.34 pkt/s 529.73 MB/s
DOCA Authenticated ESP RSS pipe: 366584.07 pkt/s 527.90 MB/s
DOCA Authenticated ESP RSS pipe: 366958.85 pkt/s 528.44 MB/s
DOCA Authenticated ESP RSS pipe: 367150.74 pkt/s 528.71 MB/s
DOCA Drop pipe: 0.00 pkt/s 0.00 MB/s
DOCA Drop pipe: 0.00 pkt/s 0.00 MB/s

=== monitoring snapshot ===
Worker statistics:
  lcore=2 queue=0 rate=0.00 pkt/s 0.00 MB/s
  lcore=3 queue=1 rate=0.00 pkt/s 0.00 MB/s
  lcore=4 queue=2 rate=0.00 pkt/s 0.00 MB/s
  lcore=5 queue=3 rate=0.00 pkt/s 0.00 MB/s

Port 0 statistics:
  RX rate: 0.00 pkt/s 0.00 MB/s (missed=0 errors=0 no_mbuf=0)
  RX queue  0: rate=0.00 pkt/s 0.00 MB/s (errors=0)
  RX queue  1: rate=0.00 pkt/s 0.00 MB/s (errors=0)
  RX queue  2: rate=0.00 pkt/s 0.00 MB/s (errors=0)
  RX queue  3: rate=0.00 pkt/s 0.00 MB/s (errors=0)

Port 1 statistics:
  RX rate: 0.00 pkt/s 0.00 MB/s (missed=0 errors=0 no_mbuf=0)
  RX queue  0: rate=0.00 pkt/s 0.00 MB/s (errors=0)
  RX queue  1: rate=0.00 pkt/s 0.00 MB/s (errors=0)
  RX queue  2: rate=0.00 pkt/s 0.00 MB/s (errors=0)
  RX queue  3: rate=0.00 pkt/s 0.00 MB/s (errors=0)
DOCA software EGRESS host=2 packets=254103104 bytes=369974119424
DOCA software EGRESS host=3 packets=253772288 bytes=369492451328
DOCA ARP port=0 to_host=0 to_uplink=0
DOCA ARP port=1 to_host=0 to_uplink=0
DOCA To-Host pipe: 0.00 pkt/s 0.00 MB/s
DOCA To-Host pipe: 0.00 pkt/s 0.00 MB/s
DOCA Host decrypt pipe: 0.00 pkt/s 0.00 MB/s
DOCA Host decrypt pipe: 0.00 pkt/s 0.00 MB/s
DOCA Host decrypt pipe: 0.00 pkt/s 0.00 MB/s
DOCA Host decrypt pipe: 0.00 pkt/s 0.00 MB/s
DOCA Host decrypt pipe: 0.00 pkt/s 0.00 MB/s
DOCA Host decrypt pipe: 0.00 pkt/s 0.00 MB/s
DOCA Host decrypt pipe: 0.00 pkt/s 0.00 MB/s
DOCA Host decrypt pipe: 0.00 pkt/s 0.00 MB/s
DOCA Host decrypt pipe: 0.00 pkt/s 0.00 MB/s
DOCA Host decrypt pipe: 0.00 pkt/s 0.00 MB/s
DOCA Host decrypt pipe: 0.00 pkt/s 0.00 MB/s
DOCA Host decrypt pipe: 0.00 pkt/s 0.00 MB/s
DOCA Host decrypt pipe: 0.00 pkt/s 0.00 MB/s
DOCA Host decrypt pipe: 0.00 pkt/s 0.00 MB/s
DOCA Host decrypt pipe: 0.00 pkt/s 0.00 MB/s
DOCA Host decrypt pipe: 0.00 pkt/s 0.00 MB/s
DOCA Authenticated ESP RSS pipe: 0.00 pkt/s 0.00 MB/s
DOCA Authenticated ESP RSS pipe: 0.00 pkt/s 0.00 MB/s
DOCA Authenticated ESP RSS pipe: 0.00 pkt/s 0.00 MB/s
DOCA Authenticated ESP RSS pipe: 0.00 pkt/s 0.00 MB/s
DOCA Authenticated ESP RSS pipe: 0.00 pkt/s 0.00 MB/s
DOCA Authenticated ESP RSS pipe: 0.00 pkt/s 0.00 MB/s
DOCA Authenticated ESP RSS pipe: 0.00 pkt/s 0.00 MB/s
DOCA Authenticated ESP RSS pipe: 0.00 pkt/s 0.00 MB/s
DOCA Drop pipe: 0.00 pkt/s 0.00 MB/s
DOCA Drop pipe: 0.00 pkt/s 0.00 MB/s

=== monitoring snapshot ===
Worker statistics:
  lcore=2 queue=0 rate=0.00 pkt/s 0.00 MB/s
  lcore=3 queue=1 rate=0.00 pkt/s 0.00 MB/s
  lcore=4 queue=2 rate=0.00 pkt/s 0.00 MB/s
  lcore=5 queue=3 rate=0.00 pkt/s 0.00 MB/s

Port 0 statistics:
  RX rate: 0.00 pkt/s 0.00 MB/s (missed=0 errors=0 no_mbuf=0)
  RX queue  0: rate=0.00 pkt/s 0.00 MB/s (errors=0)
  RX queue  1: rate=0.00 pkt/s 0.00 MB/s (errors=0)
  RX queue  2: rate=0.00 pkt/s 0.00 MB/s (errors=0)
  RX queue  3: rate=0.00 pkt/s 0.00 MB/s (errors=0)

Port 1 statistics:
  RX rate: 0.00 pkt/s 0.00 MB/s (missed=0 errors=0 no_mbuf=0)
  RX queue  0: rate=0.00 pkt/s 0.00 MB/s (errors=0)
  RX queue  1: rate=0.00 pkt/s 0.00 MB/s (errors=0)
  RX queue  2: rate=0.00 pkt/s 0.00 MB/s (errors=0)
  RX queue  3: rate=0.00 pkt/s 0.00 MB/s (errors=0)
DOCA software EGRESS host=2 packets=254103104 bytes=369974119424
DOCA software EGRESS host=3 packets=253772288 bytes=369492451328
DOCA ARP port=0 to_host=0 to_uplink=0
DOCA ARP port=1 to_host=0 to_uplink=0
DOCA To-Host pipe: 0.00 pkt/s 0.00 MB/s
DOCA To-Host pipe: 0.00 pkt/s 0.00 MB/s
DOCA Host decrypt pipe: 0.00 pkt/s 0.00 MB/s
DOCA Host decrypt pipe: 0.00 pkt/s 0.00 MB/s
DOCA Host decrypt pipe: 0.00 pkt/s 0.00 MB/s
DOCA Host decrypt pipe: 0.00 pkt/s 0.00 MB/s
DOCA Host decrypt pipe: 0.00 pkt/s 0.00 MB/s
DOCA Host decrypt pipe: 0.00 pkt/s 0.00 MB/s
DOCA Host decrypt pipe: 0.00 pkt/s 0.00 MB/s
DOCA Host decrypt pipe: 0.00 pkt/s 0.00 MB/s
DOCA Host decrypt pipe: 0.00 pkt/s 0.00 MB/s
DOCA Host decrypt pipe: 0.00 pkt/s 0.00 MB/s
DOCA Host decrypt pipe: 0.00 pkt/s 0.00 MB/s
DOCA Host decrypt pipe: 0.00 pkt/s 0.00 MB/s
DOCA Host decrypt pipe: 0.00 pkt/s 0.00 MB/s
DOCA Host decrypt pipe: 0.00 pkt/s 0.00 MB/s
DOCA Host decrypt pipe: 0.00 pkt/s 0.00 MB/s
DOCA Host decrypt pipe: 0.00 pkt/s 0.00 MB/s
DOCA Authenticated ESP RSS pipe: 0.00 pkt/s 0.00 MB/s
DOCA Authenticated ESP RSS pipe: 0.00 pkt/s 0.00 MB/s
DOCA Authenticated ESP RSS pipe: 0.00 pkt/s 0.00 MB/s
DOCA Authenticated ESP RSS pipe: 0.00 pkt/s 0.00 MB/s
DOCA Authenticated ESP RSS pipe: 0.00 pkt/s 0.00 MB/s
DOCA Authenticated ESP RSS pipe: 0.00 pkt/s 0.00 MB/s
DOCA Authenticated ESP RSS pipe: 0.00 pkt/s 0.00 MB/s
DOCA Authenticated ESP RSS pipe: 0.00 pkt/s 0.00 MB/s
DOCA Drop pipe: 0.00 pkt/s 0.00 MB/s
DOCA Drop pipe: 0.00 pkt/s 0.00 MB/s

=== monitoring snapshot ===
Worker statistics:
  lcore=2 queue=0 rate=0.00 pkt/s 0.00 MB/s
  lcore=3 queue=1 rate=0.00 pkt/s 0.00 MB/s
  lcore=4 queue=2 rate=0.00 pkt/s 0.00 MB/s
  lcore=5 queue=3 rate=0.00 pkt/s 0.00 MB/s

Port 0 statistics:
  RX rate: 0.00 pkt/s 0.00 MB/s (missed=0 errors=0 no_mbuf=0)
  RX queue  0: rate=0.00 pkt/s 0.00 MB/s (errors=0)
  RX queue  1: rate=0.00 pkt/s 0.00 MB/s (errors=0)
  RX queue  2: rate=0.00 pkt/s 0.00 MB/s (errors=0)
  RX queue  3: rate=0.00 pkt/s 0.00 MB/s (errors=0)

Port 1 statistics:
  RX rate: 0.00 pkt/s 0.00 MB/s (missed=0 errors=0 no_mbuf=0)
  RX queue  0: rate=0.00 pkt/s 0.00 MB/s (errors=0)
  RX queue  1: rate=0.00 pkt/s 0.00 MB/s (errors=0)
  RX queue  2: rate=0.00 pkt/s 0.00 MB/s (errors=0)
  RX queue  3: rate=0.00 pkt/s 0.00 MB/s (errors=0)
DOCA software EGRESS host=2 packets=254103104 bytes=369974119424
DOCA software EGRESS host=3 packets=253772288 bytes=369492451328
DOCA ARP port=0 to_host=0 to_uplink=0
DOCA ARP port=1 to_host=0 to_uplink=0
DOCA To-Host pipe: 0.00 pkt/s 0.00 MB/s
DOCA To-Host pipe: 0.00 pkt/s 0.00 MB/s
DOCA Host decrypt pipe: 0.00 pkt/s 0.00 MB/s
DOCA Host decrypt pipe: 0.00 pkt/s 0.00 MB/s
DOCA Host decrypt pipe: 0.00 pkt/s 0.00 MB/s
DOCA Host decrypt pipe: 0.00 pkt/s 0.00 MB/s
DOCA Host decrypt pipe: 0.00 pkt/s 0.00 MB/s
DOCA Host decrypt pipe: 0.00 pkt/s 0.00 MB/s
DOCA Host decrypt pipe: 0.00 pkt/s 0.00 MB/s
DOCA Host decrypt pipe: 0.00 pkt/s 0.00 MB/s
DOCA Host decrypt pipe: 0.00 pkt/s 0.00 MB/s
DOCA Host decrypt pipe: 0.00 pkt/s 0.00 MB/s
DOCA Host decrypt pipe: 0.00 pkt/s 0.00 MB/s
DOCA Host decrypt pipe: 0.00 pkt/s 0.00 MB/s
DOCA Host decrypt pipe: 0.00 pkt/s 0.00 MB/s
DOCA Host decrypt pipe: 0.00 pkt/s 0.00 MB/s
DOCA Host decrypt pipe: 0.00 pkt/s 0.00 MB/s
DOCA Host decrypt pipe: 0.00 pkt/s 0.00 MB/s
DOCA Authenticated ESP RSS pipe: 0.00 pkt/s 0.00 MB/s
DOCA Authenticated ESP RSS pipe: 0.00 pkt/s 0.00 MB/s
DOCA Authenticated ESP RSS pipe: 0.00 pkt/s 0.00 MB/s
DOCA Authenticated ESP RSS pipe: 0.00 pkt/s 0.00 MB/s
DOCA Authenticated ESP RSS pipe: 0.00 pkt/s 0.00 MB/s
DOCA Authenticated ESP RSS pipe: 0.00 pkt/s 0.00 MB/s
DOCA Authenticated ESP RSS pipe: 0.00 pkt/s 0.00 MB/s
DOCA Authenticated ESP RSS pipe: 0.00 pkt/s 0.00 MB/s
DOCA Drop pipe: 0.00 pkt/s 0.00 MB/s
DOCA Drop pipe: 0.00 pkt/s 0.00 MB/s

=== monitoring snapshot ===
Worker statistics:
  lcore=2 queue=0 rate=0.00 pkt/s 0.00 MB/s
  lcore=3 queue=1 rate=0.00 pkt/s 0.00 MB/s
  lcore=4 queue=2 rate=0.00 pkt/s 0.00 MB/s
  lcore=5 queue=3 rate=0.00 pkt/s 0.00 MB/s

Port 0 statistics:
  RX rate: 0.00 pkt/s 0.00 MB/s (missed=0 errors=0 no_mbuf=0)
  RX queue  0: rate=0.00 pkt/s 0.00 MB/s (errors=0)
  RX queue  1: rate=0.00 pkt/s 0.00 MB/s (errors=0)
  RX queue  2: rate=0.00 pkt/s 0.00 MB/s (errors=0)
  RX queue  3: rate=0.00 pkt/s 0.00 MB/s (errors=0)

Port 1 statistics:
  RX rate: 0.00 pkt/s 0.00 MB/s (missed=0 errors=0 no_mbuf=0)
  RX queue  0: rate=0.00 pkt/s 0.00 MB/s (errors=0)
  RX queue  1: rate=0.00 pkt/s 0.00 MB/s (errors=0)
  RX queue  2: rate=0.00 pkt/s 0.00 MB/s (errors=0)
  RX queue  3: rate=0.00 pkt/s 0.00 MB/s (errors=0)
DOCA software EGRESS host=2 packets=254103104 bytes=369974119424
DOCA software EGRESS host=3 packets=253772288 bytes=369492451328
DOCA ARP port=0 to_host=0 to_uplink=0
DOCA ARP port=1 to_host=0 to_uplink=0
DOCA To-Host pipe: 0.00 pkt/s 0.00 MB/s
DOCA To-Host pipe: 0.00 pkt/s 0.00 MB/s
DOCA Host decrypt pipe: 0.00 pkt/s 0.00 MB/s
DOCA Host decrypt pipe: 0.00 pkt/s 0.00 MB/s
DOCA Host decrypt pipe: 0.00 pkt/s 0.00 MB/s
DOCA Host decrypt pipe: 0.00 pkt/s 0.00 MB/s
DOCA Host decrypt pipe: 0.00 pkt/s 0.00 MB/s
DOCA Host decrypt pipe: 0.00 pkt/s 0.00 MB/s
DOCA Host decrypt pipe: 0.00 pkt/s 0.00 MB/s
DOCA Host decrypt pipe: 0.00 pkt/s 0.00 MB/s
DOCA Host decrypt pipe: 0.00 pkt/s 0.00 MB/s
DOCA Host decrypt pipe: 0.00 pkt/s 0.00 MB/s
DOCA Host decrypt pipe: 0.00 pkt/s 0.00 MB/s
DOCA Host decrypt pipe: 0.00 pkt/s 0.00 MB/s
DOCA Host decrypt pipe: 0.00 pkt/s 0.00 MB/s
DOCA Host decrypt pipe: 0.00 pkt/s 0.00 MB/s
DOCA Host decrypt pipe: 0.00 pkt/s 0.00 MB/s
DOCA Host decrypt pipe: 0.00 pkt/s 0.00 MB/s
DOCA Authenticated ESP RSS pipe: 0.00 pkt/s 0.00 MB/s
DOCA Authenticated ESP RSS pipe: 0.00 pkt/s 0.00 MB/s
DOCA Authenticated ESP RSS pipe: 0.00 pkt/s 0.00 MB/s
DOCA Authenticated ESP RSS pipe: 0.00 pkt/s 0.00 MB/s
DOCA Authenticated ESP RSS pipe: 0.00 pkt/s 0.00 MB/s
DOCA Authenticated ESP RSS pipe: 0.00 pkt/s 0.00 MB/s
DOCA Authenticated ESP RSS pipe: 0.00 pkt/s 0.00 MB/s
DOCA Authenticated ESP RSS pipe: 0.00 pkt/s 0.00 MB/s
DOCA Drop pipe: 0.00 pkt/s 0.00 MB/s
DOCA Drop pipe: 0.00 pkt/s 0.00 MB/s

=== monitoring snapshot ===
Worker statistics:
  lcore=2 queue=0 rate=0.00 pkt/s 0.00 MB/s
  lcore=3 queue=1 rate=0.00 pkt/s 0.00 MB/s
  lcore=4 queue=2 rate=0.00 pkt/s 0.00 MB/s
  lcore=5 queue=3 rate=0.00 pkt/s 0.00 MB/s

Port 0 statistics:
  RX rate: 0.00 pkt/s 0.00 MB/s (missed=0 errors=0 no_mbuf=0)
  RX queue  0: rate=0.00 pkt/s 0.00 MB/s (errors=0)
  RX queue  1: rate=0.00 pkt/s 0.00 MB/s (errors=0)
  RX queue  2: rate=0.00 pkt/s 0.00 MB/s (errors=0)
  RX queue  3: rate=0.00 pkt/s 0.00 MB/s (errors=0)

Port 1 statistics:
  RX rate: 0.00 pkt/s 0.00 MB/s (missed=0 errors=0 no_mbuf=0)
  RX queue  0: rate=0.00 pkt/s 0.00 MB/s (errors=0)
  RX queue  1: rate=0.00 pkt/s 0.00 MB/s (errors=0)
  RX queue  2: rate=0.00 pkt/s 0.00 MB/s (errors=0)
  RX queue  3: rate=0.00 pkt/s 0.00 MB/s (errors=0)
DOCA software EGRESS host=2 packets=254103104 bytes=369974119424
DOCA software EGRESS host=3 packets=253772288 bytes=369492451328
DOCA ARP port=0 to_host=0 to_uplink=0
DOCA ARP port=1 to_host=0 to_uplink=0
DOCA To-Host pipe: 0.00 pkt/s 0.00 MB/s
DOCA To-Host pipe: 0.00 pkt/s 0.00 MB/s
DOCA Host decrypt pipe: 0.00 pkt/s 0.00 MB/s
DOCA Host decrypt pipe: 0.00 pkt/s 0.00 MB/s
DOCA Host decrypt pipe: 0.00 pkt/s 0.00 MB/s
DOCA Host decrypt pipe: 0.00 pkt/s 0.00 MB/s
DOCA Host decrypt pipe: 0.00 pkt/s 0.00 MB/s
DOCA Host decrypt pipe: 0.00 pkt/s 0.00 MB/s
DOCA Host decrypt pipe: 0.00 pkt/s 0.00 MB/s
DOCA Host decrypt pipe: 0.00 pkt/s 0.00 MB/s
DOCA Host decrypt pipe: 0.00 pkt/s 0.00 MB/s
DOCA Host decrypt pipe: 0.00 pkt/s 0.00 MB/s
DOCA Host decrypt pipe: 0.00 pkt/s 0.00 MB/s
DOCA Host decrypt pipe: 0.00 pkt/s 0.00 MB/s
DOCA Host decrypt pipe: 0.00 pkt/s 0.00 MB/s
DOCA Host decrypt pipe: 0.00 pkt/s 0.00 MB/s
DOCA Host decrypt pipe: 0.00 pkt/s 0.00 MB/s
DOCA Host decrypt pipe: 0.00 pkt/s 0.00 MB/s
DOCA Authenticated ESP RSS pipe: 0.00 pkt/s 0.00 MB/s
DOCA Authenticated ESP RSS pipe: 0.00 pkt/s 0.00 MB/s
DOCA Authenticated ESP RSS pipe: 0.00 pkt/s 0.00 MB/s
DOCA Authenticated ESP RSS pipe: 0.00 pkt/s 0.00 MB/s
DOCA Authenticated ESP RSS pipe: 0.00 pkt/s 0.00 MB/s
DOCA Authenticated ESP RSS pipe: 0.00 pkt/s 0.00 MB/s
DOCA Authenticated ESP RSS pipe: 0.00 pkt/s 0.00 MB/s
DOCA Authenticated ESP RSS pipe: 0.00 pkt/s 0.00 MB/s
DOCA Drop pipe: 0.00 pkt/s 0.00 MB/s
DOCA Drop pipe: 0.00 pkt/s 0.00 MB/s

=== monitoring snapshot ===
Worker statistics:
  lcore=2 queue=0 rate=0.00 pkt/s 0.00 MB/s
  lcore=3 queue=1 rate=0.00 pkt/s 0.00 MB/s
  lcore=4 queue=2 rate=0.00 pkt/s 0.00 MB/s
  lcore=5 queue=3 rate=0.00 pkt/s 0.00 MB/s

Port 0 statistics:
  RX rate: 0.00 pkt/s 0.00 MB/s (missed=0 errors=0 no_mbuf=0)
  RX queue  0: rate=0.00 pkt/s 0.00 MB/s (errors=0)
  RX queue  1: rate=0.00 pkt/s 0.00 MB/s (errors=0)
  RX queue  2: rate=0.00 pkt/s 0.00 MB/s (errors=0)
  RX queue  3: rate=0.00 pkt/s 0.00 MB/s (errors=0)

Port 1 statistics:
  RX rate: 0.00 pkt/s 0.00 MB/s (missed=0 errors=0 no_mbuf=0)
  RX queue  0: rate=0.00 pkt/s 0.00 MB/s (errors=0)
  RX queue  1: rate=0.00 pkt/s 0.00 MB/s (errors=0)
  RX queue  2: rate=0.00 pkt/s 0.00 MB/s (errors=0)
  RX queue  3: rate=0.00 pkt/s 0.00 MB/s (errors=0)
DOCA software EGRESS host=2 packets=254103104 bytes=369974119424
DOCA software EGRESS host=3 packets=253772288 bytes=369492451328
DOCA ARP port=0 to_host=0 to_uplink=0
DOCA ARP port=1 to_host=0 to_uplink=0
DOCA To-Host pipe: 0.00 pkt/s 0.00 MB/s
DOCA To-Host pipe: 0.00 pkt/s 0.00 MB/s
DOCA Host decrypt pipe: 0.00 pkt/s 0.00 MB/s
DOCA Host decrypt pipe: 0.00 pkt/s 0.00 MB/s
DOCA Host decrypt pipe: 0.00 pkt/s 0.00 MB/s
DOCA Host decrypt pipe: 0.00 pkt/s 0.00 MB/s
DOCA Host decrypt pipe: 0.00 pkt/s 0.00 MB/s
DOCA Host decrypt pipe: 0.00 pkt/s 0.00 MB/s
DOCA Host decrypt pipe: 0.00 pkt/s 0.00 MB/s
DOCA Host decrypt pipe: 0.00 pkt/s 0.00 MB/s
DOCA Host decrypt pipe: 0.00 pkt/s 0.00 MB/s
DOCA Host decrypt pipe: 0.00 pkt/s 0.00 MB/s
DOCA Host decrypt pipe: 0.00 pkt/s 0.00 MB/s
DOCA Host decrypt pipe: 0.00 pkt/s 0.00 MB/s
DOCA Host decrypt pipe: 0.00 pkt/s 0.00 MB/s
DOCA Host decrypt pipe: 0.00 pkt/s 0.00 MB/s
DOCA Host decrypt pipe: 0.00 pkt/s 0.00 MB/s
DOCA Host decrypt pipe: 0.00 pkt/s 0.00 MB/s
DOCA Authenticated ESP RSS pipe: 0.00 pkt/s 0.00 MB/s
DOCA Authenticated ESP RSS pipe: 0.00 pkt/s 0.00 MB/s
DOCA Authenticated ESP RSS pipe: 0.00 pkt/s 0.00 MB/s
DOCA Authenticated ESP RSS pipe: 0.00 pkt/s 0.00 MB/s
DOCA Authenticated ESP RSS pipe: 0.00 pkt/s 0.00 MB/s
DOCA Authenticated ESP RSS pipe: 0.00 pkt/s 0.00 MB/s
DOCA Authenticated ESP RSS pipe: 0.00 pkt/s 0.00 MB/s
DOCA Authenticated ESP RSS pipe: 0.00 pkt/s 0.00 MB/s
DOCA Drop pipe: 0.00 pkt/s 0.00 MB/s
DOCA Drop pipe: 0.00 pkt/s 0.00 MB/s

=== monitoring snapshot ===
Worker statistics:
  lcore=2 queue=0 rate=0.00 pkt/s 0.00 MB/s
  lcore=3 queue=1 rate=0.00 pkt/s 0.00 MB/s
  lcore=4 queue=2 rate=0.00 pkt/s 0.00 MB/s
  lcore=5 queue=3 rate=0.00 pkt/s 0.00 MB/s

Port 0 statistics:
  RX rate: 0.00 pkt/s 0.00 MB/s (missed=0 errors=0 no_mbuf=0)
  RX queue  0: rate=0.00 pkt/s 0.00 MB/s (errors=0)
  RX queue  1: rate=0.00 pkt/s 0.00 MB/s (errors=0)
  RX queue  2: rate=0.00 pkt/s 0.00 MB/s (errors=0)
  RX queue  3: rate=0.00 pkt/s 0.00 MB/s (errors=0)

Port 1 statistics:
  RX rate: 0.00 pkt/s 0.00 MB/s (missed=0 errors=0 no_mbuf=0)
  RX queue  0: rate=0.00 pkt/s 0.00 MB/s (errors=0)
  RX queue  1: rate=0.00 pkt/s 0.00 MB/s (errors=0)
  RX queue  2: rate=0.00 pkt/s 0.00 MB/s (errors=0)
  RX queue  3: rate=0.00 pkt/s 0.00 MB/s (errors=0)
DOCA software EGRESS host=2 packets=254103104 bytes=369974119424
DOCA software EGRESS host=3 packets=253772288 bytes=369492451328
DOCA ARP port=0 to_host=0 to_uplink=0
DOCA ARP port=1 to_host=0 to_uplink=0
DOCA To-Host pipe: 0.00 pkt/s 0.00 MB/s
DOCA To-Host pipe: 0.00 pkt/s 0.00 MB/s
DOCA Host decrypt pipe: 0.00 pkt/s 0.00 MB/s
DOCA Host decrypt pipe: 0.00 pkt/s 0.00 MB/s
DOCA Host decrypt pipe: 0.00 pkt/s 0.00 MB/s
DOCA Host decrypt pipe: 0.00 pkt/s 0.00 MB/s
DOCA Host decrypt pipe: 0.00 pkt/s 0.00 MB/s
DOCA Host decrypt pipe: 0.00 pkt/s 0.00 MB/s
DOCA Host decrypt pipe: 0.00 pkt/s 0.00 MB/s
DOCA Host decrypt pipe: 0.00 pkt/s 0.00 MB/s
DOCA Host decrypt pipe: 0.00 pkt/s 0.00 MB/s
DOCA Host decrypt pipe: 0.00 pkt/s 0.00 MB/s
DOCA Host decrypt pipe: 0.00 pkt/s 0.00 MB/s
DOCA Host decrypt pipe: 0.00 pkt/s 0.00 MB/s
DOCA Host decrypt pipe: 0.00 pkt/s 0.00 MB/s
DOCA Host decrypt pipe: 0.00 pkt/s 0.00 MB/s
DOCA Host decrypt pipe: 0.00 pkt/s 0.00 MB/s
DOCA Host decrypt pipe: 0.00 pkt/s 0.00 MB/s
DOCA Authenticated ESP RSS pipe: 0.00 pkt/s 0.00 MB/s
DOCA Authenticated ESP RSS pipe: 0.00 pkt/s 0.00 MB/s
DOCA Authenticated ESP RSS pipe: 0.00 pkt/s 0.00 MB/s
DOCA Authenticated ESP RSS pipe: 0.00 pkt/s 0.00 MB/s
DOCA Authenticated ESP RSS pipe: 0.00 pkt/s 0.00 MB/s
DOCA Authenticated ESP RSS pipe: 0.00 pkt/s 0.00 MB/s
DOCA Authenticated ESP RSS pipe: 0.00 pkt/s 0.00 MB/s
DOCA Authenticated ESP RSS pipe: 0.00 pkt/s 0.00 MB/s
DOCA Drop pipe: 0.00 pkt/s 0.00 MB/s
DOCA Drop pipe: 0.00 pkt/s 0.00 MB/s

=== monitoring snapshot ===
Worker statistics:
  lcore=2 queue=0 rate=0.00 pkt/s 0.00 MB/s
  lcore=3 queue=1 rate=0.00 pkt/s 0.00 MB/s
  lcore=4 queue=2 rate=0.00 pkt/s 0.00 MB/s
  lcore=5 queue=3 rate=0.00 pkt/s 0.00 MB/s

Port 0 statistics:
  RX rate: 0.00 pkt/s 0.00 MB/s (missed=0 errors=0 no_mbuf=0)
  RX queue  0: rate=0.00 pkt/s 0.00 MB/s (errors=0)
  RX queue  1: rate=0.00 pkt/s 0.00 MB/s (errors=0)
  RX queue  2: rate=0.00 pkt/s 0.00 MB/s (errors=0)
  RX queue  3: rate=0.00 pkt/s 0.00 MB/s (errors=0)

Port 1 statistics:
  RX rate: 0.00 pkt/s 0.00 MB/s (missed=0 errors=0 no_mbuf=0)
  RX queue  0: rate=0.00 pkt/s 0.00 MB/s (errors=0)
  RX queue  1: rate=0.00 pkt/s 0.00 MB/s (errors=0)
  RX queue  2: rate=0.00 pkt/s 0.00 MB/s (errors=0)
  RX queue  3: rate=0.00 pkt/s 0.00 MB/s (errors=0)
DOCA software EGRESS host=2 packets=254103104 bytes=369974119424
DOCA software EGRESS host=3 packets=253772288 bytes=369492451328
DOCA ARP port=0 to_host=0 to_uplink=0
DOCA ARP port=1 to_host=0 to_uplink=0
DOCA To-Host pipe: 0.00 pkt/s 0.00 MB/s
DOCA To-Host pipe: 0.00 pkt/s 0.00 MB/s
DOCA Host decrypt pipe: 0.00 pkt/s 0.00 MB/s
DOCA Host decrypt pipe: 0.00 pkt/s 0.00 MB/s
DOCA Host decrypt pipe: 0.00 pkt/s 0.00 MB/s
DOCA Host decrypt pipe: 0.00 pkt/s 0.00 MB/s
DOCA Host decrypt pipe: 0.00 pkt/s 0.00 MB/s
DOCA Host decrypt pipe: 0.00 pkt/s 0.00 MB/s
DOCA Host decrypt pipe: 0.00 pkt/s 0.00 MB/s
DOCA Host decrypt pipe: 0.00 pkt/s 0.00 MB/s
DOCA Host decrypt pipe: 0.00 pkt/s 0.00 MB/s
DOCA Host decrypt pipe: 0.00 pkt/s 0.00 MB/s
DOCA Host decrypt pipe: 0.00 pkt/s 0.00 MB/s
DOCA Host decrypt pipe: 0.00 pkt/s 0.00 MB/s
DOCA Host decrypt pipe: 0.00 pkt/s 0.00 MB/s
DOCA Host decrypt pipe: 0.00 pkt/s 0.00 MB/s
DOCA Host decrypt pipe: 0.00 pkt/s 0.00 MB/s
DOCA Host decrypt pipe: 0.00 pkt/s 0.00 MB/s
DOCA Authenticated ESP RSS pipe: 0.00 pkt/s 0.00 MB/s
DOCA Authenticated ESP RSS pipe: 0.00 pkt/s 0.00 MB/s
DOCA Authenticated ESP RSS pipe: 0.00 pkt/s 0.00 MB/s
DOCA Authenticated ESP RSS pipe: 0.00 pkt/s 0.00 MB/s
DOCA Authenticated ESP RSS pipe: 0.00 pkt/s 0.00 MB/s
DOCA Authenticated ESP RSS pipe: 0.00 pkt/s 0.00 MB/s
DOCA Authenticated ESP RSS pipe: 0.00 pkt/s 0.00 MB/s
DOCA Authenticated ESP RSS pipe: 0.00 pkt/s 0.00 MB/s
DOCA Drop pipe: 0.00 pkt/s 0.00 MB/s
DOCA Drop pipe: 0.00 pkt/s 0.00 MB/s

=== monitoring snapshot ===
Worker statistics:
  lcore=2 queue=0 rate=0.00 pkt/s 0.00 MB/s
  lcore=3 queue=1 rate=0.00 pkt/s 0.00 MB/s
  lcore=4 queue=2 rate=0.00 pkt/s 0.00 MB/s
  lcore=5 queue=3 rate=0.00 pkt/s 0.00 MB/s

Port 0 statistics:
  RX rate: 0.00 pkt/s 0.00 MB/s (missed=0 errors=0 no_mbuf=0)
  RX queue  0: rate=0.00 pkt/s 0.00 MB/s (errors=0)
  RX queue  1: rate=0.00 pkt/s 0.00 MB/s (errors=0)
  RX queue  2: rate=0.00 pkt/s 0.00 MB/s (errors=0)
  RX queue  3: rate=0.00 pkt/s 0.00 MB/s (errors=0)

Port 1 statistics:
  RX rate: 0.00 pkt/s 0.00 MB/s (missed=0 errors=0 no_mbuf=0)
  RX queue  0: rate=0.00 pkt/s 0.00 MB/s (errors=0)
  RX queue  1: rate=0.00 pkt/s 0.00 MB/s (errors=0)
  RX queue  2: rate=0.00 pkt/s 0.00 MB/s (errors=0)
  RX queue  3: rate=0.00 pkt/s 0.00 MB/s (errors=0)
DOCA software EGRESS host=2 packets=254103104 bytes=369974119424
DOCA software EGRESS host=3 packets=253772288 bytes=369492451328
DOCA ARP port=0 to_host=0 to_uplink=0
DOCA ARP port=1 to_host=0 to_uplink=0
DOCA To-Host pipe: 0.00 pkt/s 0.00 MB/s
DOCA To-Host pipe: 0.00 pkt/s 0.00 MB/s
DOCA Host decrypt pipe: 0.00 pkt/s 0.00 MB/s
DOCA Host decrypt pipe: 0.00 pkt/s 0.00 MB/s
DOCA Host decrypt pipe: 0.00 pkt/s 0.00 MB/s
DOCA Host decrypt pipe: 0.00 pkt/s 0.00 MB/s
DOCA Host decrypt pipe: 0.00 pkt/s 0.00 MB/s
DOCA Host decrypt pipe: 0.00 pkt/s 0.00 MB/s
DOCA Host decrypt pipe: 0.00 pkt/s 0.00 MB/s
DOCA Host decrypt pipe: 0.00 pkt/s 0.00 MB/s
DOCA Host decrypt pipe: 0.00 pkt/s 0.00 MB/s
DOCA Host decrypt pipe: 0.00 pkt/s 0.00 MB/s
DOCA Host decrypt pipe: 0.00 pkt/s 0.00 MB/s
DOCA Host decrypt pipe: 0.00 pkt/s 0.00 MB/s
DOCA Host decrypt pipe: 0.00 pkt/s 0.00 MB/s
DOCA Host decrypt pipe: 0.00 pkt/s 0.00 MB/s
DOCA Host decrypt pipe: 0.00 pkt/s 0.00 MB/s
DOCA Host decrypt pipe: 0.00 pkt/s 0.00 MB/s
DOCA Authenticated ESP RSS pipe: 0.00 pkt/s 0.00 MB/s
DOCA Authenticated ESP RSS pipe: 0.00 pkt/s 0.00 MB/s
DOCA Authenticated ESP RSS pipe: 0.00 pkt/s 0.00 MB/s
DOCA Authenticated ESP RSS pipe: 0.00 pkt/s 0.00 MB/s
DOCA Authenticated ESP RSS pipe: 0.00 pkt/s 0.00 MB/s
DOCA Authenticated ESP RSS pipe: 0.00 pkt/s 0.00 MB/s
DOCA Authenticated ESP RSS pipe: 0.00 pkt/s 0.00 MB/s
DOCA Authenticated ESP RSS pipe: 0.00 pkt/s 0.00 MB/s
DOCA Drop pipe: 0.00 pkt/s 0.00 MB/s
DOCA Drop pipe: 0.00 pkt/s 0.00 MB/s

=== monitoring snapshot ===
Worker statistics:
  lcore=2 queue=0 rate=0.00 pkt/s 0.00 MB/s
  lcore=3 queue=1 rate=0.00 pkt/s 0.00 MB/s
  lcore=4 queue=2 rate=0.00 pkt/s 0.00 MB/s
  lcore=5 queue=3 rate=0.00 pkt/s 0.00 MB/s

Port 0 statistics:
  RX rate: 0.00 pkt/s 0.00 MB/s (missed=0 errors=0 no_mbuf=0)
  RX queue  0: rate=0.00 pkt/s 0.00 MB/s (errors=0)
  RX queue  1: rate=0.00 pkt/s 0.00 MB/s (errors=0)
  RX queue  2: rate=0.00 pkt/s 0.00 MB/s (errors=0)
  RX queue  3: rate=0.00 pkt/s 0.00 MB/s (errors=0)

Port 1 statistics:
  RX rate: 0.00 pkt/s 0.00 MB/s (missed=0 errors=0 no_mbuf=0)
  RX queue  0: rate=0.00 pkt/s 0.00 MB/s (errors=0)
  RX queue  1: rate=0.00 pkt/s 0.00 MB/s (errors=0)
  RX queue  2: rate=0.00 pkt/s 0.00 MB/s (errors=0)
  RX queue  3: rate=0.00 pkt/s 0.00 MB/s (errors=0)
DOCA software EGRESS host=2 packets=254103104 bytes=369974119424
DOCA software EGRESS host=3 packets=253772288 bytes=369492451328
DOCA ARP port=0 to_host=0 to_uplink=0
DOCA ARP port=1 to_host=0 to_uplink=0
DOCA To-Host pipe: 0.00 pkt/s 0.00 MB/s
DOCA To-Host pipe: 0.00 pkt/s 0.00 MB/s
DOCA Host decrypt pipe: 0.00 pkt/s 0.00 MB/s
DOCA Host decrypt pipe: 0.00 pkt/s 0.00 MB/s
DOCA Host decrypt pipe: 0.00 pkt/s 0.00 MB/s
DOCA Host decrypt pipe: 0.00 pkt/s 0.00 MB/s
DOCA Host decrypt pipe: 0.00 pkt/s 0.00 MB/s
DOCA Host decrypt pipe: 0.00 pkt/s 0.00 MB/s
DOCA Host decrypt pipe: 0.00 pkt/s 0.00 MB/s
DOCA Host decrypt pipe: 0.00 pkt/s 0.00 MB/s
DOCA Host decrypt pipe: 0.00 pkt/s 0.00 MB/s
DOCA Host decrypt pipe: 0.00 pkt/s 0.00 MB/s
DOCA Host decrypt pipe: 0.00 pkt/s 0.00 MB/s
DOCA Host decrypt pipe: 0.00 pkt/s 0.00 MB/s
DOCA Host decrypt pipe: 0.00 pkt/s 0.00 MB/s
DOCA Host decrypt pipe: 0.00 pkt/s 0.00 MB/s
DOCA Host decrypt pipe: 0.00 pkt/s 0.00 MB/s
DOCA Host decrypt pipe: 0.00 pkt/s 0.00 MB/s
DOCA Authenticated ESP RSS pipe: 0.00 pkt/s 0.00 MB/s
DOCA Authenticated ESP RSS pipe: 0.00 pkt/s 0.00 MB/s
DOCA Authenticated ESP RSS pipe: 0.00 pkt/s 0.00 MB/s
DOCA Authenticated ESP RSS pipe: 0.00 pkt/s 0.00 MB/s
DOCA Authenticated ESP RSS pipe: 0.00 pkt/s 0.00 MB/s
DOCA Authenticated ESP RSS pipe: 0.00 pkt/s 0.00 MB/s
DOCA Authenticated ESP RSS pipe: 0.00 pkt/s 0.00 MB/s
DOCA Authenticated ESP RSS pipe: 0.00 pkt/s 0.00 MB/s
DOCA Drop pipe: 0.00 pkt/s 0.00 MB/s
DOCA Drop pipe: 0.00 pkt/s 0.00 MB/s

=== monitoring snapshot ===
Worker statistics:
  lcore=2 queue=0 rate=0.00 pkt/s 0.00 MB/s
  lcore=3 queue=1 rate=0.00 pkt/s 0.00 MB/s
  lcore=4 queue=2 rate=0.00 pkt/s 0.00 MB/s
  lcore=5 queue=3 rate=0.00 pkt/s 0.00 MB/s

Port 0 statistics:
  RX rate: 0.00 pkt/s 0.00 MB/s (missed=0 errors=0 no_mbuf=0)
  RX queue  0: rate=0.00 pkt/s 0.00 MB/s (errors=0)
  RX queue  1: rate=0.00 pkt/s 0.00 MB/s (errors=0)
  RX queue  2: rate=0.00 pkt/s 0.00 MB/s (errors=0)
  RX queue  3: rate=0.00 pkt/s 0.00 MB/s (errors=0)

Port 1 statistics:
  RX rate: 0.00 pkt/s 0.00 MB/s (missed=0 errors=0 no_mbuf=0)
  RX queue  0: rate=0.00 pkt/s 0.00 MB/s (errors=0)
  RX queue  1: rate=0.00 pkt/s 0.00 MB/s (errors=0)
  RX queue  2: rate=0.00 pkt/s 0.00 MB/s (errors=0)
  RX queue  3: rate=0.00 pkt/s 0.00 MB/s (errors=0)
DOCA software EGRESS host=2 packets=254103104 bytes=369974119424
DOCA software EGRESS host=3 packets=253772288 bytes=369492451328
DOCA ARP port=0 to_host=0 to_uplink=0
DOCA ARP port=1 to_host=0 to_uplink=0
DOCA To-Host pipe: 0.00 pkt/s 0.00 MB/s
DOCA To-Host pipe: 0.00 pkt/s 0.00 MB/s
DOCA Host decrypt pipe: 0.00 pkt/s 0.00 MB/s
DOCA Host decrypt pipe: 0.00 pkt/s 0.00 MB/s
DOCA Host decrypt pipe: 0.00 pkt/s 0.00 MB/s
DOCA Host decrypt pipe: 0.00 pkt/s 0.00 MB/s
DOCA Host decrypt pipe: 0.00 pkt/s 0.00 MB/s
DOCA Host decrypt pipe: 0.00 pkt/s 0.00 MB/s
DOCA Host decrypt pipe: 0.00 pkt/s 0.00 MB/s
DOCA Host decrypt pipe: 0.00 pkt/s 0.00 MB/s
DOCA Host decrypt pipe: 0.00 pkt/s 0.00 MB/s
DOCA Host decrypt pipe: 0.00 pkt/s 0.00 MB/s
DOCA Host decrypt pipe: 0.00 pkt/s 0.00 MB/s
DOCA Host decrypt pipe: 0.00 pkt/s 0.00 MB/s
DOCA Host decrypt pipe: 0.00 pkt/s 0.00 MB/s
DOCA Host decrypt pipe: 0.00 pkt/s 0.00 MB/s
DOCA Host decrypt pipe: 0.00 pkt/s 0.00 MB/s
DOCA Host decrypt pipe: 0.00 pkt/s 0.00 MB/s
DOCA Authenticated ESP RSS pipe: 0.00 pkt/s 0.00 MB/s
DOCA Authenticated ESP RSS pipe: 0.00 pkt/s 0.00 MB/s
DOCA Authenticated ESP RSS pipe: 0.00 pkt/s 0.00 MB/s
DOCA Authenticated ESP RSS pipe: 0.00 pkt/s 0.00 MB/s
DOCA Authenticated ESP RSS pipe: 0.00 pkt/s 0.00 MB/s
DOCA Authenticated ESP RSS pipe: 0.00 pkt/s 0.00 MB/s
DOCA Authenticated ESP RSS pipe: 0.00 pkt/s 0.00 MB/s
DOCA Authenticated ESP RSS pipe: 0.00 pkt/s 0.00 MB/s
DOCA Drop pipe: 0.00 pkt/s 0.00 MB/s
DOCA Drop pipe: 0.00 pkt/s 0.00 MB/s

=== monitoring snapshot ===
Worker statistics:
  lcore=2 queue=0 rate=0.00 pkt/s 0.00 MB/s
  lcore=3 queue=1 rate=0.00 pkt/s 0.00 MB/s
  lcore=4 queue=2 rate=0.00 pkt/s 0.00 MB/s
  lcore=5 queue=3 rate=0.00 pkt/s 0.00 MB/s

Port 0 statistics:
  RX rate: 0.00 pkt/s 0.00 MB/s (missed=0 errors=0 no_mbuf=0)
  RX queue  0: rate=0.00 pkt/s 0.00 MB/s (errors=0)
  RX queue  1: rate=0.00 pkt/s 0.00 MB/s (errors=0)
  RX queue  2: rate=0.00 pkt/s 0.00 MB/s (errors=0)
  RX queue  3: rate=0.00 pkt/s 0.00 MB/s (errors=0)

Port 1 statistics:
  RX rate: 0.00 pkt/s 0.00 MB/s (missed=0 errors=0 no_mbuf=0)
  RX queue  0: rate=0.00 pkt/s 0.00 MB/s (errors=0)
  RX queue  1: rate=0.00 pkt/s 0.00 MB/s (errors=0)
  RX queue  2: rate=0.00 pkt/s 0.00 MB/s (errors=0)
  RX queue  3: rate=0.00 pkt/s 0.00 MB/s (errors=0)
DOCA software EGRESS host=2 packets=254103104 bytes=369974119424
DOCA software EGRESS host=3 packets=253772288 bytes=369492451328
DOCA ARP port=0 to_host=0 to_uplink=0
DOCA ARP port=1 to_host=0 to_uplink=0
DOCA To-Host pipe: 0.00 pkt/s 0.00 MB/s
DOCA To-Host pipe: 0.00 pkt/s 0.00 MB/s
DOCA Host decrypt pipe: 0.00 pkt/s 0.00 MB/s
DOCA Host decrypt pipe: 0.00 pkt/s 0.00 MB/s
DOCA Host decrypt pipe: 0.00 pkt/s 0.00 MB/s
DOCA Host decrypt pipe: 0.00 pkt/s 0.00 MB/s
DOCA Host decrypt pipe: 0.00 pkt/s 0.00 MB/s
DOCA Host decrypt pipe: 0.00 pkt/s 0.00 MB/s
DOCA Host decrypt pipe: 0.00 pkt/s 0.00 MB/s
DOCA Host decrypt pipe: 0.00 pkt/s 0.00 MB/s
DOCA Host decrypt pipe: 0.00 pkt/s 0.00 MB/s
DOCA Host decrypt pipe: 0.00 pkt/s 0.00 MB/s
DOCA Host decrypt pipe: 0.00 pkt/s 0.00 MB/s
DOCA Host decrypt pipe: 0.00 pkt/s 0.00 MB/s
DOCA Host decrypt pipe: 0.00 pkt/s 0.00 MB/s
DOCA Host decrypt pipe: 0.00 pkt/s 0.00 MB/s
DOCA Host decrypt pipe: 0.00 pkt/s 0.00 MB/s
DOCA Host decrypt pipe: 0.00 pkt/s 0.00 MB/s
DOCA Authenticated ESP RSS pipe: 0.00 pkt/s 0.00 MB/s
DOCA Authenticated ESP RSS pipe: 0.00 pkt/s 0.00 MB/s
DOCA Authenticated ESP RSS pipe: 0.00 pkt/s 0.00 MB/s
DOCA Authenticated ESP RSS pipe: 0.00 pkt/s 0.00 MB/s
DOCA Authenticated ESP RSS pipe: 0.00 pkt/s 0.00 MB/s
DOCA Authenticated ESP RSS pipe: 0.00 pkt/s 0.00 MB/s
DOCA Authenticated ESP RSS pipe: 0.00 pkt/s 0.00 MB/s
DOCA Authenticated ESP RSS pipe: 0.00 pkt/s 0.00 MB/s
DOCA Drop pipe: 0.00 pkt/s 0.00 MB/s
DOCA Drop pipe: 0.00 pkt/s 0.00 MB/s
[07:16:12:004364][2096029472][DOCA][INF][monitoring_dpdk.cpp:181][monitoring_dpdk_worker_loop] RSS SA=0 queue=0 packets=31812864
[07:16:12:004404][2096029472][DOCA][INF][monitoring_dpdk.cpp:181][monitoring_dpdk_worker_loop] RSS SA=4 queue=0 packets=31792896
[07:16:12:004409][2096029472][DOCA][INF][monitoring_dpdk.cpp:181][monitoring_dpdk_worker_loop] RSS SA=8 queue=0 packets=31812800
[07:16:12:004411][2096029472][DOCA][INF][monitoring_dpdk.cpp:181][monitoring_dpdk_worker_loop] RSS SA=12 queue=0 packets=31747392
[07:16:12:004413][2096029472][DOCA][INF][monitoring_dpdk.cpp:182][monitoring_dpdk_worker_loop] linearized queue=0 packets=0
[07:16:12:004414][2096029472][DOCA][INF][monitoring_dpdk.cpp:183][monitoring_dpdk_worker_loop] ESP totals queue=0 accepted=127165952 malformed=0 unauthenticated=0 replay=0 tx=127165952 tx_drop=0 tx_bytes=185153626112
[07:16:12:004363][2079121184][DOCA][INF][monitoring_dpdk.cpp:181][monitoring_dpdk_worker_loop] RSS SA=2 queue=2 packets=31765120
[07:16:12:004436][2079121184][DOCA][INF][monitoring_dpdk.cpp:181][monitoring_dpdk_worker_loop] RSS SA=6 queue=2 packets=31783808
[07:16:12:004440][2079121184][DOCA][INF][monitoring_dpdk.cpp:181][monitoring_dpdk_worker_loop] RSS SA=10 queue=2 packets=31760384
[07:16:12:004363][2087575328][DOCA][INF][monitoring_dpdk.cpp:181][monitoring_dpdk_worker_loop] RSS SA=1 queue=1 packets=31736064
[07:16:12:004456][2087575328][DOCA][INF][monitoring_dpdk.cpp:181][monitoring_dpdk_worker_loop] RSS SA=5 queue=1 packets=31753856
[07:16:12:004444][2079121184][DOCA][INF][monitoring_dpdk.cpp:181][monitoring_dpdk_worker_loop] RSS SA=14 queue=2 packets=31638528
[07:16:12:004466][2079121184][DOCA][INF][monitoring_dpdk.cpp:182][monitoring_dpdk_worker_loop] linearized queue=2 packets=0
[07:16:12:004364][2070667040][DOCA][INF][monitoring_dpdk.cpp:181][monitoring_dpdk_worker_loop] RSS SA=3 queue=3 packets=31674496
[07:16:12:004482][2070667040][DOCA][INF][monitoring_dpdk.cpp:181][monitoring_dpdk_worker_loop] RSS SA=7 queue=3 packets=31784000
[07:16:12:004487][2070667040][DOCA][INF][monitoring_dpdk.cpp:181][monitoring_dpdk_worker_loop] RSS SA=11 queue=3 packets=31703360
[07:16:12:004489][2070667040][DOCA][INF][monitoring_dpdk.cpp:181][monitoring_dpdk_worker_loop] RSS SA=15 queue=3 packets=31765376
[07:16:12:004493][2070667040][DOCA][INF][monitoring_dpdk.cpp:182][monitoring_dpdk_worker_loop] linearized queue=3 packets=0
[07:16:12:004496][2070667040][DOCA][INF][monitoring_dpdk.cpp:183][monitoring_dpdk_worker_loop] ESP totals queue=3 accepted=126927232 malformed=0 unauthenticated=0 replay=0 tx=126927232 tx_drop=0 tx_bytes=184806049792
[07:16:12:004460][2087575328][DOCA][INF][monitoring_dpdk.cpp:181][monitoring_dpdk_worker_loop] RSS SA=9 queue=1 packets=31655936
[07:16:12:004513][2087575328][DOCA][INF][monitoring_dpdk.cpp:181][monitoring_dpdk_worker_loop] RSS SA=13 queue=1 packets=31688512
[07:16:12:004515][2087575328][DOCA][INF][monitoring_dpdk.cpp:182][monitoring_dpdk_worker_loop] linearized queue=1 packets=0
[07:16:12:004520][2087575328][DOCA][INF][monitoring_dpdk.cpp:183][monitoring_dpdk_worker_loop] ESP totals queue=1 accepted=126834368 malformed=0 unauthenticated=0 replay=0 tx=126834368 tx_drop=0 tx_bytes=184670839808
[07:16:12:004470][2079121184][DOCA][INF][monitoring_dpdk.cpp:183][monitoring_dpdk_worker_loop] ESP totals queue=2 accepted=126947840 malformed=0 unauthenticated=0 replay=0 tx=126947840 tx_drop=0 tx_bytes=184836055040
[07:16:12:096446][2186102112][DOCA][INF][monitoring_doca.cpp:274][~MonitoringDoca] DOCA port stopped (port=3)
[07:16:12:096766][2186102112][DOCA][INF][monitoring_doca.cpp:274][~MonitoringDoca] DOCA port stopped (port=2)
[07:16:12:769520][2186102112][DOCA][INF][monitoring_doca.cpp:274][~MonitoringDoca] DOCA port stopped (port=1)
[07:16:13:345440][2186102112][DOCA][INF][monitoring_doca.cpp:274][~MonitoringDoca] DOCA port stopped (port=0)
[07:16:13:345874][2186102112][DOCA][INF][monitoring_doca.cpp:278][~MonitoringDoca] DOCA flow destroyed
[07:16:13:345904][2186102112][DOCA][INF][monitoring_dpdk.cpp:270][~MonitoringDpdk] DPDK shutdown
