EAL argv: monitoring_app -a 00:00.0 -l 1-5 
  inbound SAs per port: 8 (consecutive SPIs)
monitoring_app configuration:
[19:38:24:774345][3833480544][DOCA][INF][doca_log.cpp:628] DOCA version 3.1.0105
EAL: Detected CPU lcores: 16
EAL: Detected NUMA nodes: 1
EAL: Detected shared linkage of DPDK
EAL: Multi-process socket /var/run/dpdk/rte/mp_socket
EAL: Selected IOVA mode 'VA'
TELEMETRY: No legacy callbacks, legacy socket not created
  monitor_devices : 03:00.0,dv_flow_en=2, 03:00.1,dv_flow_en=2
  host_reps       : pf0hpf,dv_flow_en=2, pf1hpf,dv_flow_en=2
  tunnel_udp_port : 4789
  enable_host     : yes
  monitor_dest    : en3f0pf0sf4,dv_flow_en=2, en3f1pf1sf6,dv_flow_en=2
  enable_counters : yes
  enable_ipsec_encap : no
  ipsec_decap entries: 2
    [0] spi=0x00002001 salt=0x22334455 iv=0x1234567890abcdef
          src_mac=58:a2:e1:53:19:e6 dst_mac=58:a2:e1:53:19:d6
    [1] spi=0x00002002 salt=0x66778899 iv=0xfedcba0987654321
          src_mac=58:a2:e1:53:19:e7 dst_mac=58:a2:e1:53:19:d7
[19:38:24:815650][3833480544][DOCA][INF][device_manager.cpp:100][add_device] Probing monitor DOCA device with PCI address: 03:00.0
[19:38:24:936125][3833480544][DOCA][INF][device_manager.cpp:100][add_device] Probing monitor DOCA device with PCI address: 03:00.1
[19:38:25:163604][3833480544][DOCA][INF][monitoring_dpdk.cpp:38][monitoring_dpdk_log_devices] DPDK detected 2 available Ethernet ports
[19:38:25:163638][3833480544][DOCA][INF][monitoring_dpdk.cpp:52][monitoring_dpdk_log_devices]   port 0 (0000:03:00.0): driver=mlx5_pci mac=58:A2:E1:53:19:E6
[19:38:25:163643][3833480544][DOCA][INF][monitoring_dpdk.cpp:52][monitoring_dpdk_log_devices]   port 1 (0000:03:00.1): driver=mlx5_pci mac=58:A2:E1:53:19:E7
EAL: Probe PCI driver: mlx5_pci (15b3:a2dc) device: 0000:03:00.0 (socket -1)
EAL: Probe PCI driver: mlx5_pci (15b3:a2dc) device: 0000:03:00.1 (socket -1)
[19:38:25:163651][3833480544][DOCA][INF][monitoring_dpdk.cpp:251][MonitoringDpdk] DPDK initialized (ports=2, queues=4)
[19:38:25:163680][3833480544][DOCA][INF][monitoring_doca.cpp:191][MonitoringDoca] DOCA init: monitor_port=0,1 host_port=2,3

[19:38:25:163711][3833480544][DOCA][WRN][engine_model.c:88] adapting queue depth to 128.
[19:38:25:165541][3833480544][DOCA][INF][monitoring_doca.cpp:494][initialize_flow] DOCA flow initialized (queues=4)
[19:38:25:596778][3833480544][DOCA][INF][monitoring_doca.cpp:520][start_port] DOCA port started (port=0)
[19:38:26:037664][3833480544][DOCA][INF][monitoring_doca.cpp:520][start_port] DOCA port started (port=1)
[19:38:26:038339][3833480544][DOCA][INF][monitoring_doca.cpp:544][start_port_rep] DOCA port started (port=2)
[19:38:26:038941][3833480544][DOCA][INF][monitoring_doca.cpp:544][start_port_rep] DOCA port started (port=3)
[19:38:26:045590][3833480544][DOCA][INF][monitoring_doca.cpp:544][start_port_rep] DOCA port started (port=4)
[19:38:26:053304][3833480544][DOCA][INF][monitoring_doca.cpp:544][start_port_rep] DOCA port started (port=5)
[19:38:26:055376][3833480544][DOCA][INF][monitoring_doca.cpp:834][setup_ipsec_sa_decap] IPsec decap SA configured (id=5, port_pair=0)
[19:38:26:055502][3833480544][DOCA][INF][monitoring_doca.cpp:834][setup_ipsec_sa_decap] IPsec decap SA configured (id=6, port_pair=0)
[19:38:26:055624][3833480544][DOCA][INF][monitoring_doca.cpp:834][setup_ipsec_sa_decap] IPsec decap SA configured (id=7, port_pair=0)
[19:38:26:055740][3833480544][DOCA][INF][monitoring_doca.cpp:834][setup_ipsec_sa_decap] IPsec decap SA configured (id=8, port_pair=0)
[19:38:26:055854][3833480544][DOCA][INF][monitoring_doca.cpp:834][setup_ipsec_sa_decap] IPsec decap SA configured (id=9, port_pair=0)
[19:38:26:055964][3833480544][DOCA][INF][monitoring_doca.cpp:834][setup_ipsec_sa_decap] IPsec decap SA configured (id=10, port_pair=0)
[19:38:26:056072][3833480544][DOCA][INF][monitoring_doca.cpp:834][setup_ipsec_sa_decap] IPsec decap SA configured (id=11, port_pair=0)
[19:38:26:056182][3833480544][DOCA][INF][monitoring_doca.cpp:834][setup_ipsec_sa_decap] IPsec decap SA configured (id=12, port_pair=0)
[19:38:26:063621][3833480544][DOCA][INF][monitoring_doca.cpp:887][create_drop_pipe] pipeline drop pipe created
[19:38:26:071051][3833480544][DOCA][INF][monitoring_doca.cpp:944][create_to_host_pipe] pipeline to_host pipe created
[19:38:26:110276][3833480544][DOCA][INF][monitoring_doca.cpp:1135][create_host_decap_pipe] authenticated ESP to DPDK: port=1 worker pipes=4
[19:38:26:114096][3833480544][DOCA][INF][monitoring_doca.cpp:1043][create_host_decrypt_pipe] decrypt SPI base=0x00002001 flows=8 RSS queues=4
[19:38:26:121262][3833480544][DOCA][INF][monitoring_doca.cpp:643][build_monitor_output_pipe] pipeline monitor output pipe created
[19:38:26:125166][3833480544][DOCA][INF][monitoring_doca.cpp:693][create_sampling_pipe] pipeline sampling pipe created with 0/256 entries to monitor output pipe
[19:38:26:125292][3833480544][DOCA][INF][monitoring_doca.cpp:710][create_sampling_pipe] pipeline sampling pipe created with 256 entries
[19:38:26:129546][3833480544][DOCA][INF][monitoring_doca.cpp:746][setup_mirror] pipeline mirror configured (id=1)
[19:38:26:152446][3833480544][DOCA][INF][monitoring_doca.cpp:570][create_control_pipe] pipeline control pipe created
[19:38:26:154078][3833480544][DOCA][INF][monitoring_doca.cpp:1202][install_default_drop] pipeline default drop entry installed
[19:38:26:157288][3833480544][DOCA][INF][monitoring_doca.cpp:1240][add_arp_rules] ARP passthrough uplink=0 host=2
[19:38:26:159798][3833480544][DOCA][INF][monitoring_doca.cpp:1286][add_monitor_rule] pipeline monitor rule installed (ESP protocol)
[19:38:26:161841][3833480544][DOCA][INF][monitoring_doca.cpp:834][setup_ipsec_sa_decap] IPsec decap SA configured (id=13, port_pair=1)
[19:38:26:161960][3833480544][DOCA][INF][monitoring_doca.cpp:834][setup_ipsec_sa_decap] IPsec decap SA configured (id=14, port_pair=1)
[19:38:26:162072][3833480544][DOCA][INF][monitoring_doca.cpp:834][setup_ipsec_sa_decap] IPsec decap SA configured (id=15, port_pair=1)
[19:38:26:162182][3833480544][DOCA][INF][monitoring_doca.cpp:834][setup_ipsec_sa_decap] IPsec decap SA configured (id=16, port_pair=1)
[19:38:26:162293][3833480544][DOCA][INF][monitoring_doca.cpp:834][setup_ipsec_sa_decap] IPsec decap SA configured (id=17, port_pair=1)
[19:38:26:162402][3833480544][DOCA][INF][monitoring_doca.cpp:834][setup_ipsec_sa_decap] IPsec decap SA configured (id=18, port_pair=1)
[19:38:26:162514][3833480544][DOCA][INF][monitoring_doca.cpp:834][setup_ipsec_sa_decap] IPsec decap SA configured (id=19, port_pair=1)
[19:38:26:162623][3833480544][DOCA][INF][monitoring_doca.cpp:834][setup_ipsec_sa_decap] IPsec decap SA configured (id=20, port_pair=1)
[19:38:26:169959][3833480544][DOCA][INF][monitoring_doca.cpp:887][create_drop_pipe] pipeline drop pipe created
[19:38:26:177329][3833480544][DOCA][INF][monitoring_doca.cpp:944][create_to_host_pipe] pipeline to_host pipe created
[19:38:26:215957][3833480544][DOCA][INF][monitoring_doca.cpp:1135][create_host_decap_pipe] authenticated ESP to DPDK: port=2 worker pipes=4
[19:38:26:219761][3833480544][DOCA][INF][monitoring_doca.cpp:1043][create_host_decrypt_pipe] decrypt SPI base=0x00002002 flows=8 RSS queues=4
[19:38:26:227004][3833480544][DOCA][INF][monitoring_doca.cpp:643][build_monitor_output_pipe] pipeline monitor output pipe created
[19:38:26:230955][3833480544][DOCA][INF][monitoring_doca.cpp:693][create_sampling_pipe] pipeline sampling pipe created with 0/256 entries to monitor output pipe
[19:38:26:231075][3833480544][DOCA][INF][monitoring_doca.cpp:710][create_sampling_pipe] pipeline sampling pipe created with 256 entries
[19:38:26:235282][3833480544][DOCA][INF][monitoring_doca.cpp:746][setup_mirror] pipeline mirror configured (id=2)
[19:38:26:259071][3833480544][DOCA][INF][monitoring_doca.cpp:570][create_control_pipe] pipeline control pipe created
[19:38:26:260764][3833480544][DOCA][INF][monitoring_doca.cpp:1202][install_default_drop] pipeline default drop entry installed
[19:38:26:263893][3833480544][DOCA][INF][monitoring_doca.cpp:1240][add_arp_rules] ARP passthrough uplink=1 host=3
[19:38:26:266352][3833480544][DOCA][INF][monitoring_doca.cpp:1286][add_monitor_rule] pipeline monitor rule installed (ESP protocol)
[19:38:26:276104][3833480544][DOCA][INF][monitoring_doca.cpp:1175][create_software_egress_pipe] software egress root monitor=0 host=2 switch=0xb579eebcd040
[19:38:26:285857][3833480544][DOCA][INF][monitoring_doca.cpp:1175][create_software_egress_pipe] software egress root monitor=1 host=3 switch=0xb579ef850950
[19:38:26:285884][3833480544][DOCA][INF][monitoring_doca.cpp:1494][build_pipeline] pipeline build complete (ports=2, queues=4, host_branch=on, monitor_dest_type=2)
[19:38:26:286226][3833480544][DOCA][INF][monitoring_dpdk.cpp:321][start_workers] launched 4 DPDK workers
[19:38:26:286238][3833480544][DOCA][INF][monitoring_main.cpp:156][main] monitoring_app initialized

=== monitoring snapshot ===
Worker statistics:
  lcore=2 queue=0 rate=0.00 pkt/s 0.00 MB/s
  lcore=3 queue=1 rate=0.00 pkt/s 0.00 MB/s
  lcore=4 queue=2 rate=0.00 pkt/s 0.00 MB/s
  lcore=5 queue=3 rate=0.00 pkt/s 0.00 MB/s

Port 0 statistics:
  RX rate: 0.00 pkt/s 0.00 MB/s (missed=0 errors=0 no_mbuf=0)
  RX queue  0: rate=0.00 pkt/s 0.00 MB/s (errors=0)
  RX queue  1: rate=0.00 pkt/s 0.00 MB/s (errors=0)
  RX queue  2: rate=0.00 pkt/s 0.00 MB/s (errors=0)
  RX queue  3: rate=0.00 pkt/s 0.00 MB/s (errors=0)

Port 1 statistics:
  RX rate: 0.00 pkt/s 0.00 MB/s (missed=0 errors=0 no_mbuf=0)
  RX queue  0: rate=0.00 pkt/s 0.00 MB/s (errors=0)
  RX queue  1: rate=0.00 pkt/s 0.00 MB/s (errors=0)
  RX queue  2: rate=0.00 pkt/s 0.00 MB/s (errors=0)
  RX queue  3: rate=0.00 pkt/s 0.00 MB/s (errors=0)
DOCA software EGRESS host=2 packets=0 bytes=0
DOCA software EGRESS host=3 packets=0 bytes=0
DOCA ARP port=0 to_host=0 to_uplink=0
DOCA ARP port=1 to_host=0 to_uplink=0
DOCA Monitor output pipe: 0.00 pkt/s 0.00 MB/s
DOCA Monitor output pipe: 0.00 pkt/s 0.00 MB/s
DOCA To-Host pipe: 0.00 pkt/s 0.00 MB/s
DOCA To-Host pipe: 0.00 pkt/s 0.00 MB/s
DOCA Host decrypt pipe: 0.00 pkt/s 0.00 MB/s
DOCA Host decrypt pipe: 0.00 pkt/s 0.00 MB/s
DOCA Host decrypt pipe: 0.00 pkt/s 0.00 MB/s
DOCA Host decrypt pipe: 0.00 pkt/s 0.00 MB/s
DOCA Host decrypt pipe: 0.00 pkt/s 0.00 MB/s
DOCA Host decrypt pipe: 0.00 pkt/s 0.00 MB/s
DOCA Host decrypt pipe: 0.00 pkt/s 0.00 MB/s
DOCA Host decrypt pipe: 0.00 pkt/s 0.00 MB/s
DOCA Host decrypt pipe: 0.00 pkt/s 0.00 MB/s
DOCA Host decrypt pipe: 0.00 pkt/s 0.00 MB/s
DOCA Host decrypt pipe: 0.00 pkt/s 0.00 MB/s
DOCA Host decrypt pipe: 0.00 pkt/s 0.00 MB/s
DOCA Host decrypt pipe: 0.00 pkt/s 0.00 MB/s
DOCA Host decrypt pipe: 0.00 pkt/s 0.00 MB/s
DOCA Host decrypt pipe: 0.00 pkt/s 0.00 MB/s
DOCA Host decrypt pipe: 0.00 pkt/s 0.00 MB/s
DOCA Authenticated ESP RSS pipe: 0.00 pkt/s 0.00 MB/s
DOCA Authenticated ESP RSS pipe: 0.00 pkt/s 0.00 MB/s
DOCA Authenticated ESP RSS pipe: 0.00 pkt/s 0.00 MB/s
DOCA Authenticated ESP RSS pipe: 0.00 pkt/s 0.00 MB/s
DOCA Authenticated ESP RSS pipe: 0.00 pkt/s 0.00 MB/s
DOCA Authenticated ESP RSS pipe: 0.00 pkt/s 0.00 MB/s
DOCA Authenticated ESP RSS pipe: 0.00 pkt/s 0.00 MB/s
DOCA Authenticated ESP RSS pipe: 0.00 pkt/s 0.00 MB/s
DOCA Drop pipe: 0.00 pkt/s 0.00 MB/s
DOCA Drop pipe: 0.00 pkt/s 0.00 MB/s

=== monitoring snapshot ===
Worker statistics:
  lcore=2 queue=0 rate=0.00 pkt/s 0.00 MB/s
  lcore=3 queue=1 rate=0.00 pkt/s 0.00 MB/s
  lcore=4 queue=2 rate=0.00 pkt/s 0.00 MB/s
  lcore=5 queue=3 rate=0.00 pkt/s 0.00 MB/s

Port 0 statistics:
  RX rate: 0.00 pkt/s 0.00 MB/s (missed=0 errors=0 no_mbuf=0)
  RX queue  0: rate=0.00 pkt/s 0.00 MB/s (errors=0)
  RX queue  1: rate=0.00 pkt/s 0.00 MB/s (errors=0)
  RX queue  2: rate=0.00 pkt/s 0.00 MB/s (errors=0)
  RX queue  3: rate=0.00 pkt/s 0.00 MB/s (errors=0)

Port 1 statistics:
  RX rate: 0.00 pkt/s 0.00 MB/s (missed=0 errors=0 no_mbuf=0)
  RX queue  0: rate=0.00 pkt/s 0.00 MB/s (errors=0)
  RX queue  1: rate=0.00 pkt/s 0.00 MB/s (errors=0)
  RX queue  2: rate=0.00 pkt/s 0.00 MB/s (errors=0)
  RX queue  3: rate=0.00 pkt/s 0.00 MB/s (errors=0)
DOCA software EGRESS host=2 packets=0 bytes=0
DOCA software EGRESS host=3 packets=0 bytes=0
DOCA ARP port=0 to_host=0 to_uplink=0
DOCA ARP port=1 to_host=0 to_uplink=0
DOCA Monitor output pipe: 0.00 pkt/s 0.00 MB/s
DOCA Monitor output pipe: 0.00 pkt/s 0.00 MB/s
DOCA To-Host pipe: 0.00 pkt/s 0.00 MB/s
DOCA To-Host pipe: 0.00 pkt/s 0.00 MB/s
DOCA Host decrypt pipe: 0.00 pkt/s 0.00 MB/s
DOCA Host decrypt pipe: 0.00 pkt/s 0.00 MB/s
DOCA Host decrypt pipe: 0.00 pkt/s 0.00 MB/s
DOCA Host decrypt pipe: 0.00 pkt/s 0.00 MB/s
DOCA Host decrypt pipe: 0.00 pkt/s 0.00 MB/s
DOCA Host decrypt pipe: 0.00 pkt/s 0.00 MB/s
DOCA Host decrypt pipe: 0.00 pkt/s 0.00 MB/s
DOCA Host decrypt pipe: 0.00 pkt/s 0.00 MB/s
DOCA Host decrypt pipe: 0.00 pkt/s 0.00 MB/s
DOCA Host decrypt pipe: 0.00 pkt/s 0.00 MB/s
DOCA Host decrypt pipe: 0.00 pkt/s 0.00 MB/s
DOCA Host decrypt pipe: 0.00 pkt/s 0.00 MB/s
DOCA Host decrypt pipe: 0.00 pkt/s 0.00 MB/s
DOCA Host decrypt pipe: 0.00 pkt/s 0.00 MB/s
DOCA Host decrypt pipe: 0.00 pkt/s 0.00 MB/s
DOCA Host decrypt pipe: 0.00 pkt/s 0.00 MB/s
DOCA Authenticated ESP RSS pipe: 0.00 pkt/s 0.00 MB/s
DOCA Authenticated ESP RSS pipe: 0.00 pkt/s 0.00 MB/s
DOCA Authenticated ESP RSS pipe: 0.00 pkt/s 0.00 MB/s
DOCA Authenticated ESP RSS pipe: 0.00 pkt/s 0.00 MB/s
DOCA Authenticated ESP RSS pipe: 0.00 pkt/s 0.00 MB/s
DOCA Authenticated ESP RSS pipe: 0.00 pkt/s 0.00 MB/s
DOCA Authenticated ESP RSS pipe: 0.00 pkt/s 0.00 MB/s
DOCA Authenticated ESP RSS pipe: 0.00 pkt/s 0.00 MB/s
DOCA Drop pipe: 0.00 pkt/s 0.00 MB/s
DOCA Drop pipe: 0.00 pkt/s 0.00 MB/s

=== monitoring snapshot ===
Worker statistics:
  lcore=2 queue=0 rate=0.00 pkt/s 0.00 MB/s
  lcore=3 queue=1 rate=0.00 pkt/s 0.00 MB/s
  lcore=4 queue=2 rate=0.00 pkt/s 0.00 MB/s
  lcore=5 queue=3 rate=0.00 pkt/s 0.00 MB/s

Port 0 statistics:
  RX rate: 0.00 pkt/s 0.00 MB/s (missed=0 errors=0 no_mbuf=0)
  RX queue  0: rate=0.00 pkt/s 0.00 MB/s (errors=0)
  RX queue  1: rate=0.00 pkt/s 0.00 MB/s (errors=0)
  RX queue  2: rate=0.00 pkt/s 0.00 MB/s (errors=0)
  RX queue  3: rate=0.00 pkt/s 0.00 MB/s (errors=0)

Port 1 statistics:
  RX rate: 0.00 pkt/s 0.00 MB/s (missed=0 errors=0 no_mbuf=0)
  RX queue  0: rate=0.00 pkt/s 0.00 MB/s (errors=0)
  RX queue  1: rate=0.00 pkt/s 0.00 MB/s (errors=0)
  RX queue  2: rate=0.00 pkt/s 0.00 MB/s (errors=0)
  RX queue  3: rate=0.00 pkt/s 0.00 MB/s (errors=0)
DOCA software EGRESS host=2 packets=0 bytes=0
DOCA software EGRESS host=3 packets=0 bytes=0
DOCA ARP port=0 to_host=0 to_uplink=0
DOCA ARP port=1 to_host=0 to_uplink=0
DOCA Monitor output pipe: 0.00 pkt/s 0.00 MB/s
DOCA Monitor output pipe: 0.00 pkt/s 0.00 MB/s
DOCA To-Host pipe: 0.00 pkt/s 0.00 MB/s
DOCA To-Host pipe: 0.00 pkt/s 0.00 MB/s
DOCA Host decrypt pipe: 0.00 pkt/s 0.00 MB/s
DOCA Host decrypt pipe: 0.00 pkt/s 0.00 MB/s
DOCA Host decrypt pipe: 0.00 pkt/s 0.00 MB/s
DOCA Host decrypt pipe: 0.00 pkt/s 0.00 MB/s
DOCA Host decrypt pipe: 0.00 pkt/s 0.00 MB/s
DOCA Host decrypt pipe: 0.00 pkt/s 0.00 MB/s
DOCA Host decrypt pipe: 0.00 pkt/s 0.00 MB/s
DOCA Host decrypt pipe: 0.00 pkt/s 0.00 MB/s
DOCA Host decrypt pipe: 0.00 pkt/s 0.00 MB/s
DOCA Host decrypt pipe: 0.00 pkt/s 0.00 MB/s
DOCA Host decrypt pipe: 0.00 pkt/s 0.00 MB/s
DOCA Host decrypt pipe: 0.00 pkt/s 0.00 MB/s
DOCA Host decrypt pipe: 0.00 pkt/s 0.00 MB/s
DOCA Host decrypt pipe: 0.00 pkt/s 0.00 MB/s
DOCA Host decrypt pipe: 0.00 pkt/s 0.00 MB/s
DOCA Host decrypt pipe: 0.00 pkt/s 0.00 MB/s
DOCA Authenticated ESP RSS pipe: 0.00 pkt/s 0.00 MB/s
DOCA Authenticated ESP RSS pipe: 0.00 pkt/s 0.00 MB/s
DOCA Authenticated ESP RSS pipe: 0.00 pkt/s 0.00 MB/s
DOCA Authenticated ESP RSS pipe: 0.00 pkt/s 0.00 MB/s
DOCA Authenticated ESP RSS pipe: 0.00 pkt/s 0.00 MB/s
DOCA Authenticated ESP RSS pipe: 0.00 pkt/s 0.00 MB/s
DOCA Authenticated ESP RSS pipe: 0.00 pkt/s 0.00 MB/s
DOCA Authenticated ESP RSS pipe: 0.00 pkt/s 0.00 MB/s
DOCA Drop pipe: 0.00 pkt/s 0.00 MB/s
DOCA Drop pipe: 0.00 pkt/s 0.00 MB/s

=== monitoring snapshot ===
Worker statistics:
  lcore=2 queue=0 rate=0.00 pkt/s 0.00 MB/s
  lcore=3 queue=1 rate=0.00 pkt/s 0.00 MB/s
  lcore=4 queue=2 rate=0.00 pkt/s 0.00 MB/s
  lcore=5 queue=3 rate=0.00 pkt/s 0.00 MB/s

Port 0 statistics:
  RX rate: 0.00 pkt/s 0.00 MB/s (missed=0 errors=0 no_mbuf=0)
  RX queue  0: rate=0.00 pkt/s 0.00 MB/s (errors=0)
  RX queue  1: rate=0.00 pkt/s 0.00 MB/s (errors=0)
  RX queue  2: rate=0.00 pkt/s 0.00 MB/s (errors=0)
  RX queue  3: rate=0.00 pkt/s 0.00 MB/s (errors=0)

Port 1 statistics:
  RX rate: 0.00 pkt/s 0.00 MB/s (missed=0 errors=0 no_mbuf=0)
  RX queue  0: rate=0.00 pkt/s 0.00 MB/s (errors=0)
  RX queue  1: rate=0.00 pkt/s 0.00 MB/s (errors=0)
  RX queue  2: rate=0.00 pkt/s 0.00 MB/s (errors=0)
  RX queue  3: rate=0.00 pkt/s 0.00 MB/s (errors=0)
DOCA software EGRESS host=2 packets=0 bytes=0
DOCA software EGRESS host=3 packets=0 bytes=0
DOCA ARP port=0 to_host=0 to_uplink=0
DOCA ARP port=1 to_host=0 to_uplink=0
DOCA Monitor output pipe: 0.00 pkt/s 0.00 MB/s
DOCA Monitor output pipe: 0.00 pkt/s 0.00 MB/s
DOCA To-Host pipe: 0.00 pkt/s 0.00 MB/s
DOCA To-Host pipe: 0.00 pkt/s 0.00 MB/s
DOCA Host decrypt pipe: 0.00 pkt/s 0.00 MB/s
DOCA Host decrypt pipe: 0.00 pkt/s 0.00 MB/s
DOCA Host decrypt pipe: 0.00 pkt/s 0.00 MB/s
DOCA Host decrypt pipe: 0.00 pkt/s 0.00 MB/s
DOCA Host decrypt pipe: 0.00 pkt/s 0.00 MB/s
DOCA Host decrypt pipe: 0.00 pkt/s 0.00 MB/s
DOCA Host decrypt pipe: 0.00 pkt/s 0.00 MB/s
DOCA Host decrypt pipe: 0.00 pkt/s 0.00 MB/s
DOCA Host decrypt pipe: 0.00 pkt/s 0.00 MB/s
DOCA Host decrypt pipe: 0.00 pkt/s 0.00 MB/s
DOCA Host decrypt pipe: 0.00 pkt/s 0.00 MB/s
DOCA Host decrypt pipe: 0.00 pkt/s 0.00 MB/s
DOCA Host decrypt pipe: 0.00 pkt/s 0.00 MB/s
DOCA Host decrypt pipe: 0.00 pkt/s 0.00 MB/s
DOCA Host decrypt pipe: 0.00 pkt/s 0.00 MB/s
DOCA Host decrypt pipe: 0.00 pkt/s 0.00 MB/s
DOCA Authenticated ESP RSS pipe: 0.00 pkt/s 0.00 MB/s
DOCA Authenticated ESP RSS pipe: 0.00 pkt/s 0.00 MB/s
DOCA Authenticated ESP RSS pipe: 0.00 pkt/s 0.00 MB/s
DOCA Authenticated ESP RSS pipe: 0.00 pkt/s 0.00 MB/s
DOCA Authenticated ESP RSS pipe: 0.00 pkt/s 0.00 MB/s
DOCA Authenticated ESP RSS pipe: 0.00 pkt/s 0.00 MB/s
DOCA Authenticated ESP RSS pipe: 0.00 pkt/s 0.00 MB/s
DOCA Authenticated ESP RSS pipe: 0.00 pkt/s 0.00 MB/s
DOCA Drop pipe: 0.00 pkt/s 0.00 MB/s
DOCA Drop pipe: 0.00 pkt/s 0.00 MB/s

=== monitoring snapshot ===
Worker statistics:
  lcore=2 queue=0 rate=1928642.88 pkt/s 2777.34 MB/s
  lcore=3 queue=1 rate=1950096.76 pkt/s 2808.23 MB/s
  lcore=4 queue=2 rate=1947247.24 pkt/s 2804.13 MB/s
  lcore=5 queue=3 rate=1884291.85 pkt/s 2713.47 MB/s

Port 0 statistics:
  RX rate: 3848849.13 pkt/s 5542.30 MB/s (missed=0 errors=0 no_mbuf=0)
  RX queue  0: rate=953026.94 pkt/s 1372.18 MB/s (errors=0)
  RX queue  1: rate=978809.17 pkt/s 1409.53 MB/s (errors=0)
  RX queue  2: rate=972636.46 pkt/s 1400.64 MB/s (errors=0)
  RX queue  3: rate=944376.56 pkt/s 1359.95 MB/s (errors=0)

Port 1 statistics:
  RX rate: 3863413.66 pkt/s 5561.86 MB/s (missed=0 errors=0 no_mbuf=0)
  RX queue  0: rate=976118.90 pkt/s 1405.16 MB/s (errors=0)
  RX queue  1: rate=971794.33 pkt/s 1399.00 MB/s (errors=0)
  RX queue  2: rate=975132.45 pkt/s 1403.86 MB/s (errors=0)
  RX queue  3: rate=940367.97 pkt/s 1353.84 MB/s (errors=0)
DOCA software EGRESS host=2 packets=3815779 bytes=5555774224
DOCA software EGRESS host=3 packets=0 bytes=0
DOCA ARP port=0 to_host=0 to_uplink=0
DOCA ARP port=1 to_host=0 to_uplink=0
DOCA Monitor output pipe: 0.00 pkt/s 0.00 MB/s
DOCA Monitor output pipe: 0.00 pkt/s 0.00 MB/s
DOCA To-Host pipe: 0.00 pkt/s 0.00 MB/s
DOCA To-Host pipe: 0.00 pkt/s 0.00 MB/s
DOCA Host decrypt pipe: 474160.17 pkt/s 682.81 MB/s
DOCA Host decrypt pipe: 500768.91 pkt/s 721.13 MB/s
DOCA Host decrypt pipe: 500253.21 pkt/s 720.39 MB/s
DOCA Host decrypt pipe: 469746.70 pkt/s 676.46 MB/s
DOCA Host decrypt pipe: 470066.51 pkt/s 676.92 MB/s
DOCA Host decrypt pipe: 469234.99 pkt/s 675.72 MB/s
DOCA Host decrypt pipe: 463606.22 pkt/s 667.62 MB/s
DOCA Host decrypt pipe: 465844.93 pkt/s 670.84 MB/s
DOCA Host decrypt pipe: 0.00 pkt/s 0.00 MB/s
DOCA Host decrypt pipe: 0.00 pkt/s 0.00 MB/s
DOCA Host decrypt pipe: 0.00 pkt/s 0.00 MB/s
DOCA Host decrypt pipe: 0.00 pkt/s 0.00 MB/s
DOCA Host decrypt pipe: 0.00 pkt/s 0.00 MB/s
DOCA Host decrypt pipe: 0.00 pkt/s 0.00 MB/s
DOCA Host decrypt pipe: 0.00 pkt/s 0.00 MB/s
DOCA Host decrypt pipe: 0.00 pkt/s 0.00 MB/s
DOCA Authenticated ESP RSS pipe: 944226.68 pkt/s 1359.73 MB/s
DOCA Authenticated ESP RSS pipe: 970003.90 pkt/s 1396.85 MB/s
DOCA Authenticated ESP RSS pipe: 963854.43 pkt/s 1388.00 MB/s
DOCA Authenticated ESP RSS pipe: 935591.63 pkt/s 1347.30 MB/s
DOCA Authenticated ESP RSS pipe: 0.00 pkt/s 0.00 MB/s
DOCA Authenticated ESP RSS pipe: 0.00 pkt/s 0.00 MB/s
DOCA Authenticated ESP RSS pipe: 0.00 pkt/s 0.00 MB/s
DOCA Authenticated ESP RSS pipe: 0.00 pkt/s 0.00 MB/s
DOCA Drop pipe: 0.00 pkt/s 0.00 MB/s
DOCA Drop pipe: 0.00 pkt/s 0.00 MB/s

=== monitoring snapshot ===
Worker statistics:
  lcore=2 queue=0 rate=4278150.12 pkt/s 6160.74 MB/s
  lcore=3 queue=1 rate=4271724.80 pkt/s 6151.49 MB/s
  lcore=4 queue=2 rate=4275402.69 pkt/s 6156.79 MB/s
  lcore=5 queue=3 rate=4278133.13 pkt/s 6160.72 MB/s

Port 0 statistics:
  RX rate: 8559792.54 pkt/s 12325.92 MB/s (missed=0 errors=0 no_mbuf=0)
  RX queue  0: rate=2141865.52 pkt/s 3083.80 MB/s (errors=0)
  RX queue  1: rate=2141090.97 pkt/s 3083.27 MB/s (errors=0)
  RX queue  2: rate=2135342.30 pkt/s 3075.00 MB/s (errors=0)
  RX queue  3: rate=2141493.74 pkt/s 3083.85 MB/s (errors=0)

Port 1 statistics:
  RX rate: 8543524.29 pkt/s 12299.54 MB/s (missed=0 errors=0 no_mbuf=0)
  RX queue  0: rate=2136339.56 pkt/s 3075.49 MB/s (errors=0)
  RX queue  1: rate=2130581.88 pkt/s 3067.12 MB/s (errors=0)
  RX queue  2: rate=2139948.48 pkt/s 3080.82 MB/s (errors=0)
  RX queue  3: rate=2136654.38 pkt/s 3076.11 MB/s (errors=0)
DOCA software EGRESS host=2 packets=12376576 bytes=18020294656
DOCA software EGRESS host=3 packets=7528686 bytes=10961766816
DOCA ARP port=0 to_host=0 to_uplink=0
DOCA ARP port=1 to_host=0 to_uplink=0
DOCA Monitor output pipe: 0.00 pkt/s 0.00 MB/s
DOCA Monitor output pipe: 0.00 pkt/s 0.00 MB/s
DOCA To-Host pipe: 0.00 pkt/s 0.00 MB/s
DOCA To-Host pipe: 0.00 pkt/s 0.00 MB/s
DOCA Host decrypt pipe: 1070160.04 pkt/s 1541.08 MB/s
DOCA Host decrypt pipe: 1070287.97 pkt/s 1541.27 MB/s
DOCA Host decrypt pipe: 1065494.76 pkt/s 1534.36 MB/s
DOCA Host decrypt pipe: 1070607.78 pkt/s 1541.73 MB/s
DOCA Host decrypt pipe: 1070735.71 pkt/s 1541.91 MB/s
DOCA Host decrypt pipe: 1069840.23 pkt/s 1540.62 MB/s
DOCA Host decrypt pipe: 1068880.79 pkt/s 1539.24 MB/s
DOCA Host decrypt pipe: 1069904.19 pkt/s 1540.71 MB/s
DOCA Host decrypt pipe: 964429.69 pkt/s 1388.83 MB/s
DOCA Host decrypt pipe: 958417.19 pkt/s 1380.17 MB/s
DOCA Host decrypt pipe: 965389.13 pkt/s 1390.21 MB/s
DOCA Host decrypt pipe: 930465.49 pkt/s 1339.92 MB/s
DOCA Host decrypt pipe: 927203.39 pkt/s 1335.22 MB/s
DOCA Host decrypt pipe: 926256.94 pkt/s 1333.85 MB/s
DOCA Host decrypt pipe: 926755.65 pkt/s 1334.57 MB/s
DOCA Host decrypt pipe: 925540.36 pkt/s 1332.82 MB/s
DOCA Authenticated ESP RSS pipe: 2140895.75 pkt/s 3082.99 MB/s
DOCA Authenticated ESP RSS pipe: 2140128.20 pkt/s 3081.89 MB/s
DOCA Authenticated ESP RSS pipe: 2134380.55 pkt/s 3073.61 MB/s
DOCA Authenticated ESP RSS pipe: 2140511.97 pkt/s 3082.44 MB/s
DOCA Authenticated ESP RSS pipe: 1891633.08 pkt/s 2724.04 MB/s
DOCA Authenticated ESP RSS pipe: 1884668.14 pkt/s 2714.01 MB/s
DOCA Authenticated ESP RSS pipe: 1892144.78 pkt/s 2724.78 MB/s
DOCA Authenticated ESP RSS pipe: 1856005.85 pkt/s 2672.74 MB/s
DOCA Drop pipe: 0.00 pkt/s 0.00 MB/s
DOCA Drop pipe: 0.00 pkt/s 0.00 MB/s

=== monitoring snapshot ===
Worker statistics:
  lcore=2 queue=0 rate=4276992.68 pkt/s 6159.08 MB/s
  lcore=3 queue=1 rate=4270626.96 pkt/s 6149.91 MB/s
  lcore=4 queue=2 rate=4272279.85 pkt/s 6152.29 MB/s
  lcore=5 queue=3 rate=4276528.99 pkt/s 6158.41 MB/s

Port 0 statistics:
  RX rate: 8555866.06 pkt/s 12320.31 MB/s (missed=0 errors=0 no_mbuf=0)
  RX queue  0: rate=2141235.77 pkt/s 3082.93 MB/s (errors=0)
  RX queue  1: rate=2140793.06 pkt/s 3082.85 MB/s (errors=0)
  RX queue  2: rate=2132916.26 pkt/s 3071.50 MB/s (errors=0)
  RX queue  3: rate=2140920.97 pkt/s 3083.03 MB/s (errors=0)

Port 1 statistics:
  RX rate: 8540679.43 pkt/s 12295.69 MB/s (missed=0 errors=0 no_mbuf=0)
  RX queue  0: rate=2135752.48 pkt/s 3074.86 MB/s (errors=0)
  RX queue  1: rate=2129908.31 pkt/s 3066.30 MB/s (errors=0)
  RX queue  2: rate=2139458.05 pkt/s 3080.20 MB/s (errors=0)
  RX queue  3: rate=2135560.60 pkt/s 3074.34 MB/s (errors=0)
DOCA software EGRESS host=2 packets=20933356 bytes=30478966336
DOCA software EGRESS host=3 packets=16072088 bytes=23400960128
DOCA ARP port=0 to_host=0 to_uplink=0
DOCA ARP port=1 to_host=0 to_uplink=0
DOCA Monitor output pipe: 0.00 pkt/s 0.00 MB/s
DOCA Monitor output pipe: 0.00 pkt/s 0.00 MB/s
DOCA To-Host pipe: 0.00 pkt/s 0.00 MB/s
DOCA To-Host pipe: 0.00 pkt/s 0.00 MB/s
DOCA Host decrypt pipe: 1069567.50 pkt/s 1540.23 MB/s
DOCA Host decrypt pipe: 1069951.25 pkt/s 1540.78 MB/s
DOCA Host decrypt pipe: 1065231.36 pkt/s 1533.98 MB/s
DOCA Host decrypt pipe: 1070207.08 pkt/s 1541.15 MB/s
DOCA Host decrypt pipe: 1070462.91 pkt/s 1541.52 MB/s
DOCA Host decrypt pipe: 1069695.42 pkt/s 1540.41 MB/s
DOCA Host decrypt pipe: 1066497.52 pkt/s 1535.81 MB/s
DOCA Host decrypt pipe: 1069567.50 pkt/s 1540.23 MB/s
DOCA Host decrypt pipe: 1070001.22 pkt/s 1540.85 MB/s
DOCA Host decrypt pipe: 1063939.21 pkt/s 1532.12 MB/s
DOCA Host decrypt pipe: 1070015.21 pkt/s 1540.87 MB/s
DOCA Host decrypt pipe: 1067904.60 pkt/s 1537.83 MB/s
DOCA Host decrypt pipe: 1064898.58 pkt/s 1533.51 MB/s
DOCA Host decrypt pipe: 1065442.22 pkt/s 1534.29 MB/s
DOCA Host decrypt pipe: 1068672.09 pkt/s 1538.94 MB/s
DOCA Host decrypt pipe: 1067137.10 pkt/s 1536.73 MB/s
DOCA Authenticated ESP RSS pipe: 2140030.41 pkt/s 3081.75 MB/s
DOCA Authenticated ESP RSS pipe: 2139646.67 pkt/s 3081.19 MB/s
DOCA Authenticated ESP RSS pipe: 2131724.88 pkt/s 3069.79 MB/s
DOCA Authenticated ESP RSS pipe: 2139774.58 pkt/s 3081.38 MB/s
DOCA Authenticated ESP RSS pipe: 2134886.80 pkt/s 3074.34 MB/s
DOCA Authenticated ESP RSS pipe: 2129379.43 pkt/s 3066.41 MB/s
DOCA Authenticated ESP RSS pipe: 2138687.30 pkt/s 3079.81 MB/s
DOCA Authenticated ESP RSS pipe: 2135041.70 pkt/s 3074.56 MB/s
DOCA Drop pipe: 0.00 pkt/s 0.00 MB/s
DOCA Drop pipe: 0.00 pkt/s 0.00 MB/s

=== monitoring snapshot ===
Worker statistics:
  lcore=2 queue=0 rate=4276915.48 pkt/s 6158.96 MB/s
  lcore=3 queue=1 rate=4270669.28 pkt/s 6149.97 MB/s
  lcore=4 queue=2 rate=4274373.03 pkt/s 6155.30 MB/s
  lcore=5 queue=3 rate=4276551.70 pkt/s 6158.44 MB/s

Port 0 statistics:
  RX rate: 8557915.95 pkt/s 12323.24 MB/s (missed=0 errors=0 no_mbuf=0)
  RX queue  0: rate=2141030.04 pkt/s 3082.62 MB/s (errors=0)
  RX queue  1: rate=2140836.16 pkt/s 3082.91 MB/s (errors=0)
  RX queue  2: rate=2135149.63 pkt/s 3074.72 MB/s (errors=0)
  RX queue  3: rate=2140900.12 pkt/s 3083.00 MB/s (errors=0)

Port 1 statistics:
  RX rate: 8540451.77 pkt/s 12295.81 MB/s (missed=0 errors=0 no_mbuf=0)
  RX queue  0: rate=2135872.48 pkt/s 3074.90 MB/s (errors=0)
  RX queue  1: rate=2129784.16 pkt/s 3066.17 MB/s (errors=0)
  RX queue  2: rate=2139190.48 pkt/s 3080.07 MB/s (errors=0)
  RX queue  3: rate=2135604.64 pkt/s 3074.67 MB/s (errors=0)
DOCA software EGRESS host=2 packets=29492185 bytes=42940621360
DOCA software EGRESS host=3 packets=24613013 bytes=35836546928
DOCA ARP port=0 to_host=0 to_uplink=0
DOCA ARP port=1 to_host=0 to_uplink=0
DOCA Monitor output pipe: 0.00 pkt/s 0.00 MB/s
DOCA Monitor output pipe: 0.00 pkt/s 0.00 MB/s
DOCA To-Host pipe: 0.00 pkt/s 0.00 MB/s
DOCA To-Host pipe: 0.00 pkt/s 0.00 MB/s
DOCA Host decrypt pipe: 1069445.55 pkt/s 1540.05 MB/s
DOCA Host decrypt pipe: 1070021.21 pkt/s 1540.88 MB/s
DOCA Host decrypt pipe: 1065530.88 pkt/s 1534.42 MB/s
DOCA Host decrypt pipe: 1070213.10 pkt/s 1541.16 MB/s
DOCA Host decrypt pipe: 1070532.91 pkt/s 1541.62 MB/s
DOCA Host decrypt pipe: 1069723.39 pkt/s 1540.45 MB/s
DOCA Host decrypt pipe: 1068614.05 pkt/s 1538.86 MB/s
DOCA Host decrypt pipe: 1069637.44 pkt/s 1540.33 MB/s
DOCA Host decrypt pipe: 1069715.39 pkt/s 1540.44 MB/s
DOCA Host decrypt pipe: 1063561.04 pkt/s 1531.58 MB/s
DOCA Host decrypt pipe: 1069573.48 pkt/s 1540.24 MB/s
DOCA Host decrypt pipe: 1067338.80 pkt/s 1537.02 MB/s
DOCA Host decrypt pipe: 1064904.25 pkt/s 1533.51 MB/s
DOCA Host decrypt pipe: 1064923.24 pkt/s 1533.54 MB/s
DOCA Host decrypt pipe: 1068550.08 pkt/s 1538.76 MB/s
DOCA Host decrypt pipe: 1066951.03 pkt/s 1536.46 MB/s
DOCA Authenticated ESP RSS pipe: 2139978.46 pkt/s 3081.67 MB/s
DOCA Authenticated ESP RSS pipe: 2139738.60 pkt/s 3081.33 MB/s
DOCA Authenticated ESP RSS pipe: 2134148.92 pkt/s 3073.28 MB/s
DOCA Authenticated ESP RSS pipe: 2139850.54 pkt/s 3081.49 MB/s
DOCA Authenticated ESP RSS pipe: 2134632.63 pkt/s 3073.97 MB/s
DOCA Authenticated ESP RSS pipe: 2128492.28 pkt/s 3065.13 MB/s
DOCA Authenticated ESP RSS pipe: 2138123.56 pkt/s 3079.00 MB/s
DOCA Authenticated ESP RSS pipe: 2134285.84 pkt/s 3073.47 MB/s
DOCA Drop pipe: 0.00 pkt/s 0.00 MB/s
DOCA Drop pipe: 0.00 pkt/s 0.00 MB/s

=== monitoring snapshot ===
Worker statistics:
  lcore=2 queue=0 rate=4273688.93 pkt/s 6154.32 MB/s
  lcore=3 queue=1 rate=4261919.51 pkt/s 6137.37 MB/s
  lcore=4 queue=2 rate=4270771.81 pkt/s 6150.12 MB/s
  lcore=5 queue=3 rate=4274292.54 pkt/s 6155.19 MB/s

Port 0 statistics:
  RX rate: 8549056.02 pkt/s 12309.90 MB/s (missed=2808 errors=0 no_mbuf=0)
  RX queue  0: rate=2139157.78 pkt/s 3079.89 MB/s (errors=0)
  RX queue  1: rate=2136607.43 pkt/s 3076.27 MB/s (errors=0)
  RX queue  2: rate=2133493.45 pkt/s 3072.33 MB/s (errors=0)
  RX queue  3: rate=2139797.36 pkt/s 3081.41 MB/s (errors=0)

Port 1 statistics:
  RX rate: 8531710.67 pkt/s 12281.81 MB/s (missed=2617 errors=0 no_mbuf=0)
  RX queue  0: rate=2134500.12 pkt/s 3072.82 MB/s (errors=0)
  RX queue  1: rate=2125374.20 pkt/s 3059.05 MB/s (errors=0)
  RX queue  2: rate=2137266.27 pkt/s 3076.86 MB/s (errors=0)
  RX queue  3: rate=2134570.07 pkt/s 3073.08 MB/s (errors=0)
DOCA software EGRESS host=2 packets=38041896 bytes=55389000576
DOCA software EGRESS host=3 packets=33150888 bytes=48267692928
DOCA ARP port=0 to_host=0 to_uplink=0
DOCA ARP port=1 to_host=0 to_uplink=0
DOCA Monitor output pipe: 0.00 pkt/s 0.00 MB/s
DOCA Monitor output pipe: 0.00 pkt/s 0.00 MB/s
DOCA To-Host pipe: 0.00 pkt/s 0.00 MB/s
DOCA To-Host pipe: 0.00 pkt/s 0.00 MB/s
DOCA Host decrypt pipe: 1068267.39 pkt/s 1538.36 MB/s
DOCA Host decrypt pipe: 1069098.83 pkt/s 1539.55 MB/s
DOCA Host decrypt pipe: 1064429.99 pkt/s 1532.83 MB/s
DOCA Host decrypt pipe: 1069738.39 pkt/s 1540.47 MB/s
DOCA Host decrypt pipe: 1069674.44 pkt/s 1540.38 MB/s
DOCA Host decrypt pipe: 1069004.89 pkt/s 1539.42 MB/s
DOCA Host decrypt pipe: 1067755.74 pkt/s 1537.62 MB/s
DOCA Host decrypt pipe: 1068779.04 pkt/s 1539.09 MB/s
DOCA Host decrypt pipe: 1069610.48 pkt/s 1540.29 MB/s
DOCA Host decrypt pipe: 1063598.56 pkt/s 1531.63 MB/s
DOCA Host decrypt pipe: 1069354.65 pkt/s 1539.92 MB/s
DOCA Host decrypt pipe: 1067368.00 pkt/s 1537.06 MB/s
DOCA Host decrypt pipe: 1064749.78 pkt/s 1533.29 MB/s
DOCA Host decrypt pipe: 1064749.78 pkt/s 1533.29 MB/s
DOCA Host decrypt pipe: 1068395.30 pkt/s 1538.54 MB/s
DOCA Host decrypt pipe: 1066988.26 pkt/s 1536.51 MB/s
DOCA Authenticated ESP RSS pipe: 2137941.83 pkt/s 3078.74 MB/s
DOCA Authenticated ESP RSS pipe: 2138096.72 pkt/s 3078.96 MB/s
DOCA Authenticated ESP RSS pipe: 2132185.73 pkt/s 3070.45 MB/s
DOCA Authenticated ESP RSS pipe: 2138517.44 pkt/s 3079.57 MB/s
DOCA Authenticated ESP RSS pipe: 2134348.27 pkt/s 3073.56 MB/s
DOCA Authenticated ESP RSS pipe: 2128348.33 pkt/s 3064.92 MB/s
DOCA Authenticated ESP RSS pipe: 2137749.96 pkt/s 3078.46 MB/s
DOCA Authenticated ESP RSS pipe: 2134360.26 pkt/s 3073.58 MB/s
DOCA Drop pipe: 0.00 pkt/s 0.00 MB/s
DOCA Drop pipe: 0.00 pkt/s 0.00 MB/s

=== monitoring snapshot ===
Worker statistics:
  lcore=2 queue=0 rate=4276295.66 pkt/s 6158.07 MB/s
  lcore=3 queue=1 rate=4270161.46 pkt/s 6149.24 MB/s
  lcore=4 queue=2 rate=4274327.88 pkt/s 6155.24 MB/s
  lcore=5 queue=3 rate=4276688.42 pkt/s 6158.64 MB/s

Port 0 statistics:
  RX rate: 8557405.38 pkt/s 12322.46 MB/s (missed=2808 errors=0 no_mbuf=0)
  RX queue  0: rate=2140815.19 pkt/s 3082.26 MB/s (errors=0)
  RX queue  1: rate=2140524.37 pkt/s 3082.46 MB/s (errors=0)
  RX queue  2: rate=2134988.79 pkt/s 3074.49 MB/s (errors=0)
  RX queue  3: rate=2141077.03 pkt/s 3083.25 MB/s (errors=0)

Port 1 statistics:
  RX rate: 8540076.53 pkt/s 12294.54 MB/s (missed=2617 errors=0 no_mbuf=0)
  RX queue  0: rate=2135546.56 pkt/s 3074.16 MB/s (errors=0)
  RX queue  1: rate=2129533.19 pkt/s 3065.70 MB/s (errors=0)
  RX queue  2: rate=2139380.25 pkt/s 3080.11 MB/s (errors=0)
  RX queue  3: rate=2135616.52 pkt/s 3074.56 MB/s (errors=0)
DOCA software EGRESS host=2 packets=46600059 bytes=67849685904
DOCA software EGRESS host=3 packets=41686638 bytes=60695744928
DOCA ARP port=0 to_host=0 to_uplink=0
DOCA ARP port=1 to_host=0 to_uplink=0
DOCA Monitor output pipe: 0.00 pkt/s 0.00 MB/s
DOCA Monitor output pipe: 0.00 pkt/s 0.00 MB/s
DOCA To-Host pipe: 0.00 pkt/s 0.00 MB/s
DOCA To-Host pipe: 0.00 pkt/s 0.00 MB/s
DOCA Host decrypt pipe: 1069444.50 pkt/s 1540.05 MB/s
DOCA Host decrypt pipe: 1069764.31 pkt/s 1540.51 MB/s
DOCA Host decrypt pipe: 1065350.93 pkt/s 1534.16 MB/s
DOCA Host decrypt pipe: 1070339.96 pkt/s 1541.34 MB/s
DOCA Host decrypt pipe: 1070276.00 pkt/s 1541.25 MB/s
DOCA Host decrypt pipe: 1069772.30 pkt/s 1540.52 MB/s
DOCA Host decrypt pipe: 1068549.03 pkt/s 1538.76 MB/s
DOCA Host decrypt pipe: 1069636.38 pkt/s 1540.33 MB/s
DOCA Host decrypt pipe: 1069188.65 pkt/s 1539.68 MB/s
DOCA Host decrypt pipe: 1063240.18 pkt/s 1531.12 MB/s
DOCA Host decrypt pipe: 1068430.10 pkt/s 1538.59 MB/s
DOCA Host decrypt pipe: 1067205.83 pkt/s 1536.83 MB/s
DOCA Host decrypt pipe: 1064455.46 pkt/s 1532.87 MB/s
DOCA Host decrypt pipe: 1063879.80 pkt/s 1532.04 MB/s
DOCA Host decrypt pipe: 1067973.37 pkt/s 1537.93 MB/s
DOCA Host decrypt pipe: 1066246.40 pkt/s 1535.45 MB/s
DOCA Authenticated ESP RSS pipe: 2139720.50 pkt/s 3081.30 MB/s
DOCA Authenticated ESP RSS pipe: 2139549.60 pkt/s 3081.05 MB/s
DOCA Authenticated ESP RSS pipe: 2133899.96 pkt/s 3072.92 MB/s
DOCA Authenticated ESP RSS pipe: 2139976.34 pkt/s 3081.67 MB/s
DOCA Authenticated ESP RSS pipe: 2133656.10 pkt/s 3072.57 MB/s
DOCA Authenticated ESP RSS pipe: 2127119.98 pkt/s 3063.16 MB/s
DOCA Authenticated ESP RSS pipe: 2136400.47 pkt/s 3076.52 MB/s
DOCA Authenticated ESP RSS pipe: 2133452.22 pkt/s 3072.27 MB/s
DOCA Drop pipe: 0.00 pkt/s 0.00 MB/s
DOCA Drop pipe: 0.00 pkt/s 0.00 MB/s

=== monitoring snapshot ===
Worker statistics:
  lcore=2 queue=0 rate=4276481.58 pkt/s 6158.34 MB/s
  lcore=3 queue=1 rate=4269892.52 pkt/s 6148.85 MB/s
  lcore=4 queue=2 rate=4274360.85 pkt/s 6155.29 MB/s
  lcore=5 queue=3 rate=4276452.59 pkt/s 6158.30 MB/s

Port 0 statistics:
  RX rate: 8557044.95 pkt/s 12321.84 MB/s (missed=2808 errors=0 no_mbuf=0)
  RX queue  0: rate=2140740.85 pkt/s 3082.05 MB/s (errors=0)
  RX queue  1: rate=2140456.02 pkt/s 3082.36 MB/s (errors=0)
  RX queue  2: rate=2134921.33 pkt/s 3074.39 MB/s (errors=0)
  RX queue  3: rate=2140926.74 pkt/s 3083.04 MB/s (errors=0)

Port 1 statistics:
  RX rate: 8540098.33 pkt/s 12294.32 MB/s (missed=2617 errors=0 no_mbuf=0)
  RX queue  0: rate=2135673.43 pkt/s 3074.63 MB/s (errors=0)
  RX queue  1: rate=2129510.21 pkt/s 3065.57 MB/s (errors=0)
  RX queue  2: rate=2139392.15 pkt/s 3079.90 MB/s (errors=0)
  RX queue  3: rate=2135522.53 pkt/s 3074.21 MB/s (errors=0)
DOCA software EGRESS host=2 packets=55158026 bytes=80310085856
DOCA software EGRESS host=3 packets=50227694 bytes=73131522464
DOCA ARP port=0 to_host=0 to_uplink=0
DOCA ARP port=1 to_host=0 to_uplink=0
DOCA Monitor output pipe: 0.00 pkt/s 0.00 MB/s
DOCA Monitor output pipe: 0.00 pkt/s 0.00 MB/s
DOCA To-Host pipe: 0.00 pkt/s 0.00 MB/s
DOCA To-Host pipe: 0.00 pkt/s 0.00 MB/s
DOCA Host decrypt pipe: 1069371.96 pkt/s 1539.95 MB/s
DOCA Host decrypt pipe: 1069728.73 pkt/s 1540.46 MB/s
DOCA Host decrypt pipe: 1065443.42 pkt/s 1534.29 MB/s
DOCA Host decrypt pipe: 1070240.41 pkt/s 1541.20 MB/s
DOCA Host decrypt pipe: 1070240.41 pkt/s 1541.20 MB/s
DOCA Host decrypt pipe: 1069536.85 pkt/s 1540.18 MB/s
DOCA Host decrypt pipe: 1068385.58 pkt/s 1538.53 MB/s
DOCA Host decrypt pipe: 1069536.85 pkt/s 1540.18 MB/s
DOCA Host decrypt pipe: 1069664.77 pkt/s 1540.37 MB/s
DOCA Host decrypt pipe: 1063588.59 pkt/s 1531.62 MB/s
DOCA Host decrypt pipe: 1069783.70 pkt/s 1540.54 MB/s
DOCA Host decrypt pipe: 1067682.02 pkt/s 1537.51 MB/s
DOCA Host decrypt pipe: 1064867.78 pkt/s 1533.46 MB/s
DOCA Host decrypt pipe: 1064867.78 pkt/s 1533.46 MB/s
DOCA Host decrypt pipe: 1068513.50 pkt/s 1538.71 MB/s
DOCA Host decrypt pipe: 1066828.55 pkt/s 1536.28 MB/s
DOCA Authenticated ESP RSS pipe: 2139594.38 pkt/s 3081.12 MB/s
DOCA Authenticated ESP RSS pipe: 2139265.59 pkt/s 3080.65 MB/s
DOCA Authenticated ESP RSS pipe: 2133829.00 pkt/s 3072.82 MB/s
DOCA Authenticated ESP RSS pipe: 2139777.27 pkt/s 3081.38 MB/s
DOCA Authenticated ESP RSS pipe: 2134532.56 pkt/s 3073.83 MB/s
DOCA Authenticated ESP RSS pipe: 2128456.37 pkt/s 3065.08 MB/s
DOCA Authenticated ESP RSS pipe: 2138300.19 pkt/s 3079.26 MB/s
DOCA Authenticated ESP RSS pipe: 2134502.58 pkt/s 3073.79 MB/s
DOCA Drop pipe: 0.00 pkt/s 0.00 MB/s
DOCA Drop pipe: 0.00 pkt/s 0.00 MB/s

=== monitoring snapshot ===
Worker statistics:
  lcore=2 queue=0 rate=4275806.12 pkt/s 6157.37 MB/s
  lcore=3 queue=1 rate=4269768.88 pkt/s 6148.67 MB/s
  lcore=4 queue=2 rate=4274077.20 pkt/s 6154.88 MB/s
  lcore=5 queue=3 rate=4276153.90 pkt/s 6157.87 MB/s

Port 0 statistics:
  RX rate: 8556270.65 pkt/s 12320.77 MB/s (missed=2808 errors=0 no_mbuf=0)
  RX queue  0: rate=2140426.07 pkt/s 3081.64 MB/s (errors=0)
  RX queue  1: rate=2140234.18 pkt/s 3082.04 MB/s (errors=0)
  RX queue  2: rate=2134866.53 pkt/s 3074.31 MB/s (errors=0)
  RX queue  3: rate=2140743.87 pkt/s 3082.77 MB/s (errors=0)

Port 1 statistics:
  RX rate: 8539445.04 pkt/s 12293.67 MB/s (missed=2617 errors=0 no_mbuf=0)
  RX queue  0: rate=2135324.21 pkt/s 3073.94 MB/s (errors=0)
  RX queue  1: rate=2129525.90 pkt/s 3065.97 MB/s (errors=0)
  RX queue  2: rate=2139183.76 pkt/s 3079.46 MB/s (errors=0)
  RX queue  3: rate=2135411.16 pkt/s 3074.30 MB/s (errors=0)
DOCA software EGRESS host=2 packets=63715391 bytes=92769609296
DOCA software EGRESS host=3 packets=58768330 bytes=85566688480
DOCA ARP port=0 to_host=0 to_uplink=0
DOCA ARP port=1 to_host=0 to_uplink=0
DOCA Monitor output pipe: 0.00 pkt/s 0.00 MB/s
DOCA Monitor output pipe: 0.00 pkt/s 0.00 MB/s
DOCA To-Host pipe: 0.00 pkt/s 0.00 MB/s
DOCA To-Host pipe: 0.00 pkt/s 0.00 MB/s
DOCA Host decrypt pipe: 1069266.24 pkt/s 1539.79 MB/s
DOCA Host decrypt pipe: 1069683.98 pkt/s 1540.40 MB/s
DOCA Host decrypt pipe: 1065327.67 pkt/s 1534.12 MB/s
DOCA Host decrypt pipe: 1070252.63 pkt/s 1541.22 MB/s
DOCA Host decrypt pipe: 1070060.75 pkt/s 1540.94 MB/s
DOCA Host decrypt pipe: 1069485.11 pkt/s 1540.11 MB/s
DOCA Host decrypt pipe: 1068461.74 pkt/s 1538.64 MB/s
DOCA Host decrypt pipe: 1069421.15 pkt/s 1540.02 MB/s
DOCA Host decrypt pipe: 1069485.11 pkt/s 1540.11 MB/s
DOCA Host decrypt pipe: 1063462.82 pkt/s 1531.44 MB/s
DOCA Host decrypt pipe: 1069676.99 pkt/s 1540.39 MB/s
DOCA Host decrypt pipe: 1067630.25 pkt/s 1537.44 MB/s
DOCA Host decrypt pipe: 1064752.02 pkt/s 1533.29 MB/s
DOCA Host decrypt pipe: 1064943.90 pkt/s 1533.57 MB/s
DOCA Host decrypt pipe: 1068589.66 pkt/s 1538.82 MB/s
DOCA Host decrypt pipe: 1066820.75 pkt/s 1536.27 MB/s
DOCA Authenticated ESP RSS pipe: 2139344.98 pkt/s 3080.76 MB/s
DOCA Authenticated ESP RSS pipe: 2139162.09 pkt/s 3080.50 MB/s
DOCA Authenticated ESP RSS pipe: 2133789.40 pkt/s 3072.76 MB/s
DOCA Authenticated ESP RSS pipe: 2139673.78 pkt/s 3081.23 MB/s
DOCA Authenticated ESP RSS pipe: 2134237.13 pkt/s 3073.40 MB/s
DOCA Authenticated ESP RSS pipe: 2128393.73 pkt/s 3064.99 MB/s
DOCA Authenticated ESP RSS pipe: 2138266.65 pkt/s 3079.21 MB/s
DOCA Authenticated ESP RSS pipe: 2134458.99 pkt/s 3073.72 MB/s
DOCA Drop pipe: 0.00 pkt/s 0.00 MB/s
DOCA Drop pipe: 0.00 pkt/s 0.00 MB/s

=== monitoring snapshot ===
Worker statistics:
  lcore=2 queue=0 rate=4272414.13 pkt/s 6152.48 MB/s
  lcore=3 queue=1 rate=4262866.01 pkt/s 6138.73 MB/s
  lcore=4 queue=2 rate=4268996.24 pkt/s 6147.56 MB/s
  lcore=5 queue=3 rate=4271404.75 pkt/s 6151.03 MB/s

Port 0 statistics:
  RX rate: 8544835.16 pkt/s 12304.42 MB/s (missed=2808 errors=0 no_mbuf=0)
  RX queue  0: rate=2137567.45 pkt/s 3077.65 MB/s (errors=0)
  RX queue  1: rate=2135648.63 pkt/s 3075.44 MB/s (errors=0)
  RX queue  2: rate=2132962.28 pkt/s 3071.57 MB/s (errors=0)
  RX queue  3: rate=2138656.79 pkt/s 3079.76 MB/s (errors=0)

Port 1 statistics:
  RX rate: 8530921.34 pkt/s 12281.58 MB/s (missed=2617 errors=0 no_mbuf=0)
  RX queue  0: rate=2134976.49 pkt/s 3073.52 MB/s (errors=0)
  RX queue  1: rate=2127110.20 pkt/s 3062.59 MB/s (errors=0)
  RX queue  2: rate=2136096.82 pkt/s 3075.09 MB/s (errors=0)
  RX queue  3: rate=2132737.83 pkt/s 3070.39 MB/s (errors=0)
DOCA software EGRESS host=2 packets=72260979 bytes=105211985424
DOCA software EGRESS host=3 packets=67307597 bytes=97999861232
DOCA ARP port=0 to_host=0 to_uplink=0
DOCA ARP port=1 to_host=0 to_uplink=0
DOCA Monitor output pipe: 0.00 pkt/s 0.00 MB/s
DOCA Monitor output pipe: 0.00 pkt/s 0.00 MB/s
DOCA To-Host pipe: 0.00 pkt/s 0.00 MB/s
DOCA To-Host pipe: 0.00 pkt/s 0.00 MB/s
DOCA Host decrypt pipe: 1067446.83 pkt/s 1537.17 MB/s
DOCA Host decrypt pipe: 1068399.25 pkt/s 1538.55 MB/s
DOCA Host decrypt pipe: 1064248.78 pkt/s 1532.57 MB/s
DOCA Host decrypt pipe: 1069045.86 pkt/s 1539.48 MB/s
DOCA Host decrypt pipe: 1069109.82 pkt/s 1539.57 MB/s
DOCA Host decrypt pipe: 1066231.57 pkt/s 1535.42 MB/s
DOCA Host decrypt pipe: 1067638.71 pkt/s 1537.45 MB/s
DOCA Host decrypt pipe: 1068598.13 pkt/s 1538.83 MB/s
DOCA Host decrypt pipe: 1069173.78 pkt/s 1539.66 MB/s
DOCA Host decrypt pipe: 1063235.39 pkt/s 1531.11 MB/s
DOCA Host decrypt pipe: 1069557.55 pkt/s 1540.21 MB/s
DOCA Host decrypt pipe: 1067446.83 pkt/s 1537.17 MB/s
DOCA Host decrypt pipe: 1064824.43 pkt/s 1533.40 MB/s
DOCA Host decrypt pipe: 1064888.39 pkt/s 1533.49 MB/s
DOCA Host decrypt pipe: 1068214.36 pkt/s 1538.28 MB/s
DOCA Host decrypt pipe: 1066679.30 pkt/s 1536.07 MB/s
DOCA Authenticated ESP RSS pipe: 2136556.65 pkt/s 3076.74 MB/s
DOCA Authenticated ESP RSS pipe: 2134637.82 pkt/s 3073.98 MB/s
DOCA Authenticated ESP RSS pipe: 2131887.49 pkt/s 3070.02 MB/s
DOCA Authenticated ESP RSS pipe: 2137643.99 pkt/s 3078.31 MB/s
DOCA Authenticated ESP RSS pipe: 2133998.21 pkt/s 3073.06 MB/s
DOCA Authenticated ESP RSS pipe: 2128136.77 pkt/s 3064.62 MB/s
DOCA Authenticated ESP RSS pipe: 2137771.91 pkt/s 3078.49 MB/s
DOCA Authenticated ESP RSS pipe: 2134126.13 pkt/s 3073.24 MB/s
DOCA Drop pipe: 0.00 pkt/s 0.00 MB/s
DOCA Drop pipe: 0.00 pkt/s 0.00 MB/s

=== monitoring snapshot ===
Worker statistics:
  lcore=2 queue=0 rate=4278577.70 pkt/s 6161.36 MB/s
  lcore=3 queue=1 rate=4267382.23 pkt/s 6145.24 MB/s
  lcore=4 queue=2 rate=4270965.82 pkt/s 6150.40 MB/s
  lcore=5 queue=3 rate=4276750.93 pkt/s 6158.73 MB/s

Port 0 statistics:
  RX rate: 8555051.30 pkt/s 12318.40 MB/s (missed=5570 errors=0 no_mbuf=0)
  RX queue  0: rate=2139656.73 pkt/s 3080.41 MB/s (errors=0)
  RX queue  1: rate=2138908.23 pkt/s 3079.64 MB/s (errors=0)
  RX queue  2: rate=2135267.67 pkt/s 3074.89 MB/s (errors=0)
  RX queue  3: rate=2141218.68 pkt/s 3083.46 MB/s (errors=0)

Port 1 statistics:
  RX rate: 8538518.83 pkt/s 12291.10 MB/s (missed=5256 errors=0 no_mbuf=0)
  RX queue  0: rate=2138803.19 pkt/s 3078.63 MB/s (errors=0)
  RX queue  1: rate=2128503.03 pkt/s 3063.54 MB/s (errors=0)
  RX queue  2: rate=2135670.27 pkt/s 3074.62 MB/s (errors=0)
  RX queue  3: rate=2135542.35 pkt/s 3074.32 MB/s (errors=0)
DOCA software EGRESS host=2 packets=80816832 bytes=117669307392
DOCA software EGRESS host=3 packets=75840711 bytes=110424075216
DOCA ARP port=0 to_host=0 to_uplink=0
DOCA ARP port=1 to_host=0 to_uplink=0
DOCA Monitor output pipe: 0.00 pkt/s 0.00 MB/s
DOCA Monitor output pipe: 0.00 pkt/s 0.00 MB/s
DOCA To-Host pipe: 0.00 pkt/s 0.00 MB/s
DOCA To-Host pipe: 0.00 pkt/s 0.00 MB/s
DOCA Host decrypt pipe: 1069369.98 pkt/s 1539.94 MB/s
DOCA Host decrypt pipe: 1069937.60 pkt/s 1540.76 MB/s
DOCA Host decrypt pipe: 1065460.60 pkt/s 1534.31 MB/s
DOCA Host decrypt pipe: 1070257.38 pkt/s 1541.22 MB/s
DOCA Host decrypt pipe: 1070193.43 pkt/s 1541.13 MB/s
DOCA Host decrypt pipe: 1069298.03 pkt/s 1539.84 MB/s
DOCA Host decrypt pipe: 1068594.50 pkt/s 1538.83 MB/s
DOCA Host decrypt pipe: 1069681.77 pkt/s 1540.39 MB/s
DOCA Host decrypt pipe: 1068466.59 pkt/s 1538.64 MB/s
DOCA Host decrypt pipe: 1062582.54 pkt/s 1530.17 MB/s
DOCA Host decrypt pipe: 1066100.17 pkt/s 1535.24 MB/s
DOCA Host decrypt pipe: 1066228.09 pkt/s 1535.42 MB/s
DOCA Host decrypt pipe: 1067507.23 pkt/s 1537.26 MB/s
DOCA Host decrypt pipe: 1063642.82 pkt/s 1531.70 MB/s
DOCA Host decrypt pipe: 1067507.23 pkt/s 1537.26 MB/s
DOCA Host decrypt pipe: 1065332.69 pkt/s 1534.13 MB/s
DOCA Authenticated ESP RSS pipe: 2139560.41 pkt/s 3081.07 MB/s
DOCA Authenticated ESP RSS pipe: 2139235.63 pkt/s 3080.60 MB/s
DOCA Authenticated ESP RSS pipe: 2134055.10 pkt/s 3073.14 MB/s
DOCA Authenticated ESP RSS pipe: 2139939.15 pkt/s 3081.62 MB/s
DOCA Authenticated ESP RSS pipe: 2135973.82 pkt/s 3075.91 MB/s
DOCA Authenticated ESP RSS pipe: 2126213.37 pkt/s 3061.85 MB/s
DOCA Authenticated ESP RSS pipe: 2133606.40 pkt/s 3072.50 MB/s
DOCA Authenticated ESP RSS pipe: 2131560.78 pkt/s 3069.55 MB/s
DOCA Drop pipe: 0.00 pkt/s 0.00 MB/s
DOCA Drop pipe: 0.00 pkt/s 0.00 MB/s

=== monitoring snapshot ===
Worker statistics:
  lcore=2 queue=0 rate=4278154.37 pkt/s 6160.75 MB/s
  lcore=3 queue=1 rate=4264556.61 pkt/s 6141.17 MB/s
  lcore=4 queue=2 rate=4268477.23 pkt/s 6146.81 MB/s
  lcore=5 queue=3 rate=4273446.22 pkt/s 6153.97 MB/s

Port 0 statistics:
  RX rate: 8550869.69 pkt/s 12307.63 MB/s (missed=13308 errors=0 no_mbuf=0)
  RX queue  0: rate=2139651.75 pkt/s 3080.51 MB/s (errors=0)
  RX queue  1: rate=2137647.96 pkt/s 3077.31 MB/s (errors=0)
  RX queue  2: rate=2134130.10 pkt/s 3073.08 MB/s (errors=0)
  RX queue  3: rate=2139439.88 pkt/s 3076.72 MB/s (errors=0)

Port 1 statistics:
  RX rate: 8533900.08 pkt/s 12280.93 MB/s (missed=12852 errors=0 no_mbuf=0)
  RX queue  0: rate=2138542.44 pkt/s 3078.64 MB/s (errors=0)
  RX queue  1: rate=2126965.47 pkt/s 3057.93 MB/s (errors=0)
  RX queue  2: rate=2134328.00 pkt/s 3072.56 MB/s (errors=0)
  RX queue  3: rate=2134064.16 pkt/s 3071.80 MB/s (errors=0)
DOCA software EGRESS host=2 packets=89368590 bytes=130120667040
DOCA software EGRESS host=3 packets=84380728 bytes=122858339968
DOCA ARP port=0 to_host=0 to_uplink=0
DOCA ARP port=1 to_host=0 to_uplink=0
DOCA Monitor output pipe: 0.00 pkt/s 0.00 MB/s
DOCA Monitor output pipe: 0.00 pkt/s 0.00 MB/s
DOCA To-Host pipe: 0.00 pkt/s 0.00 MB/s
DOCA To-Host pipe: 0.00 pkt/s 0.00 MB/s
DOCA Host decrypt pipe: 1069550.77 pkt/s 1540.20 MB/s
DOCA Host decrypt pipe: 1069878.57 pkt/s 1540.68 MB/s
DOCA Host decrypt pipe: 1065657.14 pkt/s 1534.60 MB/s
DOCA Host decrypt pipe: 1070454.22 pkt/s 1541.51 MB/s
DOCA Host decrypt pipe: 1070390.26 pkt/s 1541.41 MB/s
DOCA Host decrypt pipe: 1069878.57 pkt/s 1540.68 MB/s
DOCA Host decrypt pipe: 1068599.35 pkt/s 1538.83 MB/s
DOCA Host decrypt pipe: 1069835.60 pkt/s 1540.61 MB/s
DOCA Host decrypt pipe: 1069366.88 pkt/s 1539.94 MB/s
DOCA Host decrypt pipe: 1063866.22 pkt/s 1532.02 MB/s
DOCA Host decrypt pipe: 1065976.94 pkt/s 1535.06 MB/s
DOCA Host decrypt pipe: 1067767.86 pkt/s 1537.64 MB/s
DOCA Host decrypt pipe: 1069558.77 pkt/s 1540.22 MB/s
DOCA Host decrypt pipe: 1065252.38 pkt/s 1534.01 MB/s
DOCA Host decrypt pipe: 1068535.39 pkt/s 1538.74 MB/s
DOCA Host decrypt pipe: 1067064.28 pkt/s 1536.62 MB/s
DOCA Authenticated ESP RSS pipe: 2139944.03 pkt/s 3081.62 MB/s
DOCA Authenticated ESP RSS pipe: 2139757.15 pkt/s 3081.35 MB/s
DOCA Authenticated ESP RSS pipe: 2134256.49 pkt/s 3073.43 MB/s
DOCA Authenticated ESP RSS pipe: 2140271.84 pkt/s 3082.09 MB/s
DOCA Authenticated ESP RSS pipe: 2138925.65 pkt/s 3080.16 MB/s
DOCA Authenticated ESP RSS pipe: 2129123.60 pkt/s 3066.04 MB/s
DOCA Authenticated ESP RSS pipe: 2134513.33 pkt/s 3073.80 MB/s
DOCA Authenticated ESP RSS pipe: 2134832.14 pkt/s 3074.26 MB/s
DOCA Drop pipe: 0.00 pkt/s 0.00 MB/s
DOCA Drop pipe: 0.00 pkt/s 0.00 MB/s

=== monitoring snapshot ===
Worker statistics:
  lcore=2 queue=0 rate=4277698.86 pkt/s 6160.09 MB/s
  lcore=3 queue=1 rate=4270683.92 pkt/s 6149.99 MB/s
  lcore=4 queue=2 rate=4270966.76 pkt/s 6150.40 MB/s
  lcore=5 queue=3 rate=4276913.31 pkt/s 6158.96 MB/s

Port 0 statistics:
  RX rate: 8556634.36 pkt/s 12309.43 MB/s (missed=14824 errors=0 no_mbuf=0)
  RX queue  0: rate=2139518.13 pkt/s 3080.12 MB/s (errors=0)
  RX queue  1: rate=2140742.42 pkt/s 3080.59 MB/s (errors=0)
  RX queue  2: rate=2135276.59 pkt/s 3074.90 MB/s (errors=0)
  RX queue  3: rate=2141097.22 pkt/s 3073.81 MB/s (errors=0)

Port 1 statistics:
  RX rate: 8539614.19 pkt/s 12284.20 MB/s (missed=14343 errors=0 no_mbuf=0)
  RX queue  0: rate=2138238.85 pkt/s 3078.00 MB/s (errors=0)
  RX queue  1: rate=2129957.68 pkt/s 3057.02 MB/s (errors=0)
  RX queue  2: rate=2135714.33 pkt/s 3074.69 MB/s (errors=0)
  RX queue  3: rate=2135703.33 pkt/s 3074.50 MB/s (errors=0)
DOCA software EGRESS host=2 packets=97926341 bytes=142580752496
DOCA software EGRESS host=3 packets=92915442 bytes=135284883552
DOCA ARP port=0 to_host=0 to_uplink=0
DOCA ARP port=1 to_host=0 to_uplink=0
DOCA Monitor output pipe: 0.00 pkt/s 0.00 MB/s
DOCA Monitor output pipe: 0.00 pkt/s 0.00 MB/s
DOCA To-Host pipe: 0.00 pkt/s 0.00 MB/s
DOCA To-Host pipe: 0.00 pkt/s 0.00 MB/s
DOCA Host decrypt pipe: 1069574.88 pkt/s 1540.24 MB/s
DOCA Host decrypt pipe: 1070095.58 pkt/s 1540.99 MB/s
DOCA Host decrypt pipe: 1065682.16 pkt/s 1534.63 MB/s
DOCA Host decrypt pipe: 1070287.47 pkt/s 1541.27 MB/s
DOCA Host decrypt pipe: 1070415.39 pkt/s 1541.45 MB/s
DOCA Host decrypt pipe: 1069711.80 pkt/s 1540.44 MB/s
DOCA Host decrypt pipe: 1068624.44 pkt/s 1538.87 MB/s
DOCA Host decrypt pipe: 1069818.74 pkt/s 1540.59 MB/s
DOCA Host decrypt pipe: 1069328.03 pkt/s 1539.88 MB/s
DOCA Host decrypt pipe: 1063699.31 pkt/s 1531.78 MB/s
DOCA Host decrypt pipe: 1066065.93 pkt/s 1535.19 MB/s
DOCA Host decrypt pipe: 1067780.93 pkt/s 1537.66 MB/s
DOCA Host decrypt pipe: 1069519.92 pkt/s 1540.16 MB/s
DOCA Host decrypt pipe: 1065282.39 pkt/s 1534.06 MB/s
DOCA Host decrypt pipe: 1068688.40 pkt/s 1538.96 MB/s
DOCA Host decrypt pipe: 1067153.30 pkt/s 1536.75 MB/s
DOCA Authenticated ESP RSS pipe: 2139983.28 pkt/s 3081.68 MB/s
DOCA Authenticated ESP RSS pipe: 2139807.39 pkt/s 3081.43 MB/s
DOCA Authenticated ESP RSS pipe: 2134306.60 pkt/s 3073.50 MB/s
DOCA Authenticated ESP RSS pipe: 2140124.20 pkt/s 3081.88 MB/s
DOCA Authenticated ESP RSS pipe: 2138847.95 pkt/s 3080.04 MB/s
DOCA Authenticated ESP RSS pipe: 2128988.70 pkt/s 3065.85 MB/s
DOCA Authenticated ESP RSS pipe: 2134754.33 pkt/s 3074.15 MB/s
DOCA Authenticated ESP RSS pipe: 2134923.24 pkt/s 3074.39 MB/s
DOCA Drop pipe: 0.00 pkt/s 0.00 MB/s
DOCA Drop pipe: 0.00 pkt/s 0.00 MB/s

=== monitoring snapshot ===
Worker statistics:
  lcore=2 queue=0 rate=4278646.58 pkt/s 6161.46 MB/s
  lcore=3 queue=1 rate=4266141.02 pkt/s 6143.45 MB/s
  lcore=4 queue=2 rate=4267798.03 pkt/s 6145.83 MB/s
  lcore=5 queue=3 rate=4274509.04 pkt/s 6155.50 MB/s

Port 0 statistics:
  RX rate: 8552012.71 pkt/s 12306.10 MB/s (missed=20596 errors=0 no_mbuf=0)
  RX queue  0: rate=2139894.05 pkt/s 3080.85 MB/s (errors=0)
  RX queue  1: rate=2138528.86 pkt/s 3077.06 MB/s (errors=0)
  RX queue  2: rate=2133667.76 pkt/s 3072.33 MB/s (errors=0)
  RX queue  3: rate=2139922.04 pkt/s 3075.85 MB/s (errors=0)

Port 1 statistics:
  RX rate: 8535054.84 pkt/s 12281.43 MB/s (missed=20043 errors=0 no_mbuf=0)
  RX queue  0: rate=2138707.26 pkt/s 3079.04 MB/s (errors=0)
  RX queue  1: rate=2127603.89 pkt/s 3057.30 MB/s (errors=0)
  RX queue  2: rate=2134148.98 pkt/s 3072.17 MB/s (errors=0)
  RX queue  3: rate=2134594.71 pkt/s 3072.92 MB/s (errors=0)
DOCA software EGRESS host=2 packets=106478614 bytes=155032861984
DOCA software EGRESS host=3 packets=101456052 bytes=147720011712
DOCA ARP port=0 to_host=0 to_uplink=0
DOCA ARP port=1 to_host=0 to_uplink=0
DOCA Monitor output pipe: 0.00 pkt/s 0.00 MB/s
DOCA Monitor output pipe: 0.00 pkt/s 0.00 MB/s
DOCA To-Host pipe: 0.00 pkt/s 0.00 MB/s
DOCA To-Host pipe: 0.00 pkt/s 0.00 MB/s
DOCA Host decrypt pipe: 1069393.29 pkt/s 1539.98 MB/s
DOCA Host decrypt pipe: 1070023.91 pkt/s 1540.89 MB/s
DOCA Host decrypt pipe: 1065610.52 pkt/s 1534.53 MB/s
DOCA Host decrypt pipe: 1070215.80 pkt/s 1541.16 MB/s
DOCA Host decrypt pipe: 1070407.69 pkt/s 1541.44 MB/s
DOCA Host decrypt pipe: 1069768.07 pkt/s 1540.52 MB/s
DOCA Host decrypt pipe: 1068552.78 pkt/s 1538.77 MB/s
DOCA Host decrypt pipe: 1069768.07 pkt/s 1540.52 MB/s
DOCA Host decrypt pipe: 1069022.51 pkt/s 1539.44 MB/s
DOCA Host decrypt pipe: 1063883.54 pkt/s 1532.04 MB/s
DOCA Host decrypt pipe: 1066058.26 pkt/s 1535.18 MB/s
DOCA Host decrypt pipe: 1067669.31 pkt/s 1537.50 MB/s
DOCA Host decrypt pipe: 1069576.18 pkt/s 1540.24 MB/s
DOCA Host decrypt pipe: 1065098.82 pkt/s 1533.79 MB/s
DOCA Host decrypt pipe: 1068616.75 pkt/s 1538.86 MB/s
DOCA Host decrypt pipe: 1067081.65 pkt/s 1536.65 MB/s
DOCA Authenticated ESP RSS pipe: 2139807.97 pkt/s 3081.43 MB/s
DOCA Authenticated ESP RSS pipe: 2139791.98 pkt/s 3081.40 MB/s
DOCA Authenticated ESP RSS pipe: 2134163.30 pkt/s 3073.30 MB/s
DOCA Authenticated ESP RSS pipe: 2139983.87 pkt/s 3081.68 MB/s
DOCA Authenticated ESP RSS pipe: 2138587.69 pkt/s 3079.67 MB/s
DOCA Authenticated ESP RSS pipe: 2128982.37 pkt/s 3065.84 MB/s
DOCA Authenticated ESP RSS pipe: 2134675.00 pkt/s 3074.03 MB/s
DOCA Authenticated ESP RSS pipe: 2134761.95 pkt/s 3074.16 MB/s
DOCA Drop pipe: 0.00 pkt/s 0.00 MB/s
DOCA Drop pipe: 0.00 pkt/s 0.00 MB/s

=== monitoring snapshot ===
Worker statistics:
  lcore=2 queue=0 rate=4280360.68 pkt/s 6163.93 MB/s
  lcore=3 queue=1 rate=4269574.20 pkt/s 6148.39 MB/s
  lcore=4 queue=2 rate=4271077.29 pkt/s 6150.56 MB/s
  lcore=5 queue=3 rate=4276326.12 pkt/s 6158.12 MB/s

Port 0 statistics:
  RX rate: 8556662.47 pkt/s 12321.41 MB/s (missed=20596 errors=0 no_mbuf=0)
  RX queue  0: rate=2140787.14 pkt/s 3082.24 MB/s (errors=0)
  RX queue  1: rate=2139829.72 pkt/s 3081.46 MB/s (errors=0)
  RX queue  2: rate=2135130.55 pkt/s 3074.69 MB/s (errors=0)
  RX queue  3: rate=2140915.06 pkt/s 3083.02 MB/s (errors=0)

Port 1 statistics:
  RX rate: 8540613.75 pkt/s 12295.64 MB/s (missed=20043 errors=0 no_mbuf=0)
  RX queue  0: rate=2139539.05 pkt/s 3080.27 MB/s (errors=0)
  RX queue  1: rate=2129741.94 pkt/s 3066.08 MB/s (errors=0)
  RX queue  2: rate=2135808.29 pkt/s 3074.79 MB/s (errors=0)
  RX queue  3: rate=2135524.46 pkt/s 3074.51 MB/s (errors=0)
DOCA software EGRESS host=2 packets=115036748 bytes=167493505088
DOCA software EGRESS host=3 packets=109992316 bytes=160148812096
DOCA ARP port=0 to_host=0 to_uplink=0
DOCA ARP port=1 to_host=0 to_uplink=0
DOCA Monitor output pipe: 0.00 pkt/s 0.00 MB/s
DOCA Monitor output pipe: 0.00 pkt/s 0.00 MB/s
DOCA To-Host pipe: 0.00 pkt/s 0.00 MB/s
DOCA To-Host pipe: 0.00 pkt/s 0.00 MB/s
DOCA Host decrypt pipe: 1069381.53 pkt/s 1539.96 MB/s
DOCA Host decrypt pipe: 1069637.38 pkt/s 1540.33 MB/s
DOCA Host decrypt pipe: 1065479.85 pkt/s 1534.34 MB/s
DOCA Host decrypt pipe: 1070213.04 pkt/s 1541.16 MB/s
DOCA Host decrypt pipe: 1070213.04 pkt/s 1541.16 MB/s
DOCA Host decrypt pipe: 1069189.64 pkt/s 1539.68 MB/s
DOCA Host decrypt pipe: 1068555.02 pkt/s 1538.77 MB/s
DOCA Host decrypt pipe: 1069637.38 pkt/s 1540.33 MB/s
DOCA Host decrypt pipe: 1069253.61 pkt/s 1539.78 MB/s
DOCA Host decrypt pipe: 1063752.87 pkt/s 1531.86 MB/s
DOCA Host decrypt pipe: 1065991.54 pkt/s 1535.08 MB/s
DOCA Host decrypt pipe: 1067526.63 pkt/s 1537.29 MB/s
DOCA Host decrypt pipe: 1069509.45 pkt/s 1540.15 MB/s
DOCA Host decrypt pipe: 1065096.07 pkt/s 1533.79 MB/s
DOCA Host decrypt pipe: 1068664.96 pkt/s 1538.93 MB/s
DOCA Host decrypt pipe: 1067074.90 pkt/s 1536.64 MB/s
DOCA Authenticated ESP RSS pipe: 2139594.57 pkt/s 3081.12 MB/s
DOCA Authenticated ESP RSS pipe: 2138827.02 pkt/s 3080.01 MB/s
DOCA Authenticated ESP RSS pipe: 2134029.87 pkt/s 3073.11 MB/s
DOCA Authenticated ESP RSS pipe: 2139850.42 pkt/s 3081.49 MB/s
DOCA Authenticated ESP RSS pipe: 2138771.06 pkt/s 3079.93 MB/s
DOCA Authenticated ESP RSS pipe: 2128848.94 pkt/s 3065.65 MB/s
DOCA Authenticated ESP RSS pipe: 2134651.50 pkt/s 3074.00 MB/s
DOCA Authenticated ESP RSS pipe: 2134595.53 pkt/s 3073.92 MB/s
DOCA Drop pipe: 0.00 pkt/s 0.00 MB/s
DOCA Drop pipe: 0.00 pkt/s 0.00 MB/s

=== monitoring snapshot ===
Worker statistics:
  lcore=2 queue=0 rate=4280077.38 pkt/s 6163.52 MB/s
  lcore=3 queue=1 rate=4260993.77 pkt/s 6136.04 MB/s
  lcore=4 queue=2 rate=4271263.64 pkt/s 6150.83 MB/s
  lcore=5 queue=3 rate=4275390.17 pkt/s 6156.77 MB/s

Port 0 statistics:
  RX rate: 8551097.12 pkt/s 12312.31 MB/s (missed=24907 errors=0 no_mbuf=0)
  RX queue  0: rate=2140653.56 pkt/s 3081.97 MB/s (errors=0)
  RX queue  1: rate=2135136.86 pkt/s 3073.77 MB/s (errors=0)
  RX queue  2: rate=2134980.95 pkt/s 3074.48 MB/s (errors=0)
  RX queue  3: rate=2140325.76 pkt/s 3082.10 MB/s (errors=0)

Port 1 statistics:
  RX rate: 8536727.44 pkt/s 12288.32 MB/s (missed=24158 errors=0 no_mbuf=0)
  RX queue  0: rate=2139576.16 pkt/s 3080.34 MB/s (errors=0)
  RX queue  1: rate=2125786.34 pkt/s 3059.15 MB/s (errors=0)
  RX queue  2: rate=2136334.08 pkt/s 3075.32 MB/s (errors=0)
  RX queue  3: rate=2135030.85 pkt/s 3073.52 MB/s (errors=0)
DOCA software EGRESS host=2 packets=123587692 bytes=179943679552
DOCA software EGRESS host=3 packets=118534932 bytes=172586860992
DOCA ARP port=0 to_host=0 to_uplink=0
DOCA ARP port=1 to_host=0 to_uplink=0
DOCA Monitor output pipe: 0.00 pkt/s 0.00 MB/s
DOCA Monitor output pipe: 0.00 pkt/s 0.00 MB/s
DOCA To-Host pipe: 0.00 pkt/s 0.00 MB/s
DOCA To-Host pipe: 0.00 pkt/s 0.00 MB/s
DOCA Host decrypt pipe: 1069298.32 pkt/s 1539.84 MB/s
DOCA Host decrypt pipe: 1069426.24 pkt/s 1540.03 MB/s
DOCA Host decrypt pipe: 1065396.70 pkt/s 1534.22 MB/s
DOCA Host decrypt pipe: 1070129.81 pkt/s 1541.04 MB/s
DOCA Host decrypt pipe: 1070321.69 pkt/s 1541.31 MB/s
DOCA Host decrypt pipe: 1068466.83 pkt/s 1538.64 MB/s
DOCA Host decrypt pipe: 1068461.83 pkt/s 1538.64 MB/s
DOCA Host decrypt pipe: 1069490.20 pkt/s 1540.12 MB/s
DOCA Host decrypt pipe: 1069212.37 pkt/s 1539.72 MB/s
DOCA Host decrypt pipe: 1063669.76 pkt/s 1531.74 MB/s
DOCA Host decrypt pipe: 1067315.53 pkt/s 1536.99 MB/s
DOCA Host decrypt pipe: 1067507.41 pkt/s 1537.26 MB/s
DOCA Host decrypt pipe: 1069362.28 pkt/s 1539.93 MB/s
DOCA Host decrypt pipe: 1065012.94 pkt/s 1533.67 MB/s
DOCA Host decrypt pipe: 1068479.82 pkt/s 1538.66 MB/s
DOCA Host decrypt pipe: 1066871.80 pkt/s 1536.35 MB/s
DOCA Authenticated ESP RSS pipe: 2139608.02 pkt/s 3081.14 MB/s
DOCA Authenticated ESP RSS pipe: 2137893.07 pkt/s 3078.67 MB/s
DOCA Authenticated ESP RSS pipe: 2133863.53 pkt/s 3072.87 MB/s
DOCA Authenticated ESP RSS pipe: 2139620.01 pkt/s 3081.16 MB/s
DOCA Authenticated ESP RSS pipe: 2138577.65 pkt/s 3079.65 MB/s
DOCA Authenticated ESP RSS pipe: 2128682.70 pkt/s 3065.41 MB/s
DOCA Authenticated ESP RSS pipe: 2135800.35 pkt/s 3075.66 MB/s
DOCA Authenticated ESP RSS pipe: 2134382.22 pkt/s 3073.61 MB/s
DOCA Drop pipe: 0.00 pkt/s 0.00 MB/s
DOCA Drop pipe: 0.00 pkt/s 0.00 MB/s

=== monitoring snapshot ===
Worker statistics:
  lcore=2 queue=0 rate=4278941.62 pkt/s 6161.88 MB/s
  lcore=3 queue=1 rate=4269944.97 pkt/s 6148.93 MB/s
  lcore=4 queue=2 rate=4270234.80 pkt/s 6149.34 MB/s
  lcore=5 queue=3 rate=4276067.33 pkt/s 6157.74 MB/s

Port 0 statistics:
  RX rate: 8556298.22 pkt/s 12321.33 MB/s (missed=25547 errors=0 no_mbuf=0)
  RX queue  0: rate=2139993.51 pkt/s 3081.54 MB/s (errors=0)
  RX queue  1: rate=2140330.31 pkt/s 3082.18 MB/s (errors=0)
  RX queue  2: rate=2135076.44 pkt/s 3074.61 MB/s (errors=0)
  RX queue  3: rate=2140897.97 pkt/s 3083.00 MB/s (errors=0)

Port 1 statistics:
  RX rate: 8538858.97 pkt/s 12292.63 MB/s (missed=24815 errors=0 no_mbuf=0)
  RX queue  0: rate=2138874.74 pkt/s 3079.02 MB/s (errors=0)
  RX queue  1: rate=2129633.30 pkt/s 3065.85 MB/s (errors=0)
  RX queue  2: rate=2135186.96 pkt/s 3073.95 MB/s (errors=0)
  RX queue  3: rate=2135163.97 pkt/s 3073.81 MB/s (errors=0)
DOCA software EGRESS host=2 packets=132145894 bytes=192404421664
DOCA software EGRESS host=3 packets=127071636 bytes=185016302016
DOCA ARP port=0 to_host=0 to_uplink=0
DOCA ARP port=1 to_host=0 to_uplink=0
DOCA Monitor output pipe: 0.00 pkt/s 0.00 MB/s
DOCA Monitor output pipe: 0.00 pkt/s 0.00 MB/s
DOCA To-Host pipe: 0.00 pkt/s 0.00 MB/s
DOCA To-Host pipe: 0.00 pkt/s 0.00 MB/s
DOCA Host decrypt pipe: 1069239.71 pkt/s 1539.76 MB/s
DOCA Host decrypt pipe: 1069687.44 pkt/s 1540.40 MB/s
DOCA Host decrypt pipe: 1065529.96 pkt/s 1534.41 MB/s
DOCA Host decrypt pipe: 1070199.13 pkt/s 1541.14 MB/s
DOCA Host decrypt pipe: 1070263.09 pkt/s 1541.23 MB/s
DOCA Host decrypt pipe: 1069623.48 pkt/s 1540.31 MB/s
DOCA Host decrypt pipe: 1068536.14 pkt/s 1538.74 MB/s
DOCA Host decrypt pipe: 1069559.52 pkt/s 1540.22 MB/s
DOCA Host decrypt pipe: 1069175.75 pkt/s 1539.66 MB/s
DOCA Host decrypt pipe: 1063634.11 pkt/s 1531.68 MB/s
DOCA Host decrypt pipe: 1065721.85 pkt/s 1534.69 MB/s
DOCA Host decrypt pipe: 1067512.76 pkt/s 1537.27 MB/s
DOCA Host decrypt pipe: 1069303.67 pkt/s 1539.85 MB/s
DOCA Host decrypt pipe: 1064924.33 pkt/s 1533.54 MB/s
DOCA Host decrypt pipe: 1068472.18 pkt/s 1538.65 MB/s
DOCA Host decrypt pipe: 1066873.15 pkt/s 1536.35 MB/s
DOCA Authenticated ESP RSS pipe: 2139514.80 pkt/s 3081.00 MB/s
DOCA Authenticated ESP RSS pipe: 2139310.92 pkt/s 3080.71 MB/s
DOCA Authenticated ESP RSS pipe: 2134066.10 pkt/s 3073.16 MB/s
DOCA Authenticated ESP RSS pipe: 2139758.65 pkt/s 3081.36 MB/s
DOCA Authenticated ESP RSS pipe: 2138478.43 pkt/s 3079.51 MB/s
DOCA Authenticated ESP RSS pipe: 2128541.45 pkt/s 3065.20 MB/s
DOCA Authenticated ESP RSS pipe: 2134194.03 pkt/s 3073.34 MB/s
DOCA Authenticated ESP RSS pipe: 2134388.91 pkt/s 3073.62 MB/s
DOCA Drop pipe: 0.00 pkt/s 0.00 MB/s
DOCA Drop pipe: 0.00 pkt/s 0.00 MB/s

=== monitoring snapshot ===
Worker statistics:
  lcore=2 queue=0 rate=4277136.07 pkt/s 6159.28 MB/s
  lcore=3 queue=1 rate=4269739.54 pkt/s 6148.63 MB/s
  lcore=4 queue=2 rate=4270151.30 pkt/s 6149.22 MB/s
  lcore=5 queue=3 rate=4272309.99 pkt/s 6152.33 MB/s

Port 0 statistics:
  RX rate: 8553068.88 pkt/s 12316.27 MB/s (missed=28898 errors=0 no_mbuf=0)
  RX queue  0: rate=2139042.74 pkt/s 3080.06 MB/s (errors=0)
  RX queue  1: rate=2140309.96 pkt/s 3082.15 MB/s (errors=0)
  RX queue  2: rate=2134909.29 pkt/s 3074.37 MB/s (errors=0)
  RX queue  3: rate=2138806.89 pkt/s 3079.69 MB/s (errors=0)

Port 1 statistics:
  RX rate: 8536212.35 pkt/s 12287.69 MB/s (missed=28079 errors=0 no_mbuf=0)
  RX queue  0: rate=2138070.22 pkt/s 3077.70 MB/s (errors=0)
  RX queue  1: rate=2129399.86 pkt/s 3065.51 MB/s (errors=0)
  RX queue  2: rate=2135290.03 pkt/s 3074.09 MB/s (errors=0)
  RX queue  3: rate=2133452.23 pkt/s 3070.40 MB/s (errors=0)
DOCA software EGRESS host=2 packets=140699770 bytes=204858865120
DOCA software EGRESS host=3 packets=135610671 bytes=197449136976
DOCA ARP port=0 to_host=0 to_uplink=0
DOCA ARP port=1 to_host=0 to_uplink=0
DOCA Monitor output pipe: 0.00 pkt/s 0.00 MB/s
DOCA Monitor output pipe: 0.00 pkt/s 0.00 MB/s
DOCA To-Host pipe: 0.00 pkt/s 0.00 MB/s
DOCA To-Host pipe: 0.00 pkt/s 0.00 MB/s
DOCA Host decrypt pipe: 1069295.00 pkt/s 1539.84 MB/s
DOCA Host decrypt pipe: 1069581.82 pkt/s 1540.25 MB/s
DOCA Host decrypt pipe: 1065360.54 pkt/s 1534.17 MB/s
DOCA Host decrypt pipe: 1070093.49 pkt/s 1540.99 MB/s
DOCA Host decrypt pipe: 1070157.44 pkt/s 1541.08 MB/s
DOCA Host decrypt pipe: 1069581.82 pkt/s 1540.25 MB/s
DOCA Host decrypt pipe: 1068366.60 pkt/s 1538.50 MB/s
DOCA Host decrypt pipe: 1069453.90 pkt/s 1540.07 MB/s
DOCA Host decrypt pipe: 1069006.19 pkt/s 1539.42 MB/s
DOCA Host decrypt pipe: 1063418.79 pkt/s 1531.37 MB/s
DOCA Host decrypt pipe: 1065680.33 pkt/s 1534.63 MB/s
DOCA Host decrypt pipe: 1067215.34 pkt/s 1536.84 MB/s
DOCA Host decrypt pipe: 1069198.06 pkt/s 1539.70 MB/s
DOCA Host decrypt pipe: 1064750.93 pkt/s 1533.29 MB/s
DOCA Host decrypt pipe: 1068302.64 pkt/s 1538.41 MB/s
DOCA Host decrypt pipe: 1066673.69 pkt/s 1536.06 MB/s
DOCA Authenticated ESP RSS pipe: 2139443.45 pkt/s 3080.90 MB/s
DOCA Authenticated ESP RSS pipe: 2139163.63 pkt/s 3080.50 MB/s
DOCA Authenticated ESP RSS pipe: 2133727.14 pkt/s 3072.67 MB/s
DOCA Authenticated ESP RSS pipe: 2139547.38 pkt/s 3081.05 MB/s
DOCA Authenticated ESP RSS pipe: 2138205.25 pkt/s 3079.12 MB/s
DOCA Authenticated ESP RSS pipe: 2128186.72 pkt/s 3064.69 MB/s
DOCA Authenticated ESP RSS pipe: 2133982.97 pkt/s 3073.04 MB/s
DOCA Authenticated ESP RSS pipe: 2133884.04 pkt/s 3072.90 MB/s
DOCA Drop pipe: 0.00 pkt/s 0.00 MB/s
DOCA Drop pipe: 0.00 pkt/s 0.00 MB/s

=== monitoring snapshot ===
Worker statistics:
  lcore=2 queue=0 rate=4278952.13 pkt/s 6161.90 MB/s
  lcore=3 queue=1 rate=4266216.28 pkt/s 6143.56 MB/s
  lcore=4 queue=2 rate=4270058.82 pkt/s 6149.09 MB/s
  lcore=5 queue=3 rate=4275993.02 pkt/s 6157.64 MB/s

Port 0 statistics:
  RX rate: 8554016.13 pkt/s 12317.84 MB/s (missed=31197 errors=0 no_mbuf=0)
  RX queue  0: rate=2140029.32 pkt/s 3081.64 MB/s (errors=0)
  RX queue  1: rate=2138369.37 pkt/s 3079.11 MB/s (errors=0)
  RX queue  2: rate=2134972.51 pkt/s 3074.46 MB/s (errors=0)
  RX queue  3: rate=2140644.94 pkt/s 3082.63 MB/s (errors=0)

Port 1 statistics:
  RX rate: 8537197.83 pkt/s 12288.02 MB/s (missed=30307 errors=0 no_mbuf=0)
  RX queue  0: rate=2138829.74 pkt/s 3078.87 MB/s (errors=0)
  RX queue  1: rate=2127929.28 pkt/s 3063.15 MB/s (errors=0)
  RX queue  2: rate=2135077.99 pkt/s 3073.67 MB/s (errors=0)
  RX queue  3: rate=2135360.82 pkt/s 3072.34 MB/s (errors=0)
DOCA software EGRESS host=2 packets=149254685 bytes=217314821360
DOCA software EGRESS host=3 packets=144146418 bytes=209877184608
DOCA ARP port=0 to_host=0 to_uplink=0
DOCA ARP port=1 to_host=0 to_uplink=0
DOCA Monitor output pipe: 0.00 pkt/s 0.00 MB/s
DOCA Monitor output pipe: 0.00 pkt/s 0.00 MB/s
DOCA To-Host pipe: 0.00 pkt/s 0.00 MB/s
DOCA To-Host pipe: 0.00 pkt/s 0.00 MB/s
DOCA Host decrypt pipe: 1069224.53 pkt/s 1539.73 MB/s
DOCA Host decrypt pipe: 1069449.40 pkt/s 1540.06 MB/s
DOCA Host decrypt pipe: 1065355.81 pkt/s 1534.16 MB/s
DOCA Host decrypt pipe: 1070025.06 pkt/s 1540.89 MB/s
DOCA Host decrypt pipe: 1070344.87 pkt/s 1541.35 MB/s
DOCA Host decrypt pipe: 1069549.34 pkt/s 1540.20 MB/s
DOCA Host decrypt pipe: 1068553.93 pkt/s 1538.77 MB/s
DOCA Host decrypt pipe: 1069513.36 pkt/s 1540.15 MB/s
DOCA Host decrypt pipe: 1069513.36 pkt/s 1540.15 MB/s
DOCA Host decrypt pipe: 1063564.87 pkt/s 1531.58 MB/s
DOCA Host decrypt pipe: 1065867.51 pkt/s 1534.90 MB/s
DOCA Host decrypt pipe: 1067466.57 pkt/s 1537.20 MB/s
DOCA Host decrypt pipe: 1069321.48 pkt/s 1539.87 MB/s
DOCA Host decrypt pipe: 1065036.00 pkt/s 1533.70 MB/s
DOCA Host decrypt pipe: 1068489.97 pkt/s 1538.68 MB/s
DOCA Host decrypt pipe: 1066920.89 pkt/s 1536.42 MB/s
DOCA Authenticated ESP RSS pipe: 2139578.40 pkt/s 3081.10 MB/s
DOCA Authenticated ESP RSS pipe: 2138996.74 pkt/s 3080.26 MB/s
DOCA Authenticated ESP RSS pipe: 2133909.74 pkt/s 3072.93 MB/s
DOCA Authenticated ESP RSS pipe: 2139538.42 pkt/s 3081.04 MB/s
DOCA Authenticated ESP RSS pipe: 2138834.84 pkt/s 3080.03 MB/s
DOCA Authenticated ESP RSS pipe: 2128600.87 pkt/s 3065.29 MB/s
DOCA Authenticated ESP RSS pipe: 2134357.48 pkt/s 3073.58 MB/s
DOCA Authenticated ESP RSS pipe: 2134392.46 pkt/s 3073.63 MB/s
DOCA Drop pipe: 0.00 pkt/s 0.00 MB/s
DOCA Drop pipe: 0.00 pkt/s 0.00 MB/s

=== monitoring snapshot ===
Worker statistics:
  lcore=2 queue=0 rate=4268410.04 pkt/s 6146.72 MB/s
  lcore=3 queue=1 rate=4252817.09 pkt/s 6124.26 MB/s
  lcore=4 queue=2 rate=4263879.67 pkt/s 6140.19 MB/s
  lcore=5 queue=3 rate=4268257.13 pkt/s 6146.50 MB/s

Port 0 statistics:
  RX rate: 8535471.17 pkt/s 12289.61 MB/s (missed=40888 errors=0 no_mbuf=0)
  RX queue  0: rate=2134721.55 pkt/s 3073.67 MB/s (errors=0)
  RX queue  1: rate=2131535.39 pkt/s 3068.25 MB/s (errors=0)
  RX queue  2: rate=2132064.09 pkt/s 3070.23 MB/s (errors=0)
  RX queue  3: rate=2137150.14 pkt/s 3077.46 MB/s (errors=0)

Port 1 statistics:
  RX rate: 8518152.68 pkt/s 12259.53 MB/s (missed=39908 errors=0 no_mbuf=0)
  RX queue  0: rate=2133836.69 pkt/s 3071.30 MB/s (errors=0)
  RX queue  1: rate=2121293.93 pkt/s 3052.43 MB/s (errors=0)
  RX queue  2: rate=2131884.81 pkt/s 3069.01 MB/s (errors=0)
  RX queue  3: rate=2131137.25 pkt/s 3066.79 MB/s (errors=0)
DOCA software EGRESS host=2 packets=157791319 bytes=229744160464
DOCA software EGRESS host=3 packets=152682635 bytes=222305916560
DOCA ARP port=0 to_host=0 to_uplink=0
DOCA ARP port=1 to_host=0 to_uplink=0
DOCA Monitor output pipe: 0.00 pkt/s 0.00 MB/s
DOCA Monitor output pipe: 0.00 pkt/s 0.00 MB/s
DOCA To-Host pipe: 0.00 pkt/s 0.00 MB/s
DOCA To-Host pipe: 0.00 pkt/s 0.00 MB/s
DOCA Host decrypt pipe: 1067927.36 pkt/s 1537.87 MB/s
DOCA Host decrypt pipe: 1068183.21 pkt/s 1538.24 MB/s
DOCA Host decrypt pipe: 1064217.50 pkt/s 1532.52 MB/s
DOCA Host decrypt pipe: 1068758.88 pkt/s 1539.06 MB/s
DOCA Host decrypt pipe: 1068694.91 pkt/s 1538.97 MB/s
DOCA Host decrypt pipe: 1068147.23 pkt/s 1538.18 MB/s
DOCA Host decrypt pipe: 1067223.76 pkt/s 1536.85 MB/s
DOCA Host decrypt pipe: 1068311.13 pkt/s 1538.42 MB/s
DOCA Host decrypt pipe: 1069334.54 pkt/s 1539.89 MB/s
DOCA Host decrypt pipe: 1063577.87 pkt/s 1531.60 MB/s
DOCA Host decrypt pipe: 1065688.65 pkt/s 1534.64 MB/s
DOCA Host decrypt pipe: 1067287.72 pkt/s 1536.95 MB/s
DOCA Host decrypt pipe: 1069270.58 pkt/s 1539.80 MB/s
DOCA Host decrypt pipe: 1064921.09 pkt/s 1533.54 MB/s
DOCA Host decrypt pipe: 1068311.13 pkt/s 1538.42 MB/s
DOCA Host decrypt pipe: 1066776.02 pkt/s 1536.21 MB/s
DOCA Authenticated ESP RSS pipe: 2136622.27 pkt/s 3076.84 MB/s
DOCA Authenticated ESP RSS pipe: 2136331.44 pkt/s 3076.42 MB/s
DOCA Authenticated ESP RSS pipe: 2131441.26 pkt/s 3069.38 MB/s
DOCA Authenticated ESP RSS pipe: 2137070.01 pkt/s 3077.48 MB/s
DOCA Authenticated ESP RSS pipe: 2138605.12 pkt/s 3079.69 MB/s
DOCA Authenticated ESP RSS pipe: 2128498.96 pkt/s 3065.14 MB/s
DOCA Authenticated ESP RSS pipe: 2133999.78 pkt/s 3073.06 MB/s
DOCA Authenticated ESP RSS pipe: 2134063.74 pkt/s 3073.15 MB/s
DOCA Drop pipe: 0.00 pkt/s 0.00 MB/s
DOCA Drop pipe: 0.00 pkt/s 0.00 MB/s

=== monitoring snapshot ===
Worker statistics:
  lcore=2 queue=0 rate=4272306.16 pkt/s 6152.33 MB/s
  lcore=3 queue=1 rate=4268535.37 pkt/s 6146.90 MB/s
  lcore=4 queue=2 rate=4265446.18 pkt/s 6142.45 MB/s
  lcore=5 queue=3 rate=4273062.72 pkt/s 6153.42 MB/s

Port 0 statistics:
  RX rate: 8547973.47 pkt/s 12308.33 MB/s (missed=47127 errors=0 no_mbuf=0)
  RX queue  0: rate=2136592.60 pkt/s 3076.14 MB/s (errors=0)
  RX queue  1: rate=2139310.01 pkt/s 3080.71 MB/s (errors=0)
  RX queue  2: rate=2132889.77 pkt/s 3071.11 MB/s (errors=0)
  RX queue  3: rate=2139181.09 pkt/s 3080.37 MB/s (errors=0)

Port 1 statistics:
  RX rate: 8531110.02 pkt/s 12280.25 MB/s (missed=46138 errors=0 no_mbuf=0)
  RX queue  0: rate=2135620.82 pkt/s 3073.68 MB/s (errors=0)
  RX queue  1: rate=2129169.65 pkt/s 3065.22 MB/s (errors=0)
  RX queue  2: rate=2132453.70 pkt/s 3069.39 MB/s (errors=0)
  RX queue  3: rate=2133865.86 pkt/s 3071.96 MB/s (errors=0)
DOCA software EGRESS host=2 packets=166339528 bytes=242190352768
DOCA software EGRESS host=3 packets=161197294 bytes=234703260064
DOCA ARP port=0 to_host=0 to_uplink=0
DOCA ARP port=1 to_host=0 to_uplink=0
DOCA Monitor output pipe: 0.00 pkt/s 0.00 MB/s
DOCA Monitor output pipe: 0.00 pkt/s 0.00 MB/s
DOCA To-Host pipe: 0.00 pkt/s 0.00 MB/s
DOCA To-Host pipe: 0.00 pkt/s 0.00 MB/s
DOCA Host decrypt pipe: 1068734.70 pkt/s 1539.03 MB/s
DOCA Host decrypt pipe: 1069118.47 pkt/s 1539.58 MB/s
DOCA Host decrypt pipe: 1065408.69 pkt/s 1534.24 MB/s
DOCA Host decrypt pipe: 1069694.12 pkt/s 1540.41 MB/s
DOCA Host decrypt pipe: 1069886.01 pkt/s 1540.69 MB/s
DOCA Host decrypt pipe: 1068926.58 pkt/s 1539.31 MB/s
DOCA Host decrypt pipe: 1068350.93 pkt/s 1538.48 MB/s
DOCA Host decrypt pipe: 1069310.35 pkt/s 1539.86 MB/s
DOCA Host decrypt pipe: 1067455.47 pkt/s 1537.19 MB/s
DOCA Host decrypt pipe: 1061954.77 pkt/s 1529.27 MB/s
DOCA Host decrypt pipe: 1063937.58 pkt/s 1532.12 MB/s
DOCA Host decrypt pipe: 1065408.69 pkt/s 1534.24 MB/s
DOCA Host decrypt pipe: 1067519.43 pkt/s 1537.28 MB/s
DOCA Host decrypt pipe: 1063396.90 pkt/s 1531.34 MB/s
DOCA Host decrypt pipe: 1066623.96 pkt/s 1535.99 MB/s
DOCA Host decrypt pipe: 1065216.81 pkt/s 1533.96 MB/s
DOCA Authenticated ESP RSS pipe: 2138620.71 pkt/s 3079.72 MB/s
DOCA Authenticated ESP RSS pipe: 2138046.05 pkt/s 3078.89 MB/s
DOCA Authenticated ESP RSS pipe: 2133759.62 pkt/s 3072.72 MB/s
DOCA Authenticated ESP RSS pipe: 2139004.48 pkt/s 3080.27 MB/s
DOCA Authenticated ESP RSS pipe: 2134974.89 pkt/s 3074.47 MB/s
DOCA Authenticated ESP RSS pipe: 2125340.67 pkt/s 3060.59 MB/s
DOCA Authenticated ESP RSS pipe: 2130561.54 pkt/s 3068.11 MB/s
DOCA Authenticated ESP RSS pipe: 2130625.50 pkt/s 3068.20 MB/s
DOCA Drop pipe: 0.00 pkt/s 0.00 MB/s
DOCA Drop pipe: 0.00 pkt/s 0.00 MB/s

=== monitoring snapshot ===
Worker statistics:
  lcore=2 queue=0 rate=4269527.88 pkt/s 6148.33 MB/s
  lcore=3 queue=1 rate=4269482.90 pkt/s 6148.26 MB/s
  lcore=4 queue=2 rate=4271051.94 pkt/s 6150.52 MB/s
  lcore=5 queue=3 rate=4273882.21 pkt/s 6154.60 MB/s

Port 0 statistics:
  RX rate: 8550993.17 pkt/s 12312.79 MB/s (missed=53501 errors=0 no_mbuf=0)
  RX queue  0: rate=2135457.68 pkt/s 3074.35 MB/s (errors=0)
  RX queue  1: rate=2140153.84 pkt/s 3081.92 MB/s (errors=0)
  RX queue  2: rate=2135858.44 pkt/s 3075.74 MB/s (errors=0)
  RX queue  3: rate=2139523.22 pkt/s 3080.77 MB/s (errors=0)

Port 1 statistics:
  RX rate: 8533104.64 pkt/s 12282.53 MB/s (missed=52608 errors=0 no_mbuf=0)
  RX queue  0: rate=2134159.13 pkt/s 3071.05 MB/s (errors=0)
  RX queue  1: rate=2129378.01 pkt/s 3065.32 MB/s (errors=0)
  RX queue  2: rate=2135225.48 pkt/s 3073.94 MB/s (errors=0)
  RX queue  3: rate=2134342.02 pkt/s 3072.23 MB/s (errors=0)
DOCA software EGRESS host=2 packets=174890595 bytes=254640706320
DOCA software EGRESS host=3 packets=169736479 bytes=247136313424
DOCA ARP port=0 to_host=0 to_uplink=0
DOCA ARP port=1 to_host=0 to_uplink=0
DOCA Monitor output pipe: 0.00 pkt/s 0.00 MB/s
DOCA Monitor output pipe: 0.00 pkt/s 0.00 MB/s
DOCA To-Host pipe: 0.00 pkt/s 0.00 MB/s
DOCA To-Host pipe: 0.00 pkt/s 0.00 MB/s
DOCA Host decrypt pipe: 1069245.34 pkt/s 1539.76 MB/s
DOCA Host decrypt pipe: 1069437.23 pkt/s 1540.04 MB/s
DOCA Host decrypt pipe: 1065983.30 pkt/s 1535.07 MB/s
DOCA Host decrypt pipe: 1070090.83 pkt/s 1540.98 MB/s
DOCA Host decrypt pipe: 1070268.73 pkt/s 1541.24 MB/s
DOCA Host decrypt pipe: 1069565.15 pkt/s 1540.23 MB/s
DOCA Host decrypt pipe: 1068733.65 pkt/s 1539.03 MB/s
DOCA Host decrypt pipe: 1069437.23 pkt/s 1540.04 MB/s
DOCA Host decrypt pipe: 1069181.38 pkt/s 1539.67 MB/s
DOCA Host decrypt pipe: 1063488.80 pkt/s 1531.48 MB/s
DOCA Host decrypt pipe: 1065855.38 pkt/s 1534.88 MB/s
DOCA Host decrypt pipe: 1067658.30 pkt/s 1537.48 MB/s
DOCA Host decrypt pipe: 1069181.38 pkt/s 1539.67 MB/s
DOCA Host decrypt pipe: 1064860.98 pkt/s 1533.45 MB/s
DOCA Host decrypt pipe: 1068158.00 pkt/s 1538.20 MB/s
DOCA Host decrypt pipe: 1066750.84 pkt/s 1536.17 MB/s
DOCA Authenticated ESP RSS pipe: 2139514.07 pkt/s 3081.00 MB/s
DOCA Authenticated ESP RSS pipe: 2139002.38 pkt/s 3080.27 MB/s
DOCA Authenticated ESP RSS pipe: 2134716.95 pkt/s 3074.10 MB/s
DOCA Authenticated ESP RSS pipe: 2139516.07 pkt/s 3081.01 MB/s
DOCA Authenticated ESP RSS pipe: 2138362.76 pkt/s 3079.35 MB/s
DOCA Authenticated ESP RSS pipe: 2128360.77 pkt/s 3064.94 MB/s
DOCA Authenticated ESP RSS pipe: 2134013.37 pkt/s 3073.08 MB/s
DOCA Authenticated ESP RSS pipe: 2134404.14 pkt/s 3073.64 MB/s
DOCA Drop pipe: 0.00 pkt/s 0.00 MB/s
DOCA Drop pipe: 0.00 pkt/s 0.00 MB/s

=== monitoring snapshot ===
Worker statistics:
  lcore=2 queue=0 rate=4279975.78 pkt/s 6163.37 MB/s
  lcore=3 queue=1 rate=4261521.59 pkt/s 6136.80 MB/s
  lcore=4 queue=2 rate=4270843.13 pkt/s 6150.22 MB/s
  lcore=5 queue=3 rate=4275902.17 pkt/s 6157.51 MB/s

Port 0 statistics:
  RX rate: 8552606.62 pkt/s 12315.39 MB/s (missed=57478 errors=0 no_mbuf=0)
  RX queue  0: rate=2140253.93 pkt/s 3082.07 MB/s (errors=0)
  RX queue  1: rate=2135885.48 pkt/s 3075.01 MB/s (errors=0)
  RX queue  2: rate=2135840.50 pkt/s 3075.71 MB/s (errors=0)
  RX queue  3: rate=2140626.71 pkt/s 3082.61 MB/s (errors=0)

Port 1 statistics:
  RX rate: 8535680.29 pkt/s 12273.83 MB/s (missed=56316 errors=0 no_mbuf=0)
  RX queue  0: rate=2139681.22 pkt/s 3076.23 MB/s (errors=0)
  RX queue  1: rate=2125636.40 pkt/s 3053.49 MB/s (errors=0)
  RX queue  2: rate=2135030.93 pkt/s 3073.57 MB/s (errors=0)
  RX queue  3: rate=2135331.75 pkt/s 3070.54 MB/s (errors=0)
DOCA software EGRESS host=2 packets=183444026 bytes=267094501856
DOCA software EGRESS host=3 packets=178268006 bytes=259558216736
DOCA ARP port=0 to_host=0 to_uplink=0
DOCA ARP port=1 to_host=0 to_uplink=0
DOCA Monitor output pipe: 0.00 pkt/s 0.00 MB/s
DOCA Monitor output pipe: 0.00 pkt/s 0.00 MB/s
DOCA To-Host pipe: 0.00 pkt/s 0.00 MB/s
DOCA To-Host pipe: 0.00 pkt/s 0.00 MB/s
DOCA Host decrypt pipe: 1069071.01 pkt/s 1539.51 MB/s
DOCA Host decrypt pipe: 1069390.83 pkt/s 1539.97 MB/s
DOCA Host decrypt pipe: 1066000.81 pkt/s 1535.09 MB/s
DOCA Host decrypt pipe: 1070016.46 pkt/s 1540.88 MB/s
DOCA Host decrypt pipe: 1070117.40 pkt/s 1541.02 MB/s
DOCA Host decrypt pipe: 1069390.83 pkt/s 1539.97 MB/s
DOCA Host decrypt pipe: 1068751.20 pkt/s 1539.05 MB/s
DOCA Host decrypt pipe: 1069582.71 pkt/s 1540.25 MB/s
DOCA Host decrypt pipe: 1069518.75 pkt/s 1540.16 MB/s
DOCA Host decrypt pipe: 1063570.23 pkt/s 1531.59 MB/s
DOCA Host decrypt pipe: 1065872.88 pkt/s 1534.91 MB/s
DOCA Host decrypt pipe: 1067587.88 pkt/s 1537.38 MB/s
DOCA Host decrypt pipe: 1069198.94 pkt/s 1539.70 MB/s
DOCA Host decrypt pipe: 1064913.44 pkt/s 1533.53 MB/s
DOCA Host decrypt pipe: 1068431.39 pkt/s 1538.59 MB/s
DOCA Host decrypt pipe: 1066896.28 pkt/s 1536.38 MB/s
DOCA Authenticated ESP RSS pipe: 2139170.43 pkt/s 3080.51 MB/s
DOCA Authenticated ESP RSS pipe: 2138781.65 pkt/s 3079.95 MB/s
DOCA Authenticated ESP RSS pipe: 2134752.01 pkt/s 3074.15 MB/s
DOCA Authenticated ESP RSS pipe: 2139601.17 pkt/s 3081.13 MB/s
DOCA Authenticated ESP RSS pipe: 2138717.69 pkt/s 3079.86 MB/s
DOCA Authenticated ESP RSS pipe: 2128483.67 pkt/s 3065.12 MB/s
DOCA Authenticated ESP RSS pipe: 2134304.27 pkt/s 3073.50 MB/s
DOCA Authenticated ESP RSS pipe: 2134489.16 pkt/s 3073.77 MB/s
DOCA Drop pipe: 0.00 pkt/s 0.00 MB/s
DOCA Drop pipe: 0.00 pkt/s 0.00 MB/s

=== monitoring snapshot ===
Worker statistics:
  lcore=2 queue=0 rate=4276105.71 pkt/s 6157.80 MB/s
  lcore=3 queue=1 rate=4266567.43 pkt/s 6144.06 MB/s
  lcore=4 queue=2 rate=4265220.24 pkt/s 6142.12 MB/s
  lcore=5 queue=3 rate=4273267.42 pkt/s 6153.71 MB/s

Port 0 statistics:
  RX rate: 8547587.50 pkt/s 12308.65 MB/s (missed=57478 errors=0 no_mbuf=0)
  RX queue  0: rate=2138229.07 pkt/s 3078.87 MB/s (errors=0)
  RX queue  1: rate=2138622.83 pkt/s 3079.72 MB/s (errors=0)
  RX queue  2: rate=2131570.09 pkt/s 3069.56 MB/s (errors=0)
  RX queue  3: rate=2139165.50 pkt/s 3080.50 MB/s (errors=0)

Port 1 statistics:
  RX rate: 8533399.89 pkt/s 12268.75 MB/s (missed=56316 errors=0 no_mbuf=0)
  RX queue  0: rate=2137893.45 pkt/s 3073.83 MB/s (errors=0)
  RX queue  1: rate=2127828.60 pkt/s 3054.65 MB/s (errors=0)
  RX queue  2: rate=2133622.06 pkt/s 3071.67 MB/s (errors=0)
  RX queue  3: rate=2134055.79 pkt/s 3068.60 MB/s (errors=0)
DOCA software EGRESS host=2 packets=191992826 bytes=279541554656
DOCA software EGRESS host=3 packets=186808835 bytes=271993663760
DOCA ARP port=0 to_host=0 to_uplink=0
DOCA ARP port=1 to_host=0 to_uplink=0
DOCA Monitor output pipe: 0.00 pkt/s 0.00 MB/s
DOCA Monitor output pipe: 0.00 pkt/s 0.00 MB/s
DOCA To-Host pipe: 0.00 pkt/s 0.00 MB/s
DOCA To-Host pipe: 0.00 pkt/s 0.00 MB/s
DOCA Host decrypt pipe: 1067632.82 pkt/s 1537.44 MB/s
DOCA Host decrypt pipe: 1068720.15 pkt/s 1539.01 MB/s
DOCA Host decrypt pipe: 1065074.39 pkt/s 1533.76 MB/s
DOCA Host decrypt pipe: 1069295.80 pkt/s 1539.84 MB/s
DOCA Host decrypt pipe: 1069464.70 pkt/s 1540.08 MB/s
DOCA Host decrypt pipe: 1068784.11 pkt/s 1539.10 MB/s
DOCA Host decrypt pipe: 1065330.23 pkt/s 1534.13 MB/s
DOCA Host decrypt pipe: 1068720.15 pkt/s 1539.01 MB/s
DOCA Host decrypt pipe: 1069423.72 pkt/s 1540.02 MB/s
DOCA Host decrypt pipe: 1063667.26 pkt/s 1531.73 MB/s
DOCA Host decrypt pipe: 1065841.92 pkt/s 1534.86 MB/s
DOCA Host decrypt pipe: 1067568.86 pkt/s 1537.35 MB/s
DOCA Host decrypt pipe: 1069103.92 pkt/s 1539.56 MB/s
DOCA Host decrypt pipe: 1064690.63 pkt/s 1533.21 MB/s
DOCA Host decrypt pipe: 1068208.47 pkt/s 1538.27 MB/s
DOCA Host decrypt pipe: 1066751.36 pkt/s 1536.17 MB/s
DOCA Authenticated ESP RSS pipe: 2137115.51 pkt/s 3077.55 MB/s
DOCA Authenticated ESP RSS pipe: 2137504.27 pkt/s 3078.11 MB/s
DOCA Authenticated ESP RSS pipe: 2130404.63 pkt/s 3067.89 MB/s
DOCA Authenticated ESP RSS pipe: 2138025.95 pkt/s 3078.86 MB/s
DOCA Authenticated ESP RSS pipe: 2138527.64 pkt/s 3079.58 MB/s
DOCA Authenticated ESP RSS pipe: 2128357.88 pkt/s 3064.94 MB/s
DOCA Authenticated ESP RSS pipe: 2134050.39 pkt/s 3073.14 MB/s
DOCA Authenticated ESP RSS pipe: 2134310.23 pkt/s 3073.51 MB/s
DOCA Drop pipe: 0.00 pkt/s 0.00 MB/s
DOCA Drop pipe: 0.00 pkt/s 0.00 MB/s

=== monitoring snapshot ===
Worker statistics:
  lcore=2 queue=0 rate=4277836.55 pkt/s 6160.29 MB/s
  lcore=3 queue=1 rate=4267349.03 pkt/s 6145.19 MB/s
  lcore=4 queue=2 rate=4271077.73 pkt/s 6150.56 MB/s
  lcore=5 queue=3 rate=4276504.38 pkt/s 6158.37 MB/s

Port 0 statistics:
  RX rate: 8554727.19 pkt/s 12318.14 MB/s (missed=59789 errors=0 no_mbuf=0)
  RX queue  0: rate=2139328.89 pkt/s 3079.83 MB/s (errors=0)
  RX queue  1: rate=2138898.16 pkt/s 3079.95 MB/s (errors=0)
  RX queue  2: rate=2135761.11 pkt/s 3075.60 MB/s (errors=0)
  RX queue  3: rate=2140739.02 pkt/s 3082.77 MB/s (errors=0)

Port 1 statistics:
  RX rate: 8538017.03 pkt/s 12275.70 MB/s (missed=58619 errors=0 no_mbuf=0)
  RX queue  0: rate=2138437.10 pkt/s 3075.11 MB/s (errors=0)
  RX queue  1: rate=2128550.15 pkt/s 3055.31 MB/s (errors=0)
  RX queue  2: rate=2135299.02 pkt/s 3074.10 MB/s (errors=0)
  RX queue  3: rate=2135730.76 pkt/s 3071.17 MB/s (errors=0)
DOCA software EGRESS host=2 packets=200548239 bytes=291998235984
DOCA software EGRESS host=3 packets=195344155 bytes=284421089680
DOCA ARP port=0 to_host=0 to_uplink=0
DOCA ARP port=1 to_host=0 to_uplink=0
DOCA Monitor output pipe: 0.00 pkt/s 0.00 MB/s
DOCA Monitor output pipe: 0.00 pkt/s 0.00 MB/s
DOCA To-Host pipe: 0.00 pkt/s 0.00 MB/s
DOCA To-Host pipe: 0.00 pkt/s 0.00 MB/s
DOCA Host decrypt pipe: 1069370.91 pkt/s 1539.95 MB/s
DOCA Host decrypt pipe: 1069434.88 pkt/s 1540.04 MB/s
DOCA Host decrypt pipe: 1066172.84 pkt/s 1535.34 MB/s
DOCA Host decrypt pipe: 1070138.45 pkt/s 1541.05 MB/s
DOCA Host decrypt pipe: 1070074.49 pkt/s 1540.96 MB/s
DOCA Host decrypt pipe: 1069498.84 pkt/s 1540.13 MB/s
DOCA Host decrypt pipe: 1068539.42 pkt/s 1538.75 MB/s
DOCA Host decrypt pipe: 1069521.82 pkt/s 1540.16 MB/s
DOCA Host decrypt pipe: 1068731.30 pkt/s 1539.02 MB/s
DOCA Host decrypt pipe: 1062846.85 pkt/s 1530.55 MB/s
DOCA Host decrypt pipe: 1065021.54 pkt/s 1533.68 MB/s
DOCA Host decrypt pipe: 1067003.34 pkt/s 1536.54 MB/s
DOCA Host decrypt pipe: 1068347.53 pkt/s 1538.47 MB/s
DOCA Host decrypt pipe: 1064190.04 pkt/s 1532.48 MB/s
DOCA Host decrypt pipe: 1067707.92 pkt/s 1537.55 MB/s
DOCA Host decrypt pipe: 1066286.78 pkt/s 1535.50 MB/s
DOCA Authenticated ESP RSS pipe: 2139445.41 pkt/s 3080.90 MB/s
DOCA Authenticated ESP RSS pipe: 2138933.71 pkt/s 3080.17 MB/s
DOCA Authenticated ESP RSS pipe: 2134712.26 pkt/s 3074.09 MB/s
DOCA Authenticated ESP RSS pipe: 2139657.28 pkt/s 3081.21 MB/s
DOCA Authenticated ESP RSS pipe: 2137078.83 pkt/s 3077.50 MB/s
DOCA Authenticated ESP RSS pipe: 2127036.89 pkt/s 3063.04 MB/s
DOCA Authenticated ESP RSS pipe: 2132729.46 pkt/s 3071.23 MB/s
DOCA Authenticated ESP RSS pipe: 2133285.12 pkt/s 3072.03 MB/s
DOCA Drop pipe: 0.00 pkt/s 0.00 MB/s
DOCA Drop pipe: 0.00 pkt/s 0.00 MB/s

=== monitoring snapshot ===
Worker statistics:
  lcore=2 queue=0 rate=4269767.34 pkt/s 6148.67 MB/s
  lcore=3 queue=1 rate=4263350.16 pkt/s 6139.43 MB/s
  lcore=4 queue=2 rate=4269215.67 pkt/s 6147.88 MB/s
  lcore=5 queue=3 rate=4270906.67 pkt/s 6150.31 MB/s

Port 0 statistics:
  RX rate: 8544591.34 pkt/s 12302.02 MB/s (missed=68041 errors=0 no_mbuf=0)
  RX queue  0: rate=2135083.21 pkt/s 3073.31 MB/s (errors=0)
  RX queue  1: rate=2136747.23 pkt/s 3076.02 MB/s (errors=0)
  RX queue  2: rate=2134705.44 pkt/s 3074.08 MB/s (errors=0)
  RX queue  3: rate=2138055.46 pkt/s 3078.60 MB/s (errors=0)

Port 1 statistics:
  RX rate: 8528654.24 pkt/s 12272.49 MB/s (missed=66546 errors=0 no_mbuf=0)
  RX queue  0: rate=2134713.29 pkt/s 3072.47 MB/s (errors=0)
  RX queue  1: rate=2126541.16 pkt/s 3059.33 MB/s (errors=0)
  RX queue  2: rate=2134535.40 pkt/s 3072.98 MB/s (errors=0)
  RX queue  3: rate=2132864.39 pkt/s 3067.71 MB/s (errors=0)
DOCA software EGRESS host=2 packets=209093792 bytes=304440561152
DOCA software EGRESS host=3 packets=203878502 bytes=296847098912
DOCA ARP port=0 to_host=0 to_uplink=0
DOCA ARP port=1 to_host=0 to_uplink=0
DOCA Monitor output pipe: 0.00 pkt/s 0.00 MB/s
DOCA Monitor output pipe: 0.00 pkt/s 0.00 MB/s
DOCA To-Host pipe: 0.00 pkt/s 0.00 MB/s
DOCA To-Host pipe: 0.00 pkt/s 0.00 MB/s
DOCA Host decrypt pipe: 1068160.02 pkt/s 1538.20 MB/s
DOCA Host decrypt pipe: 1069503.21 pkt/s 1540.14 MB/s
DOCA Host decrypt pipe: 1065473.63 pkt/s 1534.33 MB/s
DOCA Host decrypt pipe: 1069695.10 pkt/s 1540.41 MB/s
DOCA Host decrypt pipe: 1069828.02 pkt/s 1540.60 MB/s
DOCA Host decrypt pipe: 1068543.79 pkt/s 1538.75 MB/s
DOCA Host decrypt pipe: 1068160.02 pkt/s 1538.20 MB/s
DOCA Host decrypt pipe: 1069160.42 pkt/s 1539.64 MB/s
DOCA Host decrypt pipe: 1069375.29 pkt/s 1539.95 MB/s
DOCA Host decrypt pipe: 1063554.78 pkt/s 1531.57 MB/s
DOCA Host decrypt pipe: 1065671.51 pkt/s 1534.62 MB/s
DOCA Host decrypt pipe: 1067649.32 pkt/s 1537.47 MB/s
DOCA Host decrypt pipe: 1069183.40 pkt/s 1539.68 MB/s
DOCA Host decrypt pipe: 1064961.93 pkt/s 1533.60 MB/s
DOCA Host decrypt pipe: 1068415.86 pkt/s 1538.57 MB/s
DOCA Host decrypt pipe: 1066944.75 pkt/s 1536.45 MB/s
DOCA Authenticated ESP RSS pipe: 2137983.04 pkt/s 3078.80 MB/s
DOCA Authenticated ESP RSS pipe: 2138042.00 pkt/s 3078.88 MB/s
DOCA Authenticated ESP RSS pipe: 2133633.64 pkt/s 3072.54 MB/s
DOCA Authenticated ESP RSS pipe: 2138858.51 pkt/s 3080.06 MB/s
DOCA Authenticated ESP RSS pipe: 2138558.69 pkt/s 3079.63 MB/s
DOCA Authenticated ESP RSS pipe: 2128516.71 pkt/s 3065.17 MB/s
DOCA Authenticated ESP RSS pipe: 2134082.38 pkt/s 3073.18 MB/s
DOCA Authenticated ESP RSS pipe: 2134602.06 pkt/s 3073.93 MB/s
DOCA Drop pipe: 0.00 pkt/s 0.00 MB/s
DOCA Drop pipe: 0.00 pkt/s 0.00 MB/s

=== monitoring snapshot ===
Worker statistics:
  lcore=2 queue=0 rate=4272307.89 pkt/s 6152.33 MB/s
  lcore=3 queue=1 rate=4260315.07 pkt/s 6135.06 MB/s
  lcore=4 queue=2 rate=4259589.50 pkt/s 6134.01 MB/s
  lcore=5 queue=3 rate=4269637.49 pkt/s 6148.48 MB/s

Port 0 statistics:
  RX rate: 8533955.87 pkt/s 12288.69 MB/s (missed=68041 errors=0 no_mbuf=0)
  RX queue  0: rate=2136178.09 pkt/s 3075.58 MB/s (errors=0)
  RX queue  1: rate=2133902.47 pkt/s 3072.92 MB/s (errors=0)
  RX queue  2: rate=2126450.98 pkt/s 3062.19 MB/s (errors=0)
  RX queue  3: rate=2137424.33 pkt/s 3077.99 MB/s (errors=0)

Port 1 statistics:
  RX rate: 8528038.66 pkt/s 12278.12 MB/s (missed=66546 errors=0 no_mbuf=0)
  RX queue  0: rate=2136164.37 pkt/s 3075.36 MB/s (errors=0)
  RX queue  1: rate=2126500.29 pkt/s 3061.44 MB/s (errors=0)
  RX queue  2: rate=2133119.24 pkt/s 3071.54 MB/s (errors=0)
  RX queue  3: rate=2132254.77 pkt/s 3069.78 MB/s (errors=0)
DOCA software EGRESS host=2 packets=217628204 bytes=316866665024
DOCA software EGRESS host=3 packets=212398982 bytes=309252917792
DOCA ARP port=0 to_host=0 to_uplink=0
DOCA ARP port=1 to_host=0 to_uplink=0
DOCA Monitor output pipe: 0.00 pkt/s 0.00 MB/s
DOCA Monitor output pipe: 0.00 pkt/s 0.00 MB/s
DOCA To-Host pipe: 0.00 pkt/s 0.00 MB/s
DOCA To-Host pipe: 0.00 pkt/s 0.00 MB/s
DOCA Host decrypt pipe: 1066419.92 pkt/s 1535.70 MB/s
DOCA Host decrypt pipe: 1067954.98 pkt/s 1537.91 MB/s
DOCA Host decrypt pipe: 1058296.89 pkt/s 1524.00 MB/s
DOCA Host decrypt pipe: 1068366.73 pkt/s 1538.50 MB/s
DOCA Host decrypt pipe: 1068653.56 pkt/s 1538.91 MB/s
DOCA Host decrypt pipe: 1064629.02 pkt/s 1533.12 MB/s
DOCA Host decrypt pipe: 1066931.61 pkt/s 1536.43 MB/s
DOCA Host decrypt pipe: 1067954.98 pkt/s 1537.91 MB/s
DOCA Host decrypt pipe: 1066995.57 pkt/s 1536.53 MB/s
DOCA Host decrypt pipe: 1061494.93 pkt/s 1528.60 MB/s
DOCA Host decrypt pipe: 1064047.37 pkt/s 1532.28 MB/s
DOCA Host decrypt pipe: 1065516.47 pkt/s 1534.40 MB/s
DOCA Host decrypt pipe: 1066995.57 pkt/s 1536.53 MB/s
DOCA Host decrypt pipe: 1062774.15 pkt/s 1530.45 MB/s
DOCA Host decrypt pipe: 1066292.00 pkt/s 1535.51 MB/s
DOCA Host decrypt pipe: 1064884.86 pkt/s 1533.49 MB/s
DOCA Authenticated ESP RSS pipe: 2135078.47 pkt/s 3074.62 MB/s
DOCA Authenticated ESP RSS pipe: 2132589.00 pkt/s 3071.03 MB/s
DOCA Authenticated ESP RSS pipe: 2125228.50 pkt/s 3060.43 MB/s
DOCA Authenticated ESP RSS pipe: 2136309.72 pkt/s 3076.39 MB/s
DOCA Authenticated ESP RSS pipe: 2133991.14 pkt/s 3073.05 MB/s
DOCA Authenticated ESP RSS pipe: 2124269.08 pkt/s 3059.05 MB/s
DOCA Authenticated ESP RSS pipe: 2130344.37 pkt/s 3067.80 MB/s
DOCA Authenticated ESP RSS pipe: 2130394.34 pkt/s 3067.87 MB/s
DOCA Drop pipe: 0.00 pkt/s 0.00 MB/s
DOCA Drop pipe: 0.00 pkt/s 0.00 MB/s

=== monitoring snapshot ===
Worker statistics:
  lcore=2 queue=0 rate=4279901.59 pkt/s 6163.26 MB/s
  lcore=3 queue=1 rate=4268019.96 pkt/s 6146.15 MB/s
  lcore=4 queue=2 rate=4271363.88 pkt/s 6150.97 MB/s
  lcore=5 queue=3 rate=4275683.20 pkt/s 6157.19 MB/s

Port 0 statistics:
  RX rate: 8554660.59 pkt/s 12318.54 MB/s (missed=68041 errors=0 no_mbuf=0)
  RX queue  0: rate=2140129.75 pkt/s 3081.30 MB/s (errors=0)
  RX queue  1: rate=2138599.69 pkt/s 3079.69 MB/s (errors=0)
  RX queue  2: rate=2135545.56 pkt/s 3075.29 MB/s (errors=0)
  RX queue  3: rate=2140385.59 pkt/s 3082.26 MB/s (errors=0)

Port 1 statistics:
  RX rate: 8540234.16 pkt/s 12295.21 MB/s (missed=66546 errors=0 no_mbuf=0)
  RX queue  0: rate=2139812.41 pkt/s 3080.46 MB/s (errors=0)
  RX queue  1: rate=2129367.74 pkt/s 3065.29 MB/s (errors=0)
  RX queue  2: rate=2135771.86 pkt/s 3075.34 MB/s (errors=0)
  RX queue  3: rate=2135282.15 pkt/s 3074.11 MB/s (errors=0)
DOCA software EGRESS host=2 packets=226184674 bytes=329324885344
DOCA software EGRESS host=3 packets=220941245 bytes=321690452720
DOCA ARP port=0 to_host=0 to_uplink=0
DOCA ARP port=1 to_host=0 to_uplink=0
DOCA Monitor output pipe: 0.00 pkt/s 0.00 MB/s
DOCA Monitor output pipe: 0.00 pkt/s 0.00 MB/s
DOCA To-Host pipe: 0.00 pkt/s 0.00 MB/s
DOCA To-Host pipe: 0.00 pkt/s 0.00 MB/s
DOCA Host decrypt pipe: 1069109.79 pkt/s 1539.57 MB/s
DOCA Host decrypt pipe: 1069557.51 pkt/s 1540.21 MB/s
DOCA Host decrypt pipe: 1066040.65 pkt/s 1535.15 MB/s
DOCA Host decrypt pipe: 1070041.22 pkt/s 1540.91 MB/s
DOCA Host decrypt pipe: 1070133.16 pkt/s 1541.04 MB/s
DOCA Host decrypt pipe: 1068278.29 pkt/s 1538.37 MB/s
DOCA Host decrypt pipe: 1068662.06 pkt/s 1538.92 MB/s
DOCA Host decrypt pipe: 1069493.55 pkt/s 1540.12 MB/s
DOCA Host decrypt pipe: 1069557.51 pkt/s 1540.21 MB/s
DOCA Host decrypt pipe: 1063609.13 pkt/s 1531.65 MB/s
DOCA Host decrypt pipe: 1067063.03 pkt/s 1536.62 MB/s
DOCA Host decrypt pipe: 1067518.75 pkt/s 1537.28 MB/s
DOCA Host decrypt pipe: 1069365.63 pkt/s 1539.94 MB/s
DOCA Host decrypt pipe: 1064952.32 pkt/s 1533.58 MB/s
DOCA Host decrypt pipe: 1068150.37 pkt/s 1538.19 MB/s
DOCA Host decrypt pipe: 1066743.23 pkt/s 1536.16 MB/s
DOCA Authenticated ESP RSS pipe: 2139242.95 pkt/s 3080.61 MB/s
DOCA Authenticated ESP RSS pipe: 2137835.81 pkt/s 3078.59 MB/s
DOCA Authenticated ESP RSS pipe: 2134701.71 pkt/s 3074.07 MB/s
DOCA Authenticated ESP RSS pipe: 2139546.77 pkt/s 3081.05 MB/s
DOCA Authenticated ESP RSS pipe: 2138923.15 pkt/s 3080.15 MB/s
DOCA Authenticated ESP RSS pipe: 2128561.45 pkt/s 3065.23 MB/s
DOCA Authenticated ESP RSS pipe: 2135213.40 pkt/s 3074.81 MB/s
DOCA Authenticated ESP RSS pipe: 2134275.97 pkt/s 3073.46 MB/s
DOCA Drop pipe: 0.00 pkt/s 0.00 MB/s
DOCA Drop pipe: 0.00 pkt/s 0.00 MB/s

=== monitoring snapshot ===
Worker statistics:
  lcore=2 queue=0 rate=4278942.56 pkt/s 6161.88 MB/s
  lcore=3 queue=1 rate=4263454.24 pkt/s 6139.58 MB/s
  lcore=4 queue=2 rate=4272717.68 pkt/s 6152.92 MB/s
  lcore=5 queue=3 rate=4275077.47 pkt/s 6156.32 MB/s

Port 0 statistics:
  RX rate: 8549340.51 pkt/s 12310.86 MB/s (missed=68041 errors=0 no_mbuf=0)
  RX queue  0: rate=2139798.95 pkt/s 3080.81 MB/s (errors=0)
  RX queue  1: rate=2134593.31 pkt/s 3073.92 MB/s (errors=0)
  RX queue  2: rate=2134734.05 pkt/s 3074.12 MB/s (errors=0)
  RX queue  3: rate=2140214.20 pkt/s 3082.01 MB/s (errors=0)

Port 1 statistics:
  RX rate: 8540856.57 pkt/s 12296.45 MB/s (missed=66546 errors=0 no_mbuf=0)
  RX queue  0: rate=2139134.91 pkt/s 3079.68 MB/s (errors=0)
  RX queue  1: rate=2128863.86 pkt/s 3065.26 MB/s (errors=0)
  RX queue  2: rate=2138040.93 pkt/s 3077.95 MB/s (errors=0)
  RX queue  3: rate=2134816.88 pkt/s 3073.56 MB/s (errors=0)
DOCA software EGRESS host=2 packets=234736008 bytes=341775627648
DOCA software EGRESS host=3 packets=229483822 bytes=334128444832
DOCA ARP port=0 to_host=0 to_uplink=0
DOCA ARP port=1 to_host=0 to_uplink=0
DOCA Monitor output pipe: 0.00 pkt/s 0.00 MB/s
DOCA Monitor output pipe: 0.00 pkt/s 0.00 MB/s
DOCA To-Host pipe: 0.00 pkt/s 0.00 MB/s
DOCA To-Host pipe: 0.00 pkt/s 0.00 MB/s
DOCA Host decrypt pipe: 1063000.82 pkt/s 1530.77 MB/s
DOCA Host decrypt pipe: 1063509.70 pkt/s 1531.51 MB/s
DOCA Host decrypt pipe: 1059692.06 pkt/s 1526.01 MB/s
DOCA Host decrypt pipe: 1064209.42 pkt/s 1532.51 MB/s
DOCA Host decrypt pipe: 1064273.04 pkt/s 1532.60 MB/s
DOCA Host decrypt pipe: 1058675.28 pkt/s 1524.54 MB/s
DOCA Host decrypt pipe: 1062619.15 pkt/s 1530.22 MB/s
DOCA Host decrypt pipe: 1063509.70 pkt/s 1531.51 MB/s
DOCA Host decrypt pipe: 1063636.93 pkt/s 1531.69 MB/s
DOCA Host decrypt pipe: 1057721.12 pkt/s 1523.17 MB/s
DOCA Host decrypt pipe: 1062173.88 pkt/s 1529.58 MB/s
DOCA Host decrypt pipe: 1061589.45 pkt/s 1528.74 MB/s
DOCA Host decrypt pipe: 1063255.26 pkt/s 1531.14 MB/s
DOCA Host decrypt pipe: 1058929.72 pkt/s 1524.91 MB/s
DOCA Host decrypt pipe: 1062364.71 pkt/s 1529.86 MB/s
DOCA Host decrypt pipe: 1061028.88 pkt/s 1527.93 MB/s
DOCA Authenticated ESP RSS pipe: 2127273.85 pkt/s 3063.38 MB/s
DOCA Authenticated ESP RSS pipe: 2122184.99 pkt/s 3056.05 MB/s
DOCA Authenticated ESP RSS pipe: 2122311.21 pkt/s 3056.23 MB/s
DOCA Authenticated ESP RSS pipe: 2127719.13 pkt/s 3064.02 MB/s
DOCA Authenticated ESP RSS pipe: 2126892.19 pkt/s 3062.83 MB/s
DOCA Authenticated ESP RSS pipe: 2116650.84 pkt/s 3048.08 MB/s
DOCA Authenticated ESP RSS pipe: 2124538.59 pkt/s 3059.44 MB/s
DOCA Authenticated ESP RSS pipe: 2122618.33 pkt/s 3056.67 MB/s
DOCA Drop pipe: 0.00 pkt/s 0.00 MB/s
DOCA Drop pipe: 0.00 pkt/s 0.00 MB/s

=== monitoring snapshot ===
Worker statistics:
  lcore=2 queue=0 rate=4269187.23 pkt/s 6147.84 MB/s
  lcore=3 queue=1 rate=4257660.24 pkt/s 6131.24 MB/s
  lcore=4 queue=2 rate=4265813.91 pkt/s 6142.98 MB/s
  lcore=5 queue=3 rate=4269570.33 pkt/s 6148.39 MB/s

Port 0 statistics:
  RX rate: 8533489.90 pkt/s 12287.97 MB/s (missed=68041 errors=0 no_mbuf=0)
  RX queue  0: rate=2132839.11 pkt/s 3070.72 MB/s (errors=0)
  RX queue  1: rate=2131591.29 pkt/s 3069.59 MB/s (errors=0)
  RX queue  2: rate=2131730.60 pkt/s 3069.79 MB/s (errors=0)
  RX queue  3: rate=2137328.90 pkt/s 3077.86 MB/s (errors=0)

Port 1 statistics:
  RX rate: 8528652.14 pkt/s 12278.64 MB/s (missed=66546 errors=0 no_mbuf=0)
  RX queue  0: rate=2136283.29 pkt/s 3076.35 MB/s (errors=0)
  RX queue  1: rate=2126075.45 pkt/s 3060.49 MB/s (errors=0)
  RX queue  2: rate=2134055.24 pkt/s 3072.36 MB/s (errors=0)
  RX queue  3: rate=2132238.17 pkt/s 3069.44 MB/s (errors=0)
DOCA software EGRESS host=2 packets=243269362 bytes=354200191072
DOCA software EGRESS host=3 packets=238010951 bytes=346543944656
DOCA ARP port=0 to_host=0 to_uplink=0
DOCA ARP port=1 to_host=0 to_uplink=0
DOCA Monitor output pipe: 0.00 pkt/s 0.00 MB/s
DOCA Monitor output pipe: 0.00 pkt/s 0.00 MB/s
DOCA To-Host pipe: 0.00 pkt/s 0.00 MB/s
DOCA To-Host pipe: 0.00 pkt/s 0.00 MB/s
DOCA Host decrypt pipe: 1063039.53 pkt/s 1530.83 MB/s
DOCA Host decrypt pipe: 1067394.67 pkt/s 1537.10 MB/s
DOCA Host decrypt pipe: 1063749.06 pkt/s 1531.85 MB/s
DOCA Host decrypt pipe: 1068226.12 pkt/s 1538.30 MB/s
DOCA Host decrypt pipe: 1068354.03 pkt/s 1538.48 MB/s
DOCA Host decrypt pipe: 1062661.77 pkt/s 1530.28 MB/s
DOCA Host decrypt pipe: 1066435.30 pkt/s 1535.72 MB/s
DOCA Host decrypt pipe: 1067586.54 pkt/s 1537.38 MB/s
DOCA Host decrypt pipe: 1067202.79 pkt/s 1536.82 MB/s
DOCA Host decrypt pipe: 1061510.53 pkt/s 1528.63 MB/s
DOCA Host decrypt pipe: 1065859.67 pkt/s 1534.89 MB/s
DOCA Host decrypt pipe: 1065679.79 pkt/s 1534.63 MB/s
DOCA Host decrypt pipe: 1067330.71 pkt/s 1537.01 MB/s
DOCA Host decrypt pipe: 1062981.56 pkt/s 1530.74 MB/s
DOCA Host decrypt pipe: 1066371.34 pkt/s 1535.63 MB/s
DOCA Host decrypt pipe: 1064836.35 pkt/s 1533.42 MB/s
DOCA Authenticated ESP RSS pipe: 2131389.56 pkt/s 3069.30 MB/s
DOCA Authenticated ESP RSS pipe: 2130056.44 pkt/s 3067.38 MB/s
DOCA Authenticated ESP RSS pipe: 2130185.36 pkt/s 3067.57 MB/s
DOCA Authenticated ESP RSS pipe: 2135812.66 pkt/s 3075.67 MB/s
DOCA Authenticated ESP RSS pipe: 2134533.50 pkt/s 3073.83 MB/s
DOCA Authenticated ESP RSS pipe: 2124492.10 pkt/s 3059.37 MB/s
DOCA Authenticated ESP RSS pipe: 2132231.01 pkt/s 3070.52 MB/s
DOCA Authenticated ESP RSS pipe: 2130516.14 pkt/s 3068.05 MB/s
DOCA Drop pipe: 0.00 pkt/s 0.00 MB/s
DOCA Drop pipe: 0.00 pkt/s 0.00 MB/s

=== monitoring snapshot ===
Worker statistics:
  lcore=2 queue=0 rate=2295163.76 pkt/s 3305.15 MB/s
  lcore=3 queue=1 rate=2286626.33 pkt/s 3292.85 MB/s
  lcore=4 queue=2 rate=2292125.10 pkt/s 3300.77 MB/s
  lcore=5 queue=3 rate=2292412.88 pkt/s 3301.19 MB/s

Port 0 statistics:
  RX rate: 4585100.16 pkt/s 6602.50 MB/s (missed=68041 errors=0 no_mbuf=0)
  RX queue  0: rate=1147616.78 pkt/s 1652.36 MB/s (errors=0)
  RX queue  1: rate=1144743.94 pkt/s 1648.49 MB/s (errors=0)
  RX queue  2: rate=1144994.75 pkt/s 1648.85 MB/s (errors=0)
  RX queue  3: rate=1147744.68 pkt/s 1652.81 MB/s (errors=0)

Port 1 statistics:
  RX rate: 4579153.62 pkt/s 6592.54 MB/s (missed=66546 errors=0 no_mbuf=0)
  RX queue  0: rate=1146958.35 pkt/s 1651.30 MB/s (errors=0)
  RX queue  1: rate=1141359.36 pkt/s 1643.13 MB/s (errors=0)
  RX queue  2: rate=1146631.59 pkt/s 1650.81 MB/s (errors=0)
  RX queue  3: rate=1144204.32 pkt/s 1647.29 MB/s (errors=0)
DOCA software EGRESS host=2 packets=248061815 bytes=361178002640
DOCA software EGRESS host=3 packets=246556001 bytes=358985537456
DOCA ARP port=0 to_host=0 to_uplink=0
DOCA ARP port=1 to_host=0 to_uplink=0
DOCA Monitor output pipe: 0.00 pkt/s 0.00 MB/s
DOCA Monitor output pipe: 0.00 pkt/s 0.00 MB/s
DOCA To-Host pipe: 0.00 pkt/s 0.00 MB/s
DOCA To-Host pipe: 0.00 pkt/s 0.00 MB/s
DOCA Host decrypt pipe: 599008.50 pkt/s 862.60 MB/s
DOCA Host decrypt pipe: 599258.32 pkt/s 862.96 MB/s
DOCA Host decrypt pipe: 597339.67 pkt/s 860.20 MB/s
DOCA Host decrypt pipe: 599450.19 pkt/s 863.24 MB/s
DOCA Host decrypt pipe: 599578.10 pkt/s 863.42 MB/s
DOCA Host decrypt pipe: 596444.30 pkt/s 858.91 MB/s
DOCA Host decrypt pipe: 598618.77 pkt/s 862.04 MB/s
DOCA Host decrypt pipe: 599322.28 pkt/s 863.05 MB/s
DOCA Host decrypt pipe: 1069455.46 pkt/s 1540.07 MB/s
DOCA Host decrypt pipe: 1063443.69 pkt/s 1531.41 MB/s
DOCA Host decrypt pipe: 1069583.37 pkt/s 1540.25 MB/s
DOCA Host decrypt pipe: 1067280.99 pkt/s 1536.94 MB/s
DOCA Host decrypt pipe: 1069167.67 pkt/s 1539.65 MB/s
DOCA Host decrypt pipe: 1064850.70 pkt/s 1533.44 MB/s
DOCA Host decrypt pipe: 1068240.32 pkt/s 1538.32 MB/s
DOCA Host decrypt pipe: 1066833.31 pkt/s 1536.29 MB/s
DOCA Authenticated ESP RSS pipe: 1198590.59 pkt/s 1726.03 MB/s
DOCA Authenticated ESP RSS pipe: 1195702.63 pkt/s 1721.87 MB/s
DOCA Authenticated ESP RSS pipe: 1195958.45 pkt/s 1722.24 MB/s
DOCA Authenticated ESP RSS pipe: 1198772.47 pkt/s 1726.29 MB/s
DOCA Authenticated ESP RSS pipe: 2138614.13 pkt/s 3079.71 MB/s
DOCA Authenticated ESP RSS pipe: 2128294.40 pkt/s 3064.85 MB/s
DOCA Authenticated ESP RSS pipe: 2137823.69 pkt/s 3078.57 MB/s
DOCA Authenticated ESP RSS pipe: 2134114.30 pkt/s 3073.23 MB/s
DOCA Drop pipe: 0.00 pkt/s 0.00 MB/s
DOCA Drop pipe: 0.00 pkt/s 0.00 MB/s

=== monitoring snapshot ===
Worker statistics:
  lcore=2 queue=0 rate=0.00 pkt/s 0.00 MB/s
  lcore=3 queue=1 rate=0.00 pkt/s 0.00 MB/s
  lcore=4 queue=2 rate=0.00 pkt/s 0.00 MB/s
  lcore=5 queue=3 rate=0.00 pkt/s 0.00 MB/s

Port 0 statistics:
  RX rate: 0.00 pkt/s 0.00 MB/s (missed=68041 errors=0 no_mbuf=0)
  RX queue  0: rate=0.00 pkt/s 0.00 MB/s (errors=0)
  RX queue  1: rate=0.00 pkt/s 0.00 MB/s (errors=0)
  RX queue  2: rate=0.00 pkt/s 0.00 MB/s (errors=0)
  RX queue  3: rate=0.00 pkt/s 0.00 MB/s (errors=0)

Port 1 statistics:
  RX rate: 0.00 pkt/s 0.00 MB/s (missed=66546 errors=0 no_mbuf=0)
  RX queue  0: rate=0.00 pkt/s 0.00 MB/s (errors=0)
  RX queue  1: rate=0.00 pkt/s 0.00 MB/s (errors=0)
  RX queue  2: rate=0.00 pkt/s 0.00 MB/s (errors=0)
  RX queue  3: rate=0.00 pkt/s 0.00 MB/s (errors=0)
DOCA software EGRESS host=2 packets=248061815 bytes=361178002640
DOCA software EGRESS host=3 packets=247640462 bytes=360564512672
DOCA ARP port=0 to_host=0 to_uplink=0
DOCA ARP port=1 to_host=0 to_uplink=0
DOCA Monitor output pipe: 0.00 pkt/s 0.00 MB/s
DOCA Monitor output pipe: 0.00 pkt/s 0.00 MB/s
DOCA To-Host pipe: 0.00 pkt/s 0.00 MB/s
DOCA To-Host pipe: 0.00 pkt/s 0.00 MB/s
DOCA Host decrypt pipe: 0.00 pkt/s 0.00 MB/s
DOCA Host decrypt pipe: 0.00 pkt/s 0.00 MB/s
DOCA Host decrypt pipe: 0.00 pkt/s 0.00 MB/s
DOCA Host decrypt pipe: 0.00 pkt/s 0.00 MB/s
DOCA Host decrypt pipe: 0.00 pkt/s 0.00 MB/s
DOCA Host decrypt pipe: 0.00 pkt/s 0.00 MB/s
DOCA Host decrypt pipe: 0.00 pkt/s 0.00 MB/s
DOCA Host decrypt pipe: 0.00 pkt/s 0.00 MB/s
DOCA Host decrypt pipe: 135732.05 pkt/s 195.46 MB/s
DOCA Host decrypt pipe: 134900.51 pkt/s 194.26 MB/s
DOCA Host decrypt pipe: 135796.01 pkt/s 195.55 MB/s
DOCA Host decrypt pipe: 135412.23 pkt/s 195.00 MB/s
DOCA Host decrypt pipe: 135764.03 pkt/s 195.51 MB/s
DOCA Host decrypt pipe: 135156.37 pkt/s 194.63 MB/s
DOCA Host decrypt pipe: 135604.12 pkt/s 195.28 MB/s
DOCA Host decrypt pipe: 135284.30 pkt/s 194.82 MB/s
DOCA Authenticated ESP RSS pipe: 0.00 pkt/s 0.00 MB/s
DOCA Authenticated ESP RSS pipe: 0.00 pkt/s 0.00 MB/s
DOCA Authenticated ESP RSS pipe: 0.00 pkt/s 0.00 MB/s
DOCA Authenticated ESP RSS pipe: 0.00 pkt/s 0.00 MB/s
DOCA Authenticated ESP RSS pipe: 271505.07 pkt/s 390.98 MB/s
DOCA Authenticated ESP RSS pipe: 270056.88 pkt/s 388.89 MB/s
DOCA Authenticated ESP RSS pipe: 271400.13 pkt/s 390.83 MB/s
DOCA Authenticated ESP RSS pipe: 270696.52 pkt/s 389.82 MB/s
DOCA Drop pipe: 0.00 pkt/s 0.00 MB/s
DOCA Drop pipe: 0.00 pkt/s 0.00 MB/s

=== monitoring snapshot ===
Worker statistics:
  lcore=2 queue=0 rate=0.00 pkt/s 0.00 MB/s
  lcore=3 queue=1 rate=0.00 pkt/s 0.00 MB/s
  lcore=4 queue=2 rate=0.00 pkt/s 0.00 MB/s
  lcore=5 queue=3 rate=0.00 pkt/s 0.00 MB/s

Port 0 statistics:
  RX rate: 0.00 pkt/s 0.00 MB/s (missed=68041 errors=0 no_mbuf=0)
  RX queue  0: rate=0.00 pkt/s 0.00 MB/s (errors=0)
  RX queue  1: rate=0.00 pkt/s 0.00 MB/s (errors=0)
  RX queue  2: rate=0.00 pkt/s 0.00 MB/s (errors=0)
  RX queue  3: rate=0.00 pkt/s 0.00 MB/s (errors=0)

Port 1 statistics:
  RX rate: 0.00 pkt/s 0.00 MB/s (missed=66546 errors=0 no_mbuf=0)
  RX queue  0: rate=0.00 pkt/s 0.00 MB/s (errors=0)
  RX queue  1: rate=0.00 pkt/s 0.00 MB/s (errors=0)
  RX queue  2: rate=0.00 pkt/s 0.00 MB/s (errors=0)
  RX queue  3: rate=0.00 pkt/s 0.00 MB/s (errors=0)
DOCA software EGRESS host=2 packets=248061815 bytes=361178002640
DOCA software EGRESS host=3 packets=247640462 bytes=360564512672
DOCA ARP port=0 to_host=0 to_uplink=0
DOCA ARP port=1 to_host=0 to_uplink=0
DOCA Monitor output pipe: 0.00 pkt/s 0.00 MB/s
DOCA Monitor output pipe: 0.00 pkt/s 0.00 MB/s
DOCA To-Host pipe: 0.00 pkt/s 0.00 MB/s
DOCA To-Host pipe: 0.00 pkt/s 0.00 MB/s
DOCA Host decrypt pipe: 0.00 pkt/s 0.00 MB/s
DOCA Host decrypt pipe: 0.00 pkt/s 0.00 MB/s
DOCA Host decrypt pipe: 0.00 pkt/s 0.00 MB/s
DOCA Host decrypt pipe: 0.00 pkt/s 0.00 MB/s
DOCA Host decrypt pipe: 0.00 pkt/s 0.00 MB/s
DOCA Host decrypt pipe: 0.00 pkt/s 0.00 MB/s
DOCA Host decrypt pipe: 0.00 pkt/s 0.00 MB/s
DOCA Host decrypt pipe: 0.00 pkt/s 0.00 MB/s
DOCA Host decrypt pipe: 0.00 pkt/s 0.00 MB/s
DOCA Host decrypt pipe: 0.00 pkt/s 0.00 MB/s
DOCA Host decrypt pipe: 0.00 pkt/s 0.00 MB/s
DOCA Host decrypt pipe: 0.00 pkt/s 0.00 MB/s
DOCA Host decrypt pipe: 0.00 pkt/s 0.00 MB/s
DOCA Host decrypt pipe: 0.00 pkt/s 0.00 MB/s
DOCA Host decrypt pipe: 0.00 pkt/s 0.00 MB/s
DOCA Host decrypt pipe: 0.00 pkt/s 0.00 MB/s
DOCA Authenticated ESP RSS pipe: 0.00 pkt/s 0.00 MB/s
DOCA Authenticated ESP RSS pipe: 0.00 pkt/s 0.00 MB/s
DOCA Authenticated ESP RSS pipe: 0.00 pkt/s 0.00 MB/s
DOCA Authenticated ESP RSS pipe: 0.00 pkt/s 0.00 MB/s
DOCA Authenticated ESP RSS pipe: 0.00 pkt/s 0.00 MB/s
DOCA Authenticated ESP RSS pipe: 0.00 pkt/s 0.00 MB/s
DOCA Authenticated ESP RSS pipe: 0.00 pkt/s 0.00 MB/s
DOCA Authenticated ESP RSS pipe: 0.00 pkt/s 0.00 MB/s
DOCA Drop pipe: 0.00 pkt/s 0.00 MB/s
DOCA Drop pipe: 0.00 pkt/s 0.00 MB/s

=== monitoring snapshot ===
Worker statistics:
  lcore=2 queue=0 rate=0.00 pkt/s 0.00 MB/s
  lcore=3 queue=1 rate=0.00 pkt/s 0.00 MB/s
  lcore=4 queue=2 rate=0.00 pkt/s 0.00 MB/s
  lcore=5 queue=3 rate=0.00 pkt/s 0.00 MB/s

Port 0 statistics:
  RX rate: 0.00 pkt/s 0.00 MB/s (missed=68041 errors=0 no_mbuf=0)
  RX queue  0: rate=0.00 pkt/s 0.00 MB/s (errors=0)
  RX queue  1: rate=0.00 pkt/s 0.00 MB/s (errors=0)
  RX queue  2: rate=0.00 pkt/s 0.00 MB/s (errors=0)
  RX queue  3: rate=0.00 pkt/s 0.00 MB/s (errors=0)

Port 1 statistics:
  RX rate: 0.00 pkt/s 0.00 MB/s (missed=66546 errors=0 no_mbuf=0)
  RX queue  0: rate=0.00 pkt/s 0.00 MB/s (errors=0)
  RX queue  1: rate=0.00 pkt/s 0.00 MB/s (errors=0)
  RX queue  2: rate=0.00 pkt/s 0.00 MB/s (errors=0)
  RX queue  3: rate=0.00 pkt/s 0.00 MB/s (errors=0)
DOCA software EGRESS host=2 packets=248061815 bytes=361178002640
DOCA software EGRESS host=3 packets=247640462 bytes=360564512672
DOCA ARP port=0 to_host=0 to_uplink=0
DOCA ARP port=1 to_host=0 to_uplink=0
DOCA Monitor output pipe: 0.00 pkt/s 0.00 MB/s
DOCA Monitor output pipe: 0.00 pkt/s 0.00 MB/s
DOCA To-Host pipe: 0.00 pkt/s 0.00 MB/s
DOCA To-Host pipe: 0.00 pkt/s 0.00 MB/s
DOCA Host decrypt pipe: 0.00 pkt/s 0.00 MB/s
DOCA Host decrypt pipe: 0.00 pkt/s 0.00 MB/s
DOCA Host decrypt pipe: 0.00 pkt/s 0.00 MB/s
DOCA Host decrypt pipe: 0.00 pkt/s 0.00 MB/s
DOCA Host decrypt pipe: 0.00 pkt/s 0.00 MB/s
DOCA Host decrypt pipe: 0.00 pkt/s 0.00 MB/s
DOCA Host decrypt pipe: 0.00 pkt/s 0.00 MB/s
DOCA Host decrypt pipe: 0.00 pkt/s 0.00 MB/s
DOCA Host decrypt pipe: 0.00 pkt/s 0.00 MB/s
DOCA Host decrypt pipe: 0.00 pkt/s 0.00 MB/s
DOCA Host decrypt pipe: 0.00 pkt/s 0.00 MB/s
DOCA Host decrypt pipe: 0.00 pkt/s 0.00 MB/s
DOCA Host decrypt pipe: 0.00 pkt/s 0.00 MB/s
DOCA Host decrypt pipe: 0.00 pkt/s 0.00 MB/s
DOCA Host decrypt pipe: 0.00 pkt/s 0.00 MB/s
DOCA Host decrypt pipe: 0.00 pkt/s 0.00 MB/s
DOCA Authenticated ESP RSS pipe: 0.00 pkt/s 0.00 MB/s
DOCA Authenticated ESP RSS pipe: 0.00 pkt/s 0.00 MB/s
DOCA Authenticated ESP RSS pipe: 0.00 pkt/s 0.00 MB/s
DOCA Authenticated ESP RSS pipe: 0.00 pkt/s 0.00 MB/s
DOCA Authenticated ESP RSS pipe: 0.00 pkt/s 0.00 MB/s
DOCA Authenticated ESP RSS pipe: 0.00 pkt/s 0.00 MB/s
DOCA Authenticated ESP RSS pipe: 0.00 pkt/s 0.00 MB/s
DOCA Authenticated ESP RSS pipe: 0.00 pkt/s 0.00 MB/s
DOCA Drop pipe: 0.00 pkt/s 0.00 MB/s
DOCA Drop pipe: 0.00 pkt/s 0.00 MB/s

=== monitoring snapshot ===
Worker statistics:
  lcore=2 queue=0 rate=0.00 pkt/s 0.00 MB/s
  lcore=3 queue=1 rate=0.00 pkt/s 0.00 MB/s
  lcore=4 queue=2 rate=0.00 pkt/s 0.00 MB/s
  lcore=5 queue=3 rate=0.00 pkt/s 0.00 MB/s

Port 0 statistics:
  RX rate: 0.00 pkt/s 0.00 MB/s (missed=68041 errors=0 no_mbuf=0)
  RX queue  0: rate=0.00 pkt/s 0.00 MB/s (errors=0)
  RX queue  1: rate=0.00 pkt/s 0.00 MB/s (errors=0)
  RX queue  2: rate=0.00 pkt/s 0.00 MB/s (errors=0)
  RX queue  3: rate=0.00 pkt/s 0.00 MB/s (errors=0)

Port 1 statistics:
  RX rate: 0.00 pkt/s 0.00 MB/s (missed=66546 errors=0 no_mbuf=0)
  RX queue  0: rate=0.00 pkt/s 0.00 MB/s (errors=0)
  RX queue  1: rate=0.00 pkt/s 0.00 MB/s (errors=0)
  RX queue  2: rate=0.00 pkt/s 0.00 MB/s (errors=0)
  RX queue  3: rate=0.00 pkt/s 0.00 MB/s (errors=0)
DOCA software EGRESS host=2 packets=248061815 bytes=361178002640
DOCA software EGRESS host=3 packets=247640462 bytes=360564512672
DOCA ARP port=0 to_host=0 to_uplink=0
DOCA ARP port=1 to_host=0 to_uplink=0
DOCA Monitor output pipe: 0.00 pkt/s 0.00 MB/s
DOCA Monitor output pipe: 0.00 pkt/s 0.00 MB/s
DOCA To-Host pipe: 0.00 pkt/s 0.00 MB/s
DOCA To-Host pipe: 0.00 pkt/s 0.00 MB/s
DOCA Host decrypt pipe: 0.00 pkt/s 0.00 MB/s
DOCA Host decrypt pipe: 0.00 pkt/s 0.00 MB/s
DOCA Host decrypt pipe: 0.00 pkt/s 0.00 MB/s
DOCA Host decrypt pipe: 0.00 pkt/s 0.00 MB/s
DOCA Host decrypt pipe: 0.00 pkt/s 0.00 MB/s
DOCA Host decrypt pipe: 0.00 pkt/s 0.00 MB/s
DOCA Host decrypt pipe: 0.00 pkt/s 0.00 MB/s
DOCA Host decrypt pipe: 0.00 pkt/s 0.00 MB/s
DOCA Host decrypt pipe: 0.00 pkt/s 0.00 MB/s
DOCA Host decrypt pipe: 0.00 pkt/s 0.00 MB/s
DOCA Host decrypt pipe: 0.00 pkt/s 0.00 MB/s
DOCA Host decrypt pipe: 0.00 pkt/s 0.00 MB/s
DOCA Host decrypt pipe: 0.00 pkt/s 0.00 MB/s
DOCA Host decrypt pipe: 0.00 pkt/s 0.00 MB/s
DOCA Host decrypt pipe: 0.00 pkt/s 0.00 MB/s
DOCA Host decrypt pipe: 0.00 pkt/s 0.00 MB/s
DOCA Authenticated ESP RSS pipe: 0.00 pkt/s 0.00 MB/s
DOCA Authenticated ESP RSS pipe: 0.00 pkt/s 0.00 MB/s
DOCA Authenticated ESP RSS pipe: 0.00 pkt/s 0.00 MB/s
DOCA Authenticated ESP RSS pipe: 0.00 pkt/s 0.00 MB/s
DOCA Authenticated ESP RSS pipe: 0.00 pkt/s 0.00 MB/s
DOCA Authenticated ESP RSS pipe: 0.00 pkt/s 0.00 MB/s
DOCA Authenticated ESP RSS pipe: 0.00 pkt/s 0.00 MB/s
DOCA Authenticated ESP RSS pipe: 0.00 pkt/s 0.00 MB/s
DOCA Drop pipe: 0.00 pkt/s 0.00 MB/s
DOCA Drop pipe: 0.00 pkt/s 0.00 MB/s

=== monitoring snapshot ===
Worker statistics:
  lcore=2 queue=0 rate=0.00 pkt/s 0.00 MB/s
  lcore=3 queue=1 rate=0.00 pkt/s 0.00 MB/s
  lcore=4 queue=2 rate=0.00 pkt/s 0.00 MB/s
  lcore=5 queue=3 rate=0.00 pkt/s 0.00 MB/s

Port 0 statistics:
  RX rate: 0.00 pkt/s 0.00 MB/s (missed=68041 errors=0 no_mbuf=0)
  RX queue  0: rate=0.00 pkt/s 0.00 MB/s (errors=0)
  RX queue  1: rate=0.00 pkt/s 0.00 MB/s (errors=0)
  RX queue  2: rate=0.00 pkt/s 0.00 MB/s (errors=0)
  RX queue  3: rate=0.00 pkt/s 0.00 MB/s (errors=0)

Port 1 statistics:
  RX rate: 0.00 pkt/s 0.00 MB/s (missed=66546 errors=0 no_mbuf=0)
  RX queue  0: rate=0.00 pkt/s 0.00 MB/s (errors=0)
  RX queue  1: rate=0.00 pkt/s 0.00 MB/s (errors=0)
  RX queue  2: rate=0.00 pkt/s 0.00 MB/s (errors=0)
  RX queue  3: rate=0.00 pkt/s 0.00 MB/s (errors=0)
DOCA software EGRESS host=2 packets=248061815 bytes=361178002640
DOCA software EGRESS host=3 packets=247640462 bytes=360564512672
DOCA ARP port=0 to_host=0 to_uplink=0
DOCA ARP port=1 to_host=0 to_uplink=0
DOCA Monitor output pipe: 0.00 pkt/s 0.00 MB/s
DOCA Monitor output pipe: 0.00 pkt/s 0.00 MB/s
DOCA To-Host pipe: 0.00 pkt/s 0.00 MB/s
DOCA To-Host pipe: 0.00 pkt/s 0.00 MB/s
DOCA Host decrypt pipe: 0.00 pkt/s 0.00 MB/s
DOCA Host decrypt pipe: 0.00 pkt/s 0.00 MB/s
DOCA Host decrypt pipe: 0.00 pkt/s 0.00 MB/s
DOCA Host decrypt pipe: 0.00 pkt/s 0.00 MB/s
DOCA Host decrypt pipe: 0.00 pkt/s 0.00 MB/s
DOCA Host decrypt pipe: 0.00 pkt/s 0.00 MB/s
DOCA Host decrypt pipe: 0.00 pkt/s 0.00 MB/s
DOCA Host decrypt pipe: 0.00 pkt/s 0.00 MB/s
DOCA Host decrypt pipe: 0.00 pkt/s 0.00 MB/s
DOCA Host decrypt pipe: 0.00 pkt/s 0.00 MB/s
DOCA Host decrypt pipe: 0.00 pkt/s 0.00 MB/s
DOCA Host decrypt pipe: 0.00 pkt/s 0.00 MB/s
DOCA Host decrypt pipe: 0.00 pkt/s 0.00 MB/s
DOCA Host decrypt pipe: 0.00 pkt/s 0.00 MB/s
DOCA Host decrypt pipe: 0.00 pkt/s 0.00 MB/s
DOCA Host decrypt pipe: 0.00 pkt/s 0.00 MB/s
DOCA Authenticated ESP RSS pipe: 0.00 pkt/s 0.00 MB/s
DOCA Authenticated ESP RSS pipe: 0.00 pkt/s 0.00 MB/s
DOCA Authenticated ESP RSS pipe: 0.00 pkt/s 0.00 MB/s
DOCA Authenticated ESP RSS pipe: 0.00 pkt/s 0.00 MB/s
DOCA Authenticated ESP RSS pipe: 0.00 pkt/s 0.00 MB/s
DOCA Authenticated ESP RSS pipe: 0.00 pkt/s 0.00 MB/s
DOCA Authenticated ESP RSS pipe: 0.00 pkt/s 0.00 MB/s
DOCA Authenticated ESP RSS pipe: 0.00 pkt/s 0.00 MB/s
DOCA Drop pipe: 0.00 pkt/s 0.00 MB/s
DOCA Drop pipe: 0.00 pkt/s 0.00 MB/s

=== monitoring snapshot ===
Worker statistics:
  lcore=2 queue=0 rate=0.00 pkt/s 0.00 MB/s
  lcore=3 queue=1 rate=0.00 pkt/s 0.00 MB/s
  lcore=4 queue=2 rate=0.00 pkt/s 0.00 MB/s
  lcore=5 queue=3 rate=0.00 pkt/s 0.00 MB/s

Port 0 statistics:
  RX rate: 0.00 pkt/s 0.00 MB/s (missed=68041 errors=0 no_mbuf=0)
  RX queue  0: rate=0.00 pkt/s 0.00 MB/s (errors=0)
  RX queue  1: rate=0.00 pkt/s 0.00 MB/s (errors=0)
  RX queue  2: rate=0.00 pkt/s 0.00 MB/s (errors=0)
  RX queue  3: rate=0.00 pkt/s 0.00 MB/s (errors=0)

Port 1 statistics:
  RX rate: 0.00 pkt/s 0.00 MB/s (missed=66546 errors=0 no_mbuf=0)
  RX queue  0: rate=0.00 pkt/s 0.00 MB/s (errors=0)
  RX queue  1: rate=0.00 pkt/s 0.00 MB/s (errors=0)
  RX queue  2: rate=0.00 pkt/s 0.00 MB/s (errors=0)
  RX queue  3: rate=0.00 pkt/s 0.00 MB/s (errors=0)
DOCA software EGRESS host=2 packets=248061815 bytes=361178002640
DOCA software EGRESS host=3 packets=247640462 bytes=360564512672
DOCA ARP port=0 to_host=0 to_uplink=0
DOCA ARP port=1 to_host=0 to_uplink=0
DOCA Monitor output pipe: 0.00 pkt/s 0.00 MB/s
DOCA Monitor output pipe: 0.00 pkt/s 0.00 MB/s
DOCA To-Host pipe: 0.00 pkt/s 0.00 MB/s
DOCA To-Host pipe: 0.00 pkt/s 0.00 MB/s
DOCA Host decrypt pipe: 0.00 pkt/s 0.00 MB/s
DOCA Host decrypt pipe: 0.00 pkt/s 0.00 MB/s
DOCA Host decrypt pipe: 0.00 pkt/s 0.00 MB/s
DOCA Host decrypt pipe: 0.00 pkt/s 0.00 MB/s
DOCA Host decrypt pipe: 0.00 pkt/s 0.00 MB/s
DOCA Host decrypt pipe: 0.00 pkt/s 0.00 MB/s
DOCA Host decrypt pipe: 0.00 pkt/s 0.00 MB/s
DOCA Host decrypt pipe: 0.00 pkt/s 0.00 MB/s
DOCA Host decrypt pipe: 0.00 pkt/s 0.00 MB/s
DOCA Host decrypt pipe: 0.00 pkt/s 0.00 MB/s
DOCA Host decrypt pipe: 0.00 pkt/s 0.00 MB/s
DOCA Host decrypt pipe: 0.00 pkt/s 0.00 MB/s
DOCA Host decrypt pipe: 0.00 pkt/s 0.00 MB/s
DOCA Host decrypt pipe: 0.00 pkt/s 0.00 MB/s
DOCA Host decrypt pipe: 0.00 pkt/s 0.00 MB/s
DOCA Host decrypt pipe: 0.00 pkt/s 0.00 MB/s
DOCA Authenticated ESP RSS pipe: 0.00 pkt/s 0.00 MB/s
DOCA Authenticated ESP RSS pipe: 0.00 pkt/s 0.00 MB/s
DOCA Authenticated ESP RSS pipe: 0.00 pkt/s 0.00 MB/s
DOCA Authenticated ESP RSS pipe: 0.00 pkt/s 0.00 MB/s
DOCA Authenticated ESP RSS pipe: 0.00 pkt/s 0.00 MB/s
DOCA Authenticated ESP RSS pipe: 0.00 pkt/s 0.00 MB/s
DOCA Authenticated ESP RSS pipe: 0.00 pkt/s 0.00 MB/s
DOCA Authenticated ESP RSS pipe: 0.00 pkt/s 0.00 MB/s
DOCA Drop pipe: 0.00 pkt/s 0.00 MB/s
DOCA Drop pipe: 0.00 pkt/s 0.00 MB/s

=== monitoring snapshot ===
Worker statistics:
  lcore=2 queue=0 rate=0.00 pkt/s 0.00 MB/s
  lcore=3 queue=1 rate=0.00 pkt/s 0.00 MB/s
  lcore=4 queue=2 rate=0.00 pkt/s 0.00 MB/s
  lcore=5 queue=3 rate=0.00 pkt/s 0.00 MB/s

Port 0 statistics:
  RX rate: 0.00 pkt/s 0.00 MB/s (missed=68041 errors=0 no_mbuf=0)
  RX queue  0: rate=0.00 pkt/s 0.00 MB/s (errors=0)
  RX queue  1: rate=0.00 pkt/s 0.00 MB/s (errors=0)
  RX queue  2: rate=0.00 pkt/s 0.00 MB/s (errors=0)
  RX queue  3: rate=0.00 pkt/s 0.00 MB/s (errors=0)

Port 1 statistics:
  RX rate: 0.00 pkt/s 0.00 MB/s (missed=66546 errors=0 no_mbuf=0)
  RX queue  0: rate=0.00 pkt/s 0.00 MB/s (errors=0)
  RX queue  1: rate=0.00 pkt/s 0.00 MB/s (errors=0)
  RX queue  2: rate=0.00 pkt/s 0.00 MB/s (errors=0)
  RX queue  3: rate=0.00 pkt/s 0.00 MB/s (errors=0)
DOCA software EGRESS host=2 packets=248061815 bytes=361178002640
DOCA software EGRESS host=3 packets=247640462 bytes=360564512672
DOCA ARP port=0 to_host=0 to_uplink=0
DOCA ARP port=1 to_host=0 to_uplink=0
DOCA Monitor output pipe: 0.00 pkt/s 0.00 MB/s
DOCA Monitor output pipe: 0.00 pkt/s 0.00 MB/s
DOCA To-Host pipe: 0.00 pkt/s 0.00 MB/s
DOCA To-Host pipe: 0.00 pkt/s 0.00 MB/s
DOCA Host decrypt pipe: 0.00 pkt/s 0.00 MB/s
DOCA Host decrypt pipe: 0.00 pkt/s 0.00 MB/s
DOCA Host decrypt pipe: 0.00 pkt/s 0.00 MB/s
DOCA Host decrypt pipe: 0.00 pkt/s 0.00 MB/s
DOCA Host decrypt pipe: 0.00 pkt/s 0.00 MB/s
DOCA Host decrypt pipe: 0.00 pkt/s 0.00 MB/s
DOCA Host decrypt pipe: 0.00 pkt/s 0.00 MB/s
DOCA Host decrypt pipe: 0.00 pkt/s 0.00 MB/s
DOCA Host decrypt pipe: 0.00 pkt/s 0.00 MB/s
DOCA Host decrypt pipe: 0.00 pkt/s 0.00 MB/s
DOCA Host decrypt pipe: 0.00 pkt/s 0.00 MB/s
DOCA Host decrypt pipe: 0.00 pkt/s 0.00 MB/s
DOCA Host decrypt pipe: 0.00 pkt/s 0.00 MB/s
DOCA Host decrypt pipe: 0.00 pkt/s 0.00 MB/s
DOCA Host decrypt pipe: 0.00 pkt/s 0.00 MB/s
DOCA Host decrypt pipe: 0.00 pkt/s 0.00 MB/s
DOCA Authenticated ESP RSS pipe: 0.00 pkt/s 0.00 MB/s
DOCA Authenticated ESP RSS pipe: 0.00 pkt/s 0.00 MB/s
DOCA Authenticated ESP RSS pipe: 0.00 pkt/s 0.00 MB/s
DOCA Authenticated ESP RSS pipe: 0.00 pkt/s 0.00 MB/s
DOCA Authenticated ESP RSS pipe: 0.00 pkt/s 0.00 MB/s
DOCA Authenticated ESP RSS pipe: 0.00 pkt/s 0.00 MB/s
DOCA Authenticated ESP RSS pipe: 0.00 pkt/s 0.00 MB/s
DOCA Authenticated ESP RSS pipe: 0.00 pkt/s 0.00 MB/s
DOCA Drop pipe: 0.00 pkt/s 0.00 MB/s
DOCA Drop pipe: 0.00 pkt/s 0.00 MB/s

=== monitoring snapshot ===
Worker statistics:
  lcore=2 queue=0 rate=0.00 pkt/s 0.00 MB/s
  lcore=3 queue=1 rate=0.00 pkt/s 0.00 MB/s
  lcore=4 queue=2 rate=0.00 pkt/s 0.00 MB/s
  lcore=5 queue=3 rate=0.00 pkt/s 0.00 MB/s

Port 0 statistics:
  RX rate: 0.00 pkt/s 0.00 MB/s (missed=68041 errors=0 no_mbuf=0)
  RX queue  0: rate=0.00 pkt/s 0.00 MB/s (errors=0)
  RX queue  1: rate=0.00 pkt/s 0.00 MB/s (errors=0)
  RX queue  2: rate=0.00 pkt/s 0.00 MB/s (errors=0)
  RX queue  3: rate=0.00 pkt/s 0.00 MB/s (errors=0)

Port 1 statistics:
  RX rate: 0.00 pkt/s 0.00 MB/s (missed=66546 errors=0 no_mbuf=0)
  RX queue  0: rate=0.00 pkt/s 0.00 MB/s (errors=0)
  RX queue  1: rate=0.00 pkt/s 0.00 MB/s (errors=0)
  RX queue  2: rate=0.00 pkt/s 0.00 MB/s (errors=0)
  RX queue  3: rate=0.00 pkt/s 0.00 MB/s (errors=0)
DOCA software EGRESS host=2 packets=248061815 bytes=361178002640
DOCA software EGRESS host=3 packets=247640462 bytes=360564512672
DOCA ARP port=0 to_host=0 to_uplink=0
DOCA ARP port=1 to_host=0 to_uplink=0
DOCA Monitor output pipe: 0.00 pkt/s 0.00 MB/s
DOCA Monitor output pipe: 0.00 pkt/s 0.00 MB/s
DOCA To-Host pipe: 0.00 pkt/s 0.00 MB/s
DOCA To-Host pipe: 0.00 pkt/s 0.00 MB/s
DOCA Host decrypt pipe: 0.00 pkt/s 0.00 MB/s
DOCA Host decrypt pipe: 0.00 pkt/s 0.00 MB/s
DOCA Host decrypt pipe: 0.00 pkt/s 0.00 MB/s
DOCA Host decrypt pipe: 0.00 pkt/s 0.00 MB/s
DOCA Host decrypt pipe: 0.00 pkt/s 0.00 MB/s
DOCA Host decrypt pipe: 0.00 pkt/s 0.00 MB/s
DOCA Host decrypt pipe: 0.00 pkt/s 0.00 MB/s
DOCA Host decrypt pipe: 0.00 pkt/s 0.00 MB/s
DOCA Host decrypt pipe: 0.00 pkt/s 0.00 MB/s
DOCA Host decrypt pipe: 0.00 pkt/s 0.00 MB/s
DOCA Host decrypt pipe: 0.00 pkt/s 0.00 MB/s
DOCA Host decrypt pipe: 0.00 pkt/s 0.00 MB/s
DOCA Host decrypt pipe: 0.00 pkt/s 0.00 MB/s
DOCA Host decrypt pipe: 0.00 pkt/s 0.00 MB/s
DOCA Host decrypt pipe: 0.00 pkt/s 0.00 MB/s
DOCA Host decrypt pipe: 0.00 pkt/s 0.00 MB/s
DOCA Authenticated ESP RSS pipe: 0.00 pkt/s 0.00 MB/s
DOCA Authenticated ESP RSS pipe: 0.00 pkt/s 0.00 MB/s
DOCA Authenticated ESP RSS pipe: 0.00 pkt/s 0.00 MB/s
DOCA Authenticated ESP RSS pipe: 0.00 pkt/s 0.00 MB/s
DOCA Authenticated ESP RSS pipe: 0.00 pkt/s 0.00 MB/s
DOCA Authenticated ESP RSS pipe: 0.00 pkt/s 0.00 MB/s
DOCA Authenticated ESP RSS pipe: 0.00 pkt/s 0.00 MB/s
DOCA Authenticated ESP RSS pipe: 0.00 pkt/s 0.00 MB/s
DOCA Drop pipe: 0.00 pkt/s 0.00 MB/s
DOCA Drop pipe: 0.00 pkt/s 0.00 MB/s

=== monitoring snapshot ===
Worker statistics:
  lcore=2 queue=0 rate=0.00 pkt/s 0.00 MB/s
  lcore=3 queue=1 rate=0.00 pkt/s 0.00 MB/s
  lcore=4 queue=2 rate=0.00 pkt/s 0.00 MB/s
  lcore=5 queue=3 rate=0.00 pkt/s 0.00 MB/s

Port 0 statistics:
  RX rate: 0.00 pkt/s 0.00 MB/s (missed=68041 errors=0 no_mbuf=0)
  RX queue  0: rate=0.00 pkt/s 0.00 MB/s (errors=0)
  RX queue  1: rate=0.00 pkt/s 0.00 MB/s (errors=0)
  RX queue  2: rate=0.00 pkt/s 0.00 MB/s (errors=0)
  RX queue  3: rate=0.00 pkt/s 0.00 MB/s (errors=0)

Port 1 statistics:
  RX rate: 0.00 pkt/s 0.00 MB/s (missed=66546 errors=0 no_mbuf=0)
  RX queue  0: rate=0.00 pkt/s 0.00 MB/s (errors=0)
  RX queue  1: rate=0.00 pkt/s 0.00 MB/s (errors=0)
  RX queue  2: rate=0.00 pkt/s 0.00 MB/s (errors=0)
  RX queue  3: rate=0.00 pkt/s 0.00 MB/s (errors=0)
DOCA software EGRESS host=2 packets=248061815 bytes=361178002640
DOCA software EGRESS host=3 packets=247640462 bytes=360564512672
DOCA ARP port=0 to_host=0 to_uplink=0
DOCA ARP port=1 to_host=0 to_uplink=0
DOCA Monitor output pipe: 0.00 pkt/s 0.00 MB/s
DOCA Monitor output pipe: 0.00 pkt/s 0.00 MB/s
DOCA To-Host pipe: 0.00 pkt/s 0.00 MB/s
DOCA To-Host pipe: 0.00 pkt/s 0.00 MB/s
DOCA Host decrypt pipe: 0.00 pkt/s 0.00 MB/s
DOCA Host decrypt pipe: 0.00 pkt/s 0.00 MB/s
DOCA Host decrypt pipe: 0.00 pkt/s 0.00 MB/s
DOCA Host decrypt pipe: 0.00 pkt/s 0.00 MB/s
DOCA Host decrypt pipe: 0.00 pkt/s 0.00 MB/s
DOCA Host decrypt pipe: 0.00 pkt/s 0.00 MB/s
DOCA Host decrypt pipe: 0.00 pkt/s 0.00 MB/s
DOCA Host decrypt pipe: 0.00 pkt/s 0.00 MB/s
DOCA Host decrypt pipe: 0.00 pkt/s 0.00 MB/s
DOCA Host decrypt pipe: 0.00 pkt/s 0.00 MB/s
DOCA Host decrypt pipe: 0.00 pkt/s 0.00 MB/s
DOCA Host decrypt pipe: 0.00 pkt/s 0.00 MB/s
DOCA Host decrypt pipe: 0.00 pkt/s 0.00 MB/s
DOCA Host decrypt pipe: 0.00 pkt/s 0.00 MB/s
DOCA Host decrypt pipe: 0.00 pkt/s 0.00 MB/s
DOCA Host decrypt pipe: 0.00 pkt/s 0.00 MB/s
DOCA Authenticated ESP RSS pipe: 0.00 pkt/s 0.00 MB/s
DOCA Authenticated ESP RSS pipe: 0.00 pkt/s 0.00 MB/s
DOCA Authenticated ESP RSS pipe: 0.00 pkt/s 0.00 MB/s
DOCA Authenticated ESP RSS pipe: 0.00 pkt/s 0.00 MB/s
DOCA Authenticated ESP RSS pipe: 0.00 pkt/s 0.00 MB/s
DOCA Authenticated ESP RSS pipe: 0.00 pkt/s 0.00 MB/s
DOCA Authenticated ESP RSS pipe: 0.00 pkt/s 0.00 MB/s
DOCA Authenticated ESP RSS pipe: 0.00 pkt/s 0.00 MB/s
DOCA Drop pipe: 0.00 pkt/s 0.00 MB/s
DOCA Drop pipe: 0.00 pkt/s 0.00 MB/s

=== monitoring snapshot ===
Worker statistics:
  lcore=2 queue=0 rate=0.00 pkt/s 0.00 MB/s
  lcore=3 queue=1 rate=0.00 pkt/s 0.00 MB/s
  lcore=4 queue=2 rate=0.00 pkt/s 0.00 MB/s
  lcore=5 queue=3 rate=0.00 pkt/s 0.00 MB/s

Port 0 statistics:
  RX rate: 0.00 pkt/s 0.00 MB/s (missed=68041 errors=0 no_mbuf=0)
  RX queue  0: rate=0.00 pkt/s 0.00 MB/s (errors=0)
  RX queue  1: rate=0.00 pkt/s 0.00 MB/s (errors=0)
  RX queue  2: rate=0.00 pkt/s 0.00 MB/s (errors=0)
  RX queue  3: rate=0.00 pkt/s 0.00 MB/s (errors=0)

Port 1 statistics:
  RX rate: 0.00 pkt/s 0.00 MB/s (missed=66546 errors=0 no_mbuf=0)
  RX queue  0: rate=0.00 pkt/s 0.00 MB/s (errors=0)
  RX queue  1: rate=0.00 pkt/s 0.00 MB/s (errors=0)
  RX queue  2: rate=0.00 pkt/s 0.00 MB/s (errors=0)
  RX queue  3: rate=0.00 pkt/s 0.00 MB/s (errors=0)
DOCA software EGRESS host=2 packets=248061815 bytes=361178002640
DOCA software EGRESS host=3 packets=247640462 bytes=360564512672
DOCA ARP port=0 to_host=0 to_uplink=0
DOCA ARP port=1 to_host=0 to_uplink=0
DOCA Monitor output pipe: 0.00 pkt/s 0.00 MB/s
DOCA Monitor output pipe: 0.00 pkt/s 0.00 MB/s
DOCA To-Host pipe: 0.00 pkt/s 0.00 MB/s
DOCA To-Host pipe: 0.00 pkt/s 0.00 MB/s
DOCA Host decrypt pipe: 0.00 pkt/s 0.00 MB/s
DOCA Host decrypt pipe: 0.00 pkt/s 0.00 MB/s
DOCA Host decrypt pipe: 0.00 pkt/s 0.00 MB/s
DOCA Host decrypt pipe: 0.00 pkt/s 0.00 MB/s
DOCA Host decrypt pipe: 0.00 pkt/s 0.00 MB/s
DOCA Host decrypt pipe: 0.00 pkt/s 0.00 MB/s
DOCA Host decrypt pipe: 0.00 pkt/s 0.00 MB/s
DOCA Host decrypt pipe: 0.00 pkt/s 0.00 MB/s
DOCA Host decrypt pipe: 0.00 pkt/s 0.00 MB/s
DOCA Host decrypt pipe: 0.00 pkt/s 0.00 MB/s
DOCA Host decrypt pipe: 0.00 pkt/s 0.00 MB/s
DOCA Host decrypt pipe: 0.00 pkt/s 0.00 MB/s
DOCA Host decrypt pipe: 0.00 pkt/s 0.00 MB/s
DOCA Host decrypt pipe: 0.00 pkt/s 0.00 MB/s
DOCA Host decrypt pipe: 0.00 pkt/s 0.00 MB/s
DOCA Host decrypt pipe: 0.00 pkt/s 0.00 MB/s
DOCA Authenticated ESP RSS pipe: 0.00 pkt/s 0.00 MB/s
DOCA Authenticated ESP RSS pipe: 0.00 pkt/s 0.00 MB/s
DOCA Authenticated ESP RSS pipe: 0.00 pkt/s 0.00 MB/s
DOCA Authenticated ESP RSS pipe: 0.00 pkt/s 0.00 MB/s
DOCA Authenticated ESP RSS pipe: 0.00 pkt/s 0.00 MB/s
DOCA Authenticated ESP RSS pipe: 0.00 pkt/s 0.00 MB/s
DOCA Authenticated ESP RSS pipe: 0.00 pkt/s 0.00 MB/s
DOCA Authenticated ESP RSS pipe: 0.00 pkt/s 0.00 MB/s
DOCA Drop pipe: 0.00 pkt/s 0.00 MB/s
DOCA Drop pipe: 0.00 pkt/s 0.00 MB/s

=== monitoring snapshot ===
Worker statistics:
  lcore=2 queue=0 rate=0.00 pkt/s 0.00 MB/s
  lcore=3 queue=1 rate=0.00 pkt/s 0.00 MB/s
  lcore=4 queue=2 rate=0.00 pkt/s 0.00 MB/s
  lcore=5 queue=3 rate=0.00 pkt/s 0.00 MB/s

Port 0 statistics:
  RX rate: 0.00 pkt/s 0.00 MB/s (missed=68041 errors=0 no_mbuf=0)
  RX queue  0: rate=0.00 pkt/s 0.00 MB/s (errors=0)
  RX queue  1: rate=0.00 pkt/s 0.00 MB/s (errors=0)
  RX queue  2: rate=0.00 pkt/s 0.00 MB/s (errors=0)
  RX queue  3: rate=0.00 pkt/s 0.00 MB/s (errors=0)

Port 1 statistics:
  RX rate: 0.00 pkt/s 0.00 MB/s (missed=66546 errors=0 no_mbuf=0)
  RX queue  0: rate=0.00 pkt/s 0.00 MB/s (errors=0)
  RX queue  1: rate=0.00 pkt/s 0.00 MB/s (errors=0)
  RX queue  2: rate=0.00 pkt/s 0.00 MB/s (errors=0)
  RX queue  3: rate=0.00 pkt/s 0.00 MB/s (errors=0)
DOCA software EGRESS host=2 packets=248061815 bytes=361178002640
DOCA software EGRESS host=3 packets=247640462 bytes=360564512672
DOCA ARP port=0 to_host=0 to_uplink=0
DOCA ARP port=1 to_host=0 to_uplink=0
DOCA Monitor output pipe: 0.00 pkt/s 0.00 MB/s
DOCA Monitor output pipe: 0.00 pkt/s 0.00 MB/s
DOCA To-Host pipe: 0.00 pkt/s 0.00 MB/s
DOCA To-Host pipe: 0.00 pkt/s 0.00 MB/s
DOCA Host decrypt pipe: 0.00 pkt/s 0.00 MB/s
DOCA Host decrypt pipe: 0.00 pkt/s 0.00 MB/s
DOCA Host decrypt pipe: 0.00 pkt/s 0.00 MB/s
DOCA Host decrypt pipe: 0.00 pkt/s 0.00 MB/s
DOCA Host decrypt pipe: 0.00 pkt/s 0.00 MB/s
DOCA Host decrypt pipe: 0.00 pkt/s 0.00 MB/s
DOCA Host decrypt pipe: 0.00 pkt/s 0.00 MB/s
DOCA Host decrypt pipe: 0.00 pkt/s 0.00 MB/s
DOCA Host decrypt pipe: 0.00 pkt/s 0.00 MB/s
DOCA Host decrypt pipe: 0.00 pkt/s 0.00 MB/s
DOCA Host decrypt pipe: 0.00 pkt/s 0.00 MB/s
DOCA Host decrypt pipe: 0.00 pkt/s 0.00 MB/s
DOCA Host decrypt pipe: 0.00 pkt/s 0.00 MB/s
DOCA Host decrypt pipe: 0.00 pkt/s 0.00 MB/s
DOCA Host decrypt pipe: 0.00 pkt/s 0.00 MB/s
DOCA Host decrypt pipe: 0.00 pkt/s 0.00 MB/s
DOCA Authenticated ESP RSS pipe: 0.00 pkt/s 0.00 MB/s
DOCA Authenticated ESP RSS pipe: 0.00 pkt/s 0.00 MB/s
DOCA Authenticated ESP RSS pipe: 0.00 pkt/s 0.00 MB/s
DOCA Authenticated ESP RSS pipe: 0.00 pkt/s 0.00 MB/s
DOCA Authenticated ESP RSS pipe: 0.00 pkt/s 0.00 MB/s
DOCA Authenticated ESP RSS pipe: 0.00 pkt/s 0.00 MB/s
DOCA Authenticated ESP RSS pipe: 0.00 pkt/s 0.00 MB/s
DOCA Authenticated ESP RSS pipe: 0.00 pkt/s 0.00 MB/s
DOCA Drop pipe: 0.00 pkt/s 0.00 MB/s
DOCA Drop pipe: 0.00 pkt/s 0.00 MB/s

=== monitoring snapshot ===
Worker statistics:
  lcore=2 queue=0 rate=0.00 pkt/s 0.00 MB/s
  lcore=3 queue=1 rate=0.00 pkt/s 0.00 MB/s
  lcore=4 queue=2 rate=0.00 pkt/s 0.00 MB/s
  lcore=5 queue=3 rate=0.00 pkt/s 0.00 MB/s

Port 0 statistics:
  RX rate: 0.00 pkt/s 0.00 MB/s (missed=68041 errors=0 no_mbuf=0)
  RX queue  0: rate=0.00 pkt/s 0.00 MB/s (errors=0)
  RX queue  1: rate=0.00 pkt/s 0.00 MB/s (errors=0)
  RX queue  2: rate=0.00 pkt/s 0.00 MB/s (errors=0)
  RX queue  3: rate=0.00 pkt/s 0.00 MB/s (errors=0)

Port 1 statistics:
  RX rate: 0.00 pkt/s 0.00 MB/s (missed=66546 errors=0 no_mbuf=0)
  RX queue  0: rate=0.00 pkt/s 0.00 MB/s (errors=0)
  RX queue  1: rate=0.00 pkt/s 0.00 MB/s (errors=0)
  RX queue  2: rate=0.00 pkt/s 0.00 MB/s (errors=0)
  RX queue  3: rate=0.00 pkt/s 0.00 MB/s (errors=0)
DOCA software EGRESS host=2 packets=248061815 bytes=361178002640
DOCA software EGRESS host=3 packets=247640462 bytes=360564512672
DOCA ARP port=0 to_host=0 to_uplink=0
DOCA ARP port=1 to_host=0 to_uplink=0
DOCA Monitor output pipe: 0.00 pkt/s 0.00 MB/s
DOCA Monitor output pipe: 0.00 pkt/s 0.00 MB/s
DOCA To-Host pipe: 0.00 pkt/s 0.00 MB/s
DOCA To-Host pipe: 0.00 pkt/s 0.00 MB/s
DOCA Host decrypt pipe: 0.00 pkt/s 0.00 MB/s
DOCA Host decrypt pipe: 0.00 pkt/s 0.00 MB/s
DOCA Host decrypt pipe: 0.00 pkt/s 0.00 MB/s
DOCA Host decrypt pipe: 0.00 pkt/s 0.00 MB/s
DOCA Host decrypt pipe: 0.00 pkt/s 0.00 MB/s
DOCA Host decrypt pipe: 0.00 pkt/s 0.00 MB/s
DOCA Host decrypt pipe: 0.00 pkt/s 0.00 MB/s
DOCA Host decrypt pipe: 0.00 pkt/s 0.00 MB/s
DOCA Host decrypt pipe: 0.00 pkt/s 0.00 MB/s
DOCA Host decrypt pipe: 0.00 pkt/s 0.00 MB/s
DOCA Host decrypt pipe: 0.00 pkt/s 0.00 MB/s
DOCA Host decrypt pipe: 0.00 pkt/s 0.00 MB/s
DOCA Host decrypt pipe: 0.00 pkt/s 0.00 MB/s
DOCA Host decrypt pipe: 0.00 pkt/s 0.00 MB/s
DOCA Host decrypt pipe: 0.00 pkt/s 0.00 MB/s
DOCA Host decrypt pipe: 0.00 pkt/s 0.00 MB/s
DOCA Authenticated ESP RSS pipe: 0.00 pkt/s 0.00 MB/s
DOCA Authenticated ESP RSS pipe: 0.00 pkt/s 0.00 MB/s
DOCA Authenticated ESP RSS pipe: 0.00 pkt/s 0.00 MB/s
DOCA Authenticated ESP RSS pipe: 0.00 pkt/s 0.00 MB/s
DOCA Authenticated ESP RSS pipe: 0.00 pkt/s 0.00 MB/s
DOCA Authenticated ESP RSS pipe: 0.00 pkt/s 0.00 MB/s
DOCA Authenticated ESP RSS pipe: 0.00 pkt/s 0.00 MB/s
DOCA Authenticated ESP RSS pipe: 0.00 pkt/s 0.00 MB/s
DOCA Drop pipe: 0.00 pkt/s 0.00 MB/s
DOCA Drop pipe: 0.00 pkt/s 0.00 MB/s

=== monitoring snapshot ===
Worker statistics:
  lcore=2 queue=0 rate=0.00 pkt/s 0.00 MB/s
  lcore=3 queue=1 rate=0.00 pkt/s 0.00 MB/s
  lcore=4 queue=2 rate=0.00 pkt/s 0.00 MB/s
  lcore=5 queue=3 rate=0.00 pkt/s 0.00 MB/s

Port 0 statistics:
  RX rate: 0.00 pkt/s 0.00 MB/s (missed=68041 errors=0 no_mbuf=0)
  RX queue  0: rate=0.00 pkt/s 0.00 MB/s (errors=0)
  RX queue  1: rate=0.00 pkt/s 0.00 MB/s (errors=0)
  RX queue  2: rate=0.00 pkt/s 0.00 MB/s (errors=0)
  RX queue  3: rate=0.00 pkt/s 0.00 MB/s (errors=0)

Port 1 statistics:
  RX rate: 0.00 pkt/s 0.00 MB/s (missed=66546 errors=0 no_mbuf=0)
  RX queue  0: rate=0.00 pkt/s 0.00 MB/s (errors=0)
  RX queue  1: rate=0.00 pkt/s 0.00 MB/s (errors=0)
  RX queue  2: rate=0.00 pkt/s 0.00 MB/s (errors=0)
  RX queue  3: rate=0.00 pkt/s 0.00 MB/s (errors=0)
DOCA software EGRESS host=2 packets=248061815 bytes=361178002640
DOCA software EGRESS host=3 packets=247640462 bytes=360564512672
DOCA ARP port=0 to_host=0 to_uplink=0
DOCA ARP port=1 to_host=0 to_uplink=0
DOCA Monitor output pipe: 0.00 pkt/s 0.00 MB/s
DOCA Monitor output pipe: 0.00 pkt/s 0.00 MB/s
DOCA To-Host pipe: 0.00 pkt/s 0.00 MB/s
DOCA To-Host pipe: 0.00 pkt/s 0.00 MB/s
DOCA Host decrypt pipe: 0.00 pkt/s 0.00 MB/s
DOCA Host decrypt pipe: 0.00 pkt/s 0.00 MB/s
DOCA Host decrypt pipe: 0.00 pkt/s 0.00 MB/s
DOCA Host decrypt pipe: 0.00 pkt/s 0.00 MB/s
DOCA Host decrypt pipe: 0.00 pkt/s 0.00 MB/s
DOCA Host decrypt pipe: 0.00 pkt/s 0.00 MB/s
DOCA Host decrypt pipe: 0.00 pkt/s 0.00 MB/s
DOCA Host decrypt pipe: 0.00 pkt/s 0.00 MB/s
DOCA Host decrypt pipe: 0.00 pkt/s 0.00 MB/s
DOCA Host decrypt pipe: 0.00 pkt/s 0.00 MB/s
DOCA Host decrypt pipe: 0.00 pkt/s 0.00 MB/s
DOCA Host decrypt pipe: 0.00 pkt/s 0.00 MB/s
DOCA Host decrypt pipe: 0.00 pkt/s 0.00 MB/s
DOCA Host decrypt pipe: 0.00 pkt/s 0.00 MB/s
DOCA Host decrypt pipe: 0.00 pkt/s 0.00 MB/s
DOCA Host decrypt pipe: 0.00 pkt/s 0.00 MB/s
DOCA Authenticated ESP RSS pipe: 0.00 pkt/s 0.00 MB/s
DOCA Authenticated ESP RSS pipe: 0.00 pkt/s 0.00 MB/s
DOCA Authenticated ESP RSS pipe: 0.00 pkt/s 0.00 MB/s
DOCA Authenticated ESP RSS pipe: 0.00 pkt/s 0.00 MB/s
DOCA Authenticated ESP RSS pipe: 0.00 pkt/s 0.00 MB/s
DOCA Authenticated ESP RSS pipe: 0.00 pkt/s 0.00 MB/s
DOCA Authenticated ESP RSS pipe: 0.00 pkt/s 0.00 MB/s
DOCA Authenticated ESP RSS pipe: 0.00 pkt/s 0.00 MB/s
DOCA Drop pipe: 0.00 pkt/s 0.00 MB/s
DOCA Drop pipe: 0.00 pkt/s 0.00 MB/s
[19:39:13:319381][3743407904][DOCA][INF][monitoring_dpdk.cpp:181][monitoring_dpdk_worker_loop] RSS SA=0 queue=0 packets=31004951
[19:39:13:319418][3743407904][DOCA][INF][monitoring_dpdk.cpp:181][monitoring_dpdk_worker_loop] RSS SA=4 queue=0 packets=31036031
[19:39:13:319421][3743407904][DOCA][INF][monitoring_dpdk.cpp:181][monitoring_dpdk_worker_loop] RSS SA=8 queue=0 packets=31047211
[19:39:13:319423][3743407904][DOCA][INF][monitoring_dpdk.cpp:181][monitoring_dpdk_worker_loop] RSS SA=12 queue=0 packets=30964451
[19:39:13:319425][3743407904][DOCA][INF][monitoring_dpdk.cpp:182][monitoring_dpdk_worker_loop] linearized queue=0 packets=0
[19:39:13:319427][3743407904][DOCA][INF][monitoring_dpdk.cpp:183][monitoring_dpdk_worker_loop] ESP totals queue=0 accepted=124052644 malformed=0 unauthenticated=0 replay=0 tx=124052644 tx_drop=0 tx_bytes=180620649664
[19:39:13:319381][3734953760][DOCA][INF][monitoring_dpdk.cpp:181][monitoring_dpdk_worker_loop] RSS SA=1 queue=1 packets=31046102
[19:39:13:319440][3734953760][DOCA][INF][monitoring_dpdk.cpp:181][monitoring_dpdk_worker_loop] RSS SA=5 queue=1 packets=30992930
[19:39:13:319444][3734953760][DOCA][INF][monitoring_dpdk.cpp:181][monitoring_dpdk_worker_loop] RSS SA=9 queue=1 packets=30868306
[19:39:13:319381][3718045472][DOCA][INF][monitoring_dpdk.cpp:181][monitoring_dpdk_worker_loop] RSS SA=3 queue=3 packets=31040708
[19:39:13:319466][3718045472][DOCA][INF][monitoring_dpdk.cpp:181][monitoring_dpdk_worker_loop] RSS SA=7 queue=3 packets=31018684
[19:39:13:319470][3718045472][DOCA][INF][monitoring_dpdk.cpp:181][monitoring_dpdk_worker_loop] RSS SA=11 queue=3 packets=30963900
[19:39:13:319473][3718045472][DOCA][INF][monitoring_dpdk.cpp:181][monitoring_dpdk_worker_loop] RSS SA=15 queue=3 packets=30938300
[19:39:13:319476][3718045472][DOCA][INF][monitoring_dpdk.cpp:182][monitoring_dpdk_worker_loop] linearized queue=3 packets=0
[19:39:13:319479][3718045472][DOCA][INF][monitoring_dpdk.cpp:183][monitoring_dpdk_worker_loop] ESP totals queue=3 accepted=123961592 malformed=0 unauthenticated=0 replay=0 tx=123961592 tx_drop=0 tx_bytes=180488077952
[19:39:13:319449][3734953760][DOCA][INF][monitoring_dpdk.cpp:181][monitoring_dpdk_worker_loop] RSS SA=13 queue=1 packets=30880366
[19:39:13:319488][3734953760][DOCA][INF][monitoring_dpdk.cpp:182][monitoring_dpdk_worker_loop] linearized queue=1 packets=0
[19:39:13:319491][3734953760][DOCA][INF][monitoring_dpdk.cpp:183][monitoring_dpdk_worker_loop] ESP totals queue=1 accepted=123787704 malformed=0 unauthenticated=0 replay=0 tx=123787704 tx_drop=0 tx_bytes=180234897024
[19:39:13:319381][3726499616][DOCA][INF][monitoring_dpdk.cpp:181][monitoring_dpdk_worker_loop] RSS SA=2 queue=2 packets=30936536
[19:39:13:319512][3726499616][DOCA][INF][monitoring_dpdk.cpp:181][monitoring_dpdk_worker_loop] RSS SA=6 queue=2 packets=30985873
[19:39:13:319515][3726499616][DOCA][INF][monitoring_dpdk.cpp:181][monitoring_dpdk_worker_loop] RSS SA=10 queue=2 packets=30991432
[19:39:13:319518][3726499616][DOCA][INF][monitoring_dpdk.cpp:181][monitoring_dpdk_worker_loop] RSS SA=14 queue=2 packets=30986496
[19:39:13:319520][3726499616][DOCA][INF][monitoring_dpdk.cpp:182][monitoring_dpdk_worker_loop] linearized queue=2 packets=0
[19:39:13:319523][3726499616][DOCA][INF][monitoring_dpdk.cpp:183][monitoring_dpdk_worker_loop] ESP totals queue=2 accepted=123900337 malformed=0 unauthenticated=0 replay=0 tx=123900337 tx_drop=0 tx_bytes=180398890672
[19:39:13:424424][3833480544][DOCA][INF][monitoring_doca.cpp:274][~MonitoringDoca] DOCA port stopped (port=5)
[19:39:13:424724][3833480544][DOCA][INF][monitoring_doca.cpp:274][~MonitoringDoca] DOCA port stopped (port=4)
[19:39:13:424999][3833480544][DOCA][INF][monitoring_doca.cpp:274][~MonitoringDoca] DOCA port stopped (port=3)
[19:39:13:425262][3833480544][DOCA][INF][monitoring_doca.cpp:274][~MonitoringDoca] DOCA port stopped (port=2)
[19:39:14:015703][3833480544][DOCA][INF][monitoring_doca.cpp:274][~MonitoringDoca] DOCA port stopped (port=1)
[19:39:14:575914][3833480544][DOCA][INF][monitoring_doca.cpp:274][~MonitoringDoca] DOCA port stopped (port=0)
[19:39:14:576349][3833480544][DOCA][INF][monitoring_doca.cpp:278][~MonitoringDoca] DOCA flow destroyed
[19:39:14:576382][3833480544][DOCA][INF][monitoring_dpdk.cpp:270][~MonitoringDpdk] DPDK shutdown
